Copyright 1986-2020 Xilinx, Inc. All Rights Reserved.
--------------------------------------------------------------------------------------------------------------------------------------------------------------------------------------------------------------
| Tool Version : Vivado v.2020.1 (win64) Build 2902540 Wed May 27 19:54:49 MDT 2020
| Date         : Tue Oct 14 15:02:13 2025
| Host         : BenjaUni running 64-bit major release  (build 9200)
| Command      : report_methodology -file Electric_hook_bd_wrapper_methodology_drc_routed.rpt -pb Electric_hook_bd_wrapper_methodology_drc_routed.pb -rpx Electric_hook_bd_wrapper_methodology_drc_routed.rpx
| Design       : Electric_hook_bd_wrapper
| Device       : xc7z010clg400-1
| Speed File   : -1
| Design State : Fully Routed
--------------------------------------------------------------------------------------------------------------------------------------------------------------------------------------------------------------

Report Methodology

Table of Contents
-----------------
1. REPORT SUMMARY
2. REPORT DETAILS

1. REPORT SUMMARY
-----------------
            Netlist: netlist
          Floorplan: design_1
      Design limits: <entire design considered>
             Max violations: <unlimited>
             Violations found: 1111
+-----------+------------------+-------------------------------------------------+------------+
| Rule      | Severity         | Description                                     | Violations |
+-----------+------------------+-------------------------------------------------+------------+
| TIMING-17 | Critical Warning | Non-clocked sequential cell                     | 863        |
| TIMING-27 | Critical Warning | Invalid primary clock on hierarchical pin       | 1          |
| LUTAR-1   | Warning          | LUT drives async reset alert                    | 4          |
| PDRC-190  | Warning          | Suboptimally placed synchronized register chain | 12         |
| TIMING-46 | Warning          | Multicycle path with tied CE pins               | 230        |
| ULMTCS-1  | Warning          | Control Sets use limits recommend reduction     | 1          |
+-----------+------------------+-------------------------------------------------+------------+

2. REPORT DETAILS
-----------------
TIMING-17#1 Critical Warning
Non-clocked sequential cell  
The clock pin Electric_hook_bd_i/catch_fish_0/U0/FSM_onehot_estado_reg[0]/C is not reached by a timing clock
Related violations: <none>

TIMING-17#2 Critical Warning
Non-clocked sequential cell  
The clock pin Electric_hook_bd_i/catch_fish_0/U0/FSM_onehot_estado_reg[1]/C is not reached by a timing clock
Related violations: <none>

TIMING-17#3 Critical Warning
Non-clocked sequential cell  
The clock pin Electric_hook_bd_i/catch_fish_0/U0/FSM_onehot_estado_reg[2]/C is not reached by a timing clock
Related violations: <none>

TIMING-17#4 Critical Warning
Non-clocked sequential cell  
The clock pin Electric_hook_bd_i/catch_fish_0/U0/FSM_onehot_estado_reg[3]/C is not reached by a timing clock
Related violations: <none>

TIMING-17#5 Critical Warning
Non-clocked sequential cell  
The clock pin Electric_hook_bd_i/catch_fish_0/U0/FSM_onehot_estado_reg[5]/C is not reached by a timing clock
Related violations: <none>

TIMING-17#6 Critical Warning
Non-clocked sequential cell  
The clock pin Electric_hook_bd_i/catch_fish_0/U0/catched_reg/C is not reached by a timing clock
Related violations: <none>

TIMING-17#7 Critical Warning
Non-clocked sequential cell  
The clock pin Electric_hook_bd_i/catch_fish_0/U0/led_reg[0]/C is not reached by a timing clock
Related violations: <none>

TIMING-17#8 Critical Warning
Non-clocked sequential cell  
The clock pin Electric_hook_bd_i/catch_fish_0/U0/led_reg[1]/C is not reached by a timing clock
Related violations: <none>

TIMING-17#9 Critical Warning
Non-clocked sequential cell  
The clock pin Electric_hook_bd_i/catch_fish_0/U0/led_reg[2]/C is not reached by a timing clock
Related violations: <none>

TIMING-17#10 Critical Warning
Non-clocked sequential cell  
The clock pin Electric_hook_bd_i/catch_fish_0/U0/led_reg[3]/C is not reached by a timing clock
Related violations: <none>

TIMING-17#11 Critical Warning
Non-clocked sequential cell  
The clock pin Electric_hook_bd_i/main_0/U0/FSM_onehot_state_reg[0]/C is not reached by a timing clock
Related violations: <none>

TIMING-17#12 Critical Warning
Non-clocked sequential cell  
The clock pin Electric_hook_bd_i/main_0/U0/FSM_onehot_state_reg[1]/C is not reached by a timing clock
Related violations: <none>

TIMING-17#13 Critical Warning
Non-clocked sequential cell  
The clock pin Electric_hook_bd_i/main_0/U0/FSM_onehot_state_reg[2]/C is not reached by a timing clock
Related violations: <none>

TIMING-17#14 Critical Warning
Non-clocked sequential cell  
The clock pin Electric_hook_bd_i/main_0/U0/clk_divider/contador_reg[0]/C is not reached by a timing clock
Related violations: <none>

TIMING-17#15 Critical Warning
Non-clocked sequential cell  
The clock pin Electric_hook_bd_i/main_0/U0/clk_divider/contador_reg[10]/C is not reached by a timing clock
Related violations: <none>

TIMING-17#16 Critical Warning
Non-clocked sequential cell  
The clock pin Electric_hook_bd_i/main_0/U0/clk_divider/contador_reg[11]/C is not reached by a timing clock
Related violations: <none>

TIMING-17#17 Critical Warning
Non-clocked sequential cell  
The clock pin Electric_hook_bd_i/main_0/U0/clk_divider/contador_reg[12]/C is not reached by a timing clock
Related violations: <none>

TIMING-17#18 Critical Warning
Non-clocked sequential cell  
The clock pin Electric_hook_bd_i/main_0/U0/clk_divider/contador_reg[13]/C is not reached by a timing clock
Related violations: <none>

TIMING-17#19 Critical Warning
Non-clocked sequential cell  
The clock pin Electric_hook_bd_i/main_0/U0/clk_divider/contador_reg[14]/C is not reached by a timing clock
Related violations: <none>

TIMING-17#20 Critical Warning
Non-clocked sequential cell  
The clock pin Electric_hook_bd_i/main_0/U0/clk_divider/contador_reg[15]/C is not reached by a timing clock
Related violations: <none>

TIMING-17#21 Critical Warning
Non-clocked sequential cell  
The clock pin Electric_hook_bd_i/main_0/U0/clk_divider/contador_reg[16]/C is not reached by a timing clock
Related violations: <none>

TIMING-17#22 Critical Warning
Non-clocked sequential cell  
The clock pin Electric_hook_bd_i/main_0/U0/clk_divider/contador_reg[17]/C is not reached by a timing clock
Related violations: <none>

TIMING-17#23 Critical Warning
Non-clocked sequential cell  
The clock pin Electric_hook_bd_i/main_0/U0/clk_divider/contador_reg[18]/C is not reached by a timing clock
Related violations: <none>

TIMING-17#24 Critical Warning
Non-clocked sequential cell  
The clock pin Electric_hook_bd_i/main_0/U0/clk_divider/contador_reg[19]/C is not reached by a timing clock
Related violations: <none>

TIMING-17#25 Critical Warning
Non-clocked sequential cell  
The clock pin Electric_hook_bd_i/main_0/U0/clk_divider/contador_reg[1]/C is not reached by a timing clock
Related violations: <none>

TIMING-17#26 Critical Warning
Non-clocked sequential cell  
The clock pin Electric_hook_bd_i/main_0/U0/clk_divider/contador_reg[20]/C is not reached by a timing clock
Related violations: <none>

TIMING-17#27 Critical Warning
Non-clocked sequential cell  
The clock pin Electric_hook_bd_i/main_0/U0/clk_divider/contador_reg[21]/C is not reached by a timing clock
Related violations: <none>

TIMING-17#28 Critical Warning
Non-clocked sequential cell  
The clock pin Electric_hook_bd_i/main_0/U0/clk_divider/contador_reg[22]/C is not reached by a timing clock
Related violations: <none>

TIMING-17#29 Critical Warning
Non-clocked sequential cell  
The clock pin Electric_hook_bd_i/main_0/U0/clk_divider/contador_reg[23]/C is not reached by a timing clock
Related violations: <none>

TIMING-17#30 Critical Warning
Non-clocked sequential cell  
The clock pin Electric_hook_bd_i/main_0/U0/clk_divider/contador_reg[24]/C is not reached by a timing clock
Related violations: <none>

TIMING-17#31 Critical Warning
Non-clocked sequential cell  
The clock pin Electric_hook_bd_i/main_0/U0/clk_divider/contador_reg[25]/C is not reached by a timing clock
Related violations: <none>

TIMING-17#32 Critical Warning
Non-clocked sequential cell  
The clock pin Electric_hook_bd_i/main_0/U0/clk_divider/contador_reg[26]/C is not reached by a timing clock
Related violations: <none>

TIMING-17#33 Critical Warning
Non-clocked sequential cell  
The clock pin Electric_hook_bd_i/main_0/U0/clk_divider/contador_reg[27]/C is not reached by a timing clock
Related violations: <none>

TIMING-17#34 Critical Warning
Non-clocked sequential cell  
The clock pin Electric_hook_bd_i/main_0/U0/clk_divider/contador_reg[28]/C is not reached by a timing clock
Related violations: <none>

TIMING-17#35 Critical Warning
Non-clocked sequential cell  
The clock pin Electric_hook_bd_i/main_0/U0/clk_divider/contador_reg[29]/C is not reached by a timing clock
Related violations: <none>

TIMING-17#36 Critical Warning
Non-clocked sequential cell  
The clock pin Electric_hook_bd_i/main_0/U0/clk_divider/contador_reg[2]/C is not reached by a timing clock
Related violations: <none>

TIMING-17#37 Critical Warning
Non-clocked sequential cell  
The clock pin Electric_hook_bd_i/main_0/U0/clk_divider/contador_reg[30]/C is not reached by a timing clock
Related violations: <none>

TIMING-17#38 Critical Warning
Non-clocked sequential cell  
The clock pin Electric_hook_bd_i/main_0/U0/clk_divider/contador_reg[31]/C is not reached by a timing clock
Related violations: <none>

TIMING-17#39 Critical Warning
Non-clocked sequential cell  
The clock pin Electric_hook_bd_i/main_0/U0/clk_divider/contador_reg[3]/C is not reached by a timing clock
Related violations: <none>

TIMING-17#40 Critical Warning
Non-clocked sequential cell  
The clock pin Electric_hook_bd_i/main_0/U0/clk_divider/contador_reg[4]/C is not reached by a timing clock
Related violations: <none>

TIMING-17#41 Critical Warning
Non-clocked sequential cell  
The clock pin Electric_hook_bd_i/main_0/U0/clk_divider/contador_reg[5]/C is not reached by a timing clock
Related violations: <none>

TIMING-17#42 Critical Warning
Non-clocked sequential cell  
The clock pin Electric_hook_bd_i/main_0/U0/clk_divider/contador_reg[6]/C is not reached by a timing clock
Related violations: <none>

TIMING-17#43 Critical Warning
Non-clocked sequential cell  
The clock pin Electric_hook_bd_i/main_0/U0/clk_divider/contador_reg[7]/C is not reached by a timing clock
Related violations: <none>

TIMING-17#44 Critical Warning
Non-clocked sequential cell  
The clock pin Electric_hook_bd_i/main_0/U0/clk_divider/contador_reg[8]/C is not reached by a timing clock
Related violations: <none>

TIMING-17#45 Critical Warning
Non-clocked sequential cell  
The clock pin Electric_hook_bd_i/main_0/U0/clk_divider/contador_reg[9]/C is not reached by a timing clock
Related violations: <none>

TIMING-17#46 Critical Warning
Non-clocked sequential cell  
The clock pin Electric_hook_bd_i/main_0/U0/clk_divider/out_clk_reg/C is not reached by a timing clock
Related violations: <none>

TIMING-17#47 Critical Warning
Non-clocked sequential cell  
The clock pin Electric_hook_bd_i/main_0/U0/debounce0/btn_valido_reg/C is not reached by a timing clock
Related violations: <none>

TIMING-17#48 Critical Warning
Non-clocked sequential cell  
The clock pin Electric_hook_bd_i/main_0/U0/debounce0/pulsos_reg[1]/C is not reached by a timing clock
Related violations: <none>

TIMING-17#49 Critical Warning
Non-clocked sequential cell  
The clock pin Electric_hook_bd_i/main_0/U0/debounce0/pulsos_reg[2]/C is not reached by a timing clock
Related violations: <none>

TIMING-17#50 Critical Warning
Non-clocked sequential cell  
The clock pin Electric_hook_bd_i/main_0/U0/debounce0/pulsos_reg[3]/C is not reached by a timing clock
Related violations: <none>

TIMING-17#51 Critical Warning
Non-clocked sequential cell  
The clock pin Electric_hook_bd_i/main_0/U0/debounce0/pulsos_reg[4]/C is not reached by a timing clock
Related violations: <none>

TIMING-17#52 Critical Warning
Non-clocked sequential cell  
The clock pin Electric_hook_bd_i/main_0/U0/debounce0/pulsos_reg[5]/C is not reached by a timing clock
Related violations: <none>

TIMING-17#53 Critical Warning
Non-clocked sequential cell  
The clock pin Electric_hook_bd_i/main_0/U0/debounce0/pulsos_reg[6]/C is not reached by a timing clock
Related violations: <none>

TIMING-17#54 Critical Warning
Non-clocked sequential cell  
The clock pin Electric_hook_bd_i/main_0/U0/debounce0/pulsos_reg[7]/C is not reached by a timing clock
Related violations: <none>

TIMING-17#55 Critical Warning
Non-clocked sequential cell  
The clock pin Electric_hook_bd_i/main_0/U0/debounce0/pulsos_reg[8]/C is not reached by a timing clock
Related violations: <none>

TIMING-17#56 Critical Warning
Non-clocked sequential cell  
The clock pin Electric_hook_bd_i/main_0/U0/debounce0/pulsos_reg[9]/C is not reached by a timing clock
Related violations: <none>

TIMING-17#57 Critical Warning
Non-clocked sequential cell  
The clock pin Electric_hook_bd_i/main_0/U0/debounce0/state_reg/C is not reached by a timing clock
Related violations: <none>

TIMING-17#58 Critical Warning
Non-clocked sequential cell  
The clock pin Electric_hook_bd_i/main_0/U0/debounce1/btn_valido_reg/C is not reached by a timing clock
Related violations: <none>

TIMING-17#59 Critical Warning
Non-clocked sequential cell  
The clock pin Electric_hook_bd_i/main_0/U0/debounce1/pulsos_reg[1]/C is not reached by a timing clock
Related violations: <none>

TIMING-17#60 Critical Warning
Non-clocked sequential cell  
The clock pin Electric_hook_bd_i/main_0/U0/debounce1/pulsos_reg[2]/C is not reached by a timing clock
Related violations: <none>

TIMING-17#61 Critical Warning
Non-clocked sequential cell  
The clock pin Electric_hook_bd_i/main_0/U0/debounce1/pulsos_reg[3]/C is not reached by a timing clock
Related violations: <none>

TIMING-17#62 Critical Warning
Non-clocked sequential cell  
The clock pin Electric_hook_bd_i/main_0/U0/debounce1/pulsos_reg[4]/C is not reached by a timing clock
Related violations: <none>

TIMING-17#63 Critical Warning
Non-clocked sequential cell  
The clock pin Electric_hook_bd_i/main_0/U0/debounce1/pulsos_reg[5]/C is not reached by a timing clock
Related violations: <none>

TIMING-17#64 Critical Warning
Non-clocked sequential cell  
The clock pin Electric_hook_bd_i/main_0/U0/debounce1/pulsos_reg[6]/C is not reached by a timing clock
Related violations: <none>

TIMING-17#65 Critical Warning
Non-clocked sequential cell  
The clock pin Electric_hook_bd_i/main_0/U0/debounce1/pulsos_reg[7]/C is not reached by a timing clock
Related violations: <none>

TIMING-17#66 Critical Warning
Non-clocked sequential cell  
The clock pin Electric_hook_bd_i/main_0/U0/debounce1/pulsos_reg[8]/C is not reached by a timing clock
Related violations: <none>

TIMING-17#67 Critical Warning
Non-clocked sequential cell  
The clock pin Electric_hook_bd_i/main_0/U0/debounce1/pulsos_reg[9]/C is not reached by a timing clock
Related violations: <none>

TIMING-17#68 Critical Warning
Non-clocked sequential cell  
The clock pin Electric_hook_bd_i/main_0/U0/debounce1/state_reg/C is not reached by a timing clock
Related violations: <none>

TIMING-17#69 Critical Warning
Non-clocked sequential cell  
The clock pin Electric_hook_bd_i/main_0/U0/debounce2/btn_valido_reg/C is not reached by a timing clock
Related violations: <none>

TIMING-17#70 Critical Warning
Non-clocked sequential cell  
The clock pin Electric_hook_bd_i/main_0/U0/debounce2/pulsos_reg[1]/C is not reached by a timing clock
Related violations: <none>

TIMING-17#71 Critical Warning
Non-clocked sequential cell  
The clock pin Electric_hook_bd_i/main_0/U0/debounce2/pulsos_reg[2]/C is not reached by a timing clock
Related violations: <none>

TIMING-17#72 Critical Warning
Non-clocked sequential cell  
The clock pin Electric_hook_bd_i/main_0/U0/debounce2/pulsos_reg[3]/C is not reached by a timing clock
Related violations: <none>

TIMING-17#73 Critical Warning
Non-clocked sequential cell  
The clock pin Electric_hook_bd_i/main_0/U0/debounce2/pulsos_reg[4]/C is not reached by a timing clock
Related violations: <none>

TIMING-17#74 Critical Warning
Non-clocked sequential cell  
The clock pin Electric_hook_bd_i/main_0/U0/debounce2/pulsos_reg[5]/C is not reached by a timing clock
Related violations: <none>

TIMING-17#75 Critical Warning
Non-clocked sequential cell  
The clock pin Electric_hook_bd_i/main_0/U0/debounce2/pulsos_reg[6]/C is not reached by a timing clock
Related violations: <none>

TIMING-17#76 Critical Warning
Non-clocked sequential cell  
The clock pin Electric_hook_bd_i/main_0/U0/debounce2/pulsos_reg[7]/C is not reached by a timing clock
Related violations: <none>

TIMING-17#77 Critical Warning
Non-clocked sequential cell  
The clock pin Electric_hook_bd_i/main_0/U0/debounce2/pulsos_reg[8]/C is not reached by a timing clock
Related violations: <none>

TIMING-17#78 Critical Warning
Non-clocked sequential cell  
The clock pin Electric_hook_bd_i/main_0/U0/debounce2/pulsos_reg[9]/C is not reached by a timing clock
Related violations: <none>

TIMING-17#79 Critical Warning
Non-clocked sequential cell  
The clock pin Electric_hook_bd_i/main_0/U0/debounce2/state_reg/C is not reached by a timing clock
Related violations: <none>

TIMING-17#80 Critical Warning
Non-clocked sequential cell  
The clock pin Electric_hook_bd_i/main_0/U0/debounce3/btn_valido_reg/C is not reached by a timing clock
Related violations: <none>

TIMING-17#81 Critical Warning
Non-clocked sequential cell  
The clock pin Electric_hook_bd_i/main_0/U0/debounce3/pulsos_reg[1]/C is not reached by a timing clock
Related violations: <none>

TIMING-17#82 Critical Warning
Non-clocked sequential cell  
The clock pin Electric_hook_bd_i/main_0/U0/debounce3/pulsos_reg[2]/C is not reached by a timing clock
Related violations: <none>

TIMING-17#83 Critical Warning
Non-clocked sequential cell  
The clock pin Electric_hook_bd_i/main_0/U0/debounce3/pulsos_reg[3]/C is not reached by a timing clock
Related violations: <none>

TIMING-17#84 Critical Warning
Non-clocked sequential cell  
The clock pin Electric_hook_bd_i/main_0/U0/debounce3/pulsos_reg[4]/C is not reached by a timing clock
Related violations: <none>

TIMING-17#85 Critical Warning
Non-clocked sequential cell  
The clock pin Electric_hook_bd_i/main_0/U0/debounce3/pulsos_reg[5]/C is not reached by a timing clock
Related violations: <none>

TIMING-17#86 Critical Warning
Non-clocked sequential cell  
The clock pin Electric_hook_bd_i/main_0/U0/debounce3/pulsos_reg[6]/C is not reached by a timing clock
Related violations: <none>

TIMING-17#87 Critical Warning
Non-clocked sequential cell  
The clock pin Electric_hook_bd_i/main_0/U0/debounce3/pulsos_reg[7]/C is not reached by a timing clock
Related violations: <none>

TIMING-17#88 Critical Warning
Non-clocked sequential cell  
The clock pin Electric_hook_bd_i/main_0/U0/debounce3/pulsos_reg[8]/C is not reached by a timing clock
Related violations: <none>

TIMING-17#89 Critical Warning
Non-clocked sequential cell  
The clock pin Electric_hook_bd_i/main_0/U0/debounce3/pulsos_reg[9]/C is not reached by a timing clock
Related violations: <none>

TIMING-17#90 Critical Warning
Non-clocked sequential cell  
The clock pin Electric_hook_bd_i/main_0/U0/debounce3/state_reg/C is not reached by a timing clock
Related violations: <none>

TIMING-17#91 Critical Warning
Non-clocked sequential cell  
The clock pin Electric_hook_bd_i/main_0/U0/enable_catch_fish_sig_reg/C is not reached by a timing clock
Related violations: <none>

TIMING-17#92 Critical Warning
Non-clocked sequential cell  
The clock pin Electric_hook_bd_i/main_0/U0/enable_pull_fish_sig_reg/C is not reached by a timing clock
Related violations: <none>

TIMING-17#93 Critical Warning
Non-clocked sequential cell  
The clock pin Electric_hook_bd_i/main_0/U0/rgb_control/contador_g_reg[0]/C is not reached by a timing clock
Related violations: <none>

TIMING-17#94 Critical Warning
Non-clocked sequential cell  
The clock pin Electric_hook_bd_i/main_0/U0/rgb_control/contador_g_reg[10]/C is not reached by a timing clock
Related violations: <none>

TIMING-17#95 Critical Warning
Non-clocked sequential cell  
The clock pin Electric_hook_bd_i/main_0/U0/rgb_control/contador_g_reg[11]/C is not reached by a timing clock
Related violations: <none>

TIMING-17#96 Critical Warning
Non-clocked sequential cell  
The clock pin Electric_hook_bd_i/main_0/U0/rgb_control/contador_g_reg[12]/C is not reached by a timing clock
Related violations: <none>

TIMING-17#97 Critical Warning
Non-clocked sequential cell  
The clock pin Electric_hook_bd_i/main_0/U0/rgb_control/contador_g_reg[13]/C is not reached by a timing clock
Related violations: <none>

TIMING-17#98 Critical Warning
Non-clocked sequential cell  
The clock pin Electric_hook_bd_i/main_0/U0/rgb_control/contador_g_reg[14]/C is not reached by a timing clock
Related violations: <none>

TIMING-17#99 Critical Warning
Non-clocked sequential cell  
The clock pin Electric_hook_bd_i/main_0/U0/rgb_control/contador_g_reg[15]/C is not reached by a timing clock
Related violations: <none>

TIMING-17#100 Critical Warning
Non-clocked sequential cell  
The clock pin Electric_hook_bd_i/main_0/U0/rgb_control/contador_g_reg[16]/C is not reached by a timing clock
Related violations: <none>

TIMING-17#101 Critical Warning
Non-clocked sequential cell  
The clock pin Electric_hook_bd_i/main_0/U0/rgb_control/contador_g_reg[17]/C is not reached by a timing clock
Related violations: <none>

TIMING-17#102 Critical Warning
Non-clocked sequential cell  
The clock pin Electric_hook_bd_i/main_0/U0/rgb_control/contador_g_reg[18]/C is not reached by a timing clock
Related violations: <none>

TIMING-17#103 Critical Warning
Non-clocked sequential cell  
The clock pin Electric_hook_bd_i/main_0/U0/rgb_control/contador_g_reg[19]/C is not reached by a timing clock
Related violations: <none>

TIMING-17#104 Critical Warning
Non-clocked sequential cell  
The clock pin Electric_hook_bd_i/main_0/U0/rgb_control/contador_g_reg[1]/C is not reached by a timing clock
Related violations: <none>

TIMING-17#105 Critical Warning
Non-clocked sequential cell  
The clock pin Electric_hook_bd_i/main_0/U0/rgb_control/contador_g_reg[20]/C is not reached by a timing clock
Related violations: <none>

TIMING-17#106 Critical Warning
Non-clocked sequential cell  
The clock pin Electric_hook_bd_i/main_0/U0/rgb_control/contador_g_reg[21]/C is not reached by a timing clock
Related violations: <none>

TIMING-17#107 Critical Warning
Non-clocked sequential cell  
The clock pin Electric_hook_bd_i/main_0/U0/rgb_control/contador_g_reg[22]/C is not reached by a timing clock
Related violations: <none>

TIMING-17#108 Critical Warning
Non-clocked sequential cell  
The clock pin Electric_hook_bd_i/main_0/U0/rgb_control/contador_g_reg[23]/C is not reached by a timing clock
Related violations: <none>

TIMING-17#109 Critical Warning
Non-clocked sequential cell  
The clock pin Electric_hook_bd_i/main_0/U0/rgb_control/contador_g_reg[24]/C is not reached by a timing clock
Related violations: <none>

TIMING-17#110 Critical Warning
Non-clocked sequential cell  
The clock pin Electric_hook_bd_i/main_0/U0/rgb_control/contador_g_reg[25]/C is not reached by a timing clock
Related violations: <none>

TIMING-17#111 Critical Warning
Non-clocked sequential cell  
The clock pin Electric_hook_bd_i/main_0/U0/rgb_control/contador_g_reg[26]/C is not reached by a timing clock
Related violations: <none>

TIMING-17#112 Critical Warning
Non-clocked sequential cell  
The clock pin Electric_hook_bd_i/main_0/U0/rgb_control/contador_g_reg[27]/C is not reached by a timing clock
Related violations: <none>

TIMING-17#113 Critical Warning
Non-clocked sequential cell  
The clock pin Electric_hook_bd_i/main_0/U0/rgb_control/contador_g_reg[28]/C is not reached by a timing clock
Related violations: <none>

TIMING-17#114 Critical Warning
Non-clocked sequential cell  
The clock pin Electric_hook_bd_i/main_0/U0/rgb_control/contador_g_reg[29]/C is not reached by a timing clock
Related violations: <none>

TIMING-17#115 Critical Warning
Non-clocked sequential cell  
The clock pin Electric_hook_bd_i/main_0/U0/rgb_control/contador_g_reg[2]/C is not reached by a timing clock
Related violations: <none>

TIMING-17#116 Critical Warning
Non-clocked sequential cell  
The clock pin Electric_hook_bd_i/main_0/U0/rgb_control/contador_g_reg[30]/C is not reached by a timing clock
Related violations: <none>

TIMING-17#117 Critical Warning
Non-clocked sequential cell  
The clock pin Electric_hook_bd_i/main_0/U0/rgb_control/contador_g_reg[31]/C is not reached by a timing clock
Related violations: <none>

TIMING-17#118 Critical Warning
Non-clocked sequential cell  
The clock pin Electric_hook_bd_i/main_0/U0/rgb_control/contador_g_reg[3]/C is not reached by a timing clock
Related violations: <none>

TIMING-17#119 Critical Warning
Non-clocked sequential cell  
The clock pin Electric_hook_bd_i/main_0/U0/rgb_control/contador_g_reg[4]/C is not reached by a timing clock
Related violations: <none>

TIMING-17#120 Critical Warning
Non-clocked sequential cell  
The clock pin Electric_hook_bd_i/main_0/U0/rgb_control/contador_g_reg[5]/C is not reached by a timing clock
Related violations: <none>

TIMING-17#121 Critical Warning
Non-clocked sequential cell  
The clock pin Electric_hook_bd_i/main_0/U0/rgb_control/contador_g_reg[6]/C is not reached by a timing clock
Related violations: <none>

TIMING-17#122 Critical Warning
Non-clocked sequential cell  
The clock pin Electric_hook_bd_i/main_0/U0/rgb_control/contador_g_reg[7]/C is not reached by a timing clock
Related violations: <none>

TIMING-17#123 Critical Warning
Non-clocked sequential cell  
The clock pin Electric_hook_bd_i/main_0/U0/rgb_control/contador_g_reg[8]/C is not reached by a timing clock
Related violations: <none>

TIMING-17#124 Critical Warning
Non-clocked sequential cell  
The clock pin Electric_hook_bd_i/main_0/U0/rgb_control/contador_g_reg[9]/C is not reached by a timing clock
Related violations: <none>

TIMING-17#125 Critical Warning
Non-clocked sequential cell  
The clock pin Electric_hook_bd_i/main_0/U0/rgb_control/contador_r_reg[0]/C is not reached by a timing clock
Related violations: <none>

TIMING-17#126 Critical Warning
Non-clocked sequential cell  
The clock pin Electric_hook_bd_i/main_0/U0/rgb_control/contador_r_reg[10]/C is not reached by a timing clock
Related violations: <none>

TIMING-17#127 Critical Warning
Non-clocked sequential cell  
The clock pin Electric_hook_bd_i/main_0/U0/rgb_control/contador_r_reg[11]/C is not reached by a timing clock
Related violations: <none>

TIMING-17#128 Critical Warning
Non-clocked sequential cell  
The clock pin Electric_hook_bd_i/main_0/U0/rgb_control/contador_r_reg[12]/C is not reached by a timing clock
Related violations: <none>

TIMING-17#129 Critical Warning
Non-clocked sequential cell  
The clock pin Electric_hook_bd_i/main_0/U0/rgb_control/contador_r_reg[13]/C is not reached by a timing clock
Related violations: <none>

TIMING-17#130 Critical Warning
Non-clocked sequential cell  
The clock pin Electric_hook_bd_i/main_0/U0/rgb_control/contador_r_reg[14]/C is not reached by a timing clock
Related violations: <none>

TIMING-17#131 Critical Warning
Non-clocked sequential cell  
The clock pin Electric_hook_bd_i/main_0/U0/rgb_control/contador_r_reg[15]/C is not reached by a timing clock
Related violations: <none>

TIMING-17#132 Critical Warning
Non-clocked sequential cell  
The clock pin Electric_hook_bd_i/main_0/U0/rgb_control/contador_r_reg[16]/C is not reached by a timing clock
Related violations: <none>

TIMING-17#133 Critical Warning
Non-clocked sequential cell  
The clock pin Electric_hook_bd_i/main_0/U0/rgb_control/contador_r_reg[17]/C is not reached by a timing clock
Related violations: <none>

TIMING-17#134 Critical Warning
Non-clocked sequential cell  
The clock pin Electric_hook_bd_i/main_0/U0/rgb_control/contador_r_reg[18]/C is not reached by a timing clock
Related violations: <none>

TIMING-17#135 Critical Warning
Non-clocked sequential cell  
The clock pin Electric_hook_bd_i/main_0/U0/rgb_control/contador_r_reg[19]/C is not reached by a timing clock
Related violations: <none>

TIMING-17#136 Critical Warning
Non-clocked sequential cell  
The clock pin Electric_hook_bd_i/main_0/U0/rgb_control/contador_r_reg[1]/C is not reached by a timing clock
Related violations: <none>

TIMING-17#137 Critical Warning
Non-clocked sequential cell  
The clock pin Electric_hook_bd_i/main_0/U0/rgb_control/contador_r_reg[20]/C is not reached by a timing clock
Related violations: <none>

TIMING-17#138 Critical Warning
Non-clocked sequential cell  
The clock pin Electric_hook_bd_i/main_0/U0/rgb_control/contador_r_reg[21]/C is not reached by a timing clock
Related violations: <none>

TIMING-17#139 Critical Warning
Non-clocked sequential cell  
The clock pin Electric_hook_bd_i/main_0/U0/rgb_control/contador_r_reg[22]/C is not reached by a timing clock
Related violations: <none>

TIMING-17#140 Critical Warning
Non-clocked sequential cell  
The clock pin Electric_hook_bd_i/main_0/U0/rgb_control/contador_r_reg[23]/C is not reached by a timing clock
Related violations: <none>

TIMING-17#141 Critical Warning
Non-clocked sequential cell  
The clock pin Electric_hook_bd_i/main_0/U0/rgb_control/contador_r_reg[24]/C is not reached by a timing clock
Related violations: <none>

TIMING-17#142 Critical Warning
Non-clocked sequential cell  
The clock pin Electric_hook_bd_i/main_0/U0/rgb_control/contador_r_reg[25]/C is not reached by a timing clock
Related violations: <none>

TIMING-17#143 Critical Warning
Non-clocked sequential cell  
The clock pin Electric_hook_bd_i/main_0/U0/rgb_control/contador_r_reg[26]/C is not reached by a timing clock
Related violations: <none>

TIMING-17#144 Critical Warning
Non-clocked sequential cell  
The clock pin Electric_hook_bd_i/main_0/U0/rgb_control/contador_r_reg[27]/C is not reached by a timing clock
Related violations: <none>

TIMING-17#145 Critical Warning
Non-clocked sequential cell  
The clock pin Electric_hook_bd_i/main_0/U0/rgb_control/contador_r_reg[28]/C is not reached by a timing clock
Related violations: <none>

TIMING-17#146 Critical Warning
Non-clocked sequential cell  
The clock pin Electric_hook_bd_i/main_0/U0/rgb_control/contador_r_reg[29]/C is not reached by a timing clock
Related violations: <none>

TIMING-17#147 Critical Warning
Non-clocked sequential cell  
The clock pin Electric_hook_bd_i/main_0/U0/rgb_control/contador_r_reg[2]/C is not reached by a timing clock
Related violations: <none>

TIMING-17#148 Critical Warning
Non-clocked sequential cell  
The clock pin Electric_hook_bd_i/main_0/U0/rgb_control/contador_r_reg[30]/C is not reached by a timing clock
Related violations: <none>

TIMING-17#149 Critical Warning
Non-clocked sequential cell  
The clock pin Electric_hook_bd_i/main_0/U0/rgb_control/contador_r_reg[31]/C is not reached by a timing clock
Related violations: <none>

TIMING-17#150 Critical Warning
Non-clocked sequential cell  
The clock pin Electric_hook_bd_i/main_0/U0/rgb_control/contador_r_reg[3]/C is not reached by a timing clock
Related violations: <none>

TIMING-17#151 Critical Warning
Non-clocked sequential cell  
The clock pin Electric_hook_bd_i/main_0/U0/rgb_control/contador_r_reg[4]/C is not reached by a timing clock
Related violations: <none>

TIMING-17#152 Critical Warning
Non-clocked sequential cell  
The clock pin Electric_hook_bd_i/main_0/U0/rgb_control/contador_r_reg[5]/C is not reached by a timing clock
Related violations: <none>

TIMING-17#153 Critical Warning
Non-clocked sequential cell  
The clock pin Electric_hook_bd_i/main_0/U0/rgb_control/contador_r_reg[6]/C is not reached by a timing clock
Related violations: <none>

TIMING-17#154 Critical Warning
Non-clocked sequential cell  
The clock pin Electric_hook_bd_i/main_0/U0/rgb_control/contador_r_reg[7]/C is not reached by a timing clock
Related violations: <none>

TIMING-17#155 Critical Warning
Non-clocked sequential cell  
The clock pin Electric_hook_bd_i/main_0/U0/rgb_control/contador_r_reg[8]/C is not reached by a timing clock
Related violations: <none>

TIMING-17#156 Critical Warning
Non-clocked sequential cell  
The clock pin Electric_hook_bd_i/main_0/U0/rgb_control/contador_r_reg[9]/C is not reached by a timing clock
Related violations: <none>

TIMING-17#157 Critical Warning
Non-clocked sequential cell  
The clock pin Electric_hook_bd_i/pull_fish_0/U0/FSM_sequential_seq_state_reg[0]/C is not reached by a timing clock
Related violations: <none>

TIMING-17#158 Critical Warning
Non-clocked sequential cell  
The clock pin Electric_hook_bd_i/pull_fish_0/U0/FSM_sequential_seq_state_reg[1]/C is not reached by a timing clock
Related violations: <none>

TIMING-17#159 Critical Warning
Non-clocked sequential cell  
The clock pin Electric_hook_bd_i/pull_fish_0/U0/FSM_sequential_seq_state_reg[2]/C is not reached by a timing clock
Related violations: <none>

TIMING-17#160 Critical Warning
Non-clocked sequential cell  
The clock pin Electric_hook_bd_i/pull_fish_0/U0/Random_number_gen/lfsr_state_reg[0]/C is not reached by a timing clock
Related violations: <none>

TIMING-17#161 Critical Warning
Non-clocked sequential cell  
The clock pin Electric_hook_bd_i/pull_fish_0/U0/Random_number_gen/lfsr_state_reg[1]/C is not reached by a timing clock
Related violations: <none>

TIMING-17#162 Critical Warning
Non-clocked sequential cell  
The clock pin Electric_hook_bd_i/pull_fish_0/U0/Random_number_gen/lfsr_state_reg[2]/C is not reached by a timing clock
Related violations: <none>

TIMING-17#163 Critical Warning
Non-clocked sequential cell  
The clock pin Electric_hook_bd_i/pull_fish_0/U0/Random_number_gen/lfsr_state_reg[3]/C is not reached by a timing clock
Related violations: <none>

TIMING-17#164 Critical Warning
Non-clocked sequential cell  
The clock pin Electric_hook_bd_i/pull_fish_0/U0/active_rand_reg/C is not reached by a timing clock
Related violations: <none>

TIMING-17#165 Critical Warning
Non-clocked sequential cell  
The clock pin Electric_hook_bd_i/pull_fish_0/U0/contador_boton_reg[0]/C is not reached by a timing clock
Related violations: <none>

TIMING-17#166 Critical Warning
Non-clocked sequential cell  
The clock pin Electric_hook_bd_i/pull_fish_0/U0/contador_boton_reg[10]/C is not reached by a timing clock
Related violations: <none>

TIMING-17#167 Critical Warning
Non-clocked sequential cell  
The clock pin Electric_hook_bd_i/pull_fish_0/U0/contador_boton_reg[11]/C is not reached by a timing clock
Related violations: <none>

TIMING-17#168 Critical Warning
Non-clocked sequential cell  
The clock pin Electric_hook_bd_i/pull_fish_0/U0/contador_boton_reg[12]/C is not reached by a timing clock
Related violations: <none>

TIMING-17#169 Critical Warning
Non-clocked sequential cell  
The clock pin Electric_hook_bd_i/pull_fish_0/U0/contador_boton_reg[13]/C is not reached by a timing clock
Related violations: <none>

TIMING-17#170 Critical Warning
Non-clocked sequential cell  
The clock pin Electric_hook_bd_i/pull_fish_0/U0/contador_boton_reg[14]/C is not reached by a timing clock
Related violations: <none>

TIMING-17#171 Critical Warning
Non-clocked sequential cell  
The clock pin Electric_hook_bd_i/pull_fish_0/U0/contador_boton_reg[15]/C is not reached by a timing clock
Related violations: <none>

TIMING-17#172 Critical Warning
Non-clocked sequential cell  
The clock pin Electric_hook_bd_i/pull_fish_0/U0/contador_boton_reg[16]/C is not reached by a timing clock
Related violations: <none>

TIMING-17#173 Critical Warning
Non-clocked sequential cell  
The clock pin Electric_hook_bd_i/pull_fish_0/U0/contador_boton_reg[17]/C is not reached by a timing clock
Related violations: <none>

TIMING-17#174 Critical Warning
Non-clocked sequential cell  
The clock pin Electric_hook_bd_i/pull_fish_0/U0/contador_boton_reg[18]/C is not reached by a timing clock
Related violations: <none>

TIMING-17#175 Critical Warning
Non-clocked sequential cell  
The clock pin Electric_hook_bd_i/pull_fish_0/U0/contador_boton_reg[19]/C is not reached by a timing clock
Related violations: <none>

TIMING-17#176 Critical Warning
Non-clocked sequential cell  
The clock pin Electric_hook_bd_i/pull_fish_0/U0/contador_boton_reg[1]/C is not reached by a timing clock
Related violations: <none>

TIMING-17#177 Critical Warning
Non-clocked sequential cell  
The clock pin Electric_hook_bd_i/pull_fish_0/U0/contador_boton_reg[20]/C is not reached by a timing clock
Related violations: <none>

TIMING-17#178 Critical Warning
Non-clocked sequential cell  
The clock pin Electric_hook_bd_i/pull_fish_0/U0/contador_boton_reg[21]/C is not reached by a timing clock
Related violations: <none>

TIMING-17#179 Critical Warning
Non-clocked sequential cell  
The clock pin Electric_hook_bd_i/pull_fish_0/U0/contador_boton_reg[22]/C is not reached by a timing clock
Related violations: <none>

TIMING-17#180 Critical Warning
Non-clocked sequential cell  
The clock pin Electric_hook_bd_i/pull_fish_0/U0/contador_boton_reg[23]/C is not reached by a timing clock
Related violations: <none>

TIMING-17#181 Critical Warning
Non-clocked sequential cell  
The clock pin Electric_hook_bd_i/pull_fish_0/U0/contador_boton_reg[24]/C is not reached by a timing clock
Related violations: <none>

TIMING-17#182 Critical Warning
Non-clocked sequential cell  
The clock pin Electric_hook_bd_i/pull_fish_0/U0/contador_boton_reg[25]/C is not reached by a timing clock
Related violations: <none>

TIMING-17#183 Critical Warning
Non-clocked sequential cell  
The clock pin Electric_hook_bd_i/pull_fish_0/U0/contador_boton_reg[26]/C is not reached by a timing clock
Related violations: <none>

TIMING-17#184 Critical Warning
Non-clocked sequential cell  
The clock pin Electric_hook_bd_i/pull_fish_0/U0/contador_boton_reg[27]/C is not reached by a timing clock
Related violations: <none>

TIMING-17#185 Critical Warning
Non-clocked sequential cell  
The clock pin Electric_hook_bd_i/pull_fish_0/U0/contador_boton_reg[28]/C is not reached by a timing clock
Related violations: <none>

TIMING-17#186 Critical Warning
Non-clocked sequential cell  
The clock pin Electric_hook_bd_i/pull_fish_0/U0/contador_boton_reg[29]/C is not reached by a timing clock
Related violations: <none>

TIMING-17#187 Critical Warning
Non-clocked sequential cell  
The clock pin Electric_hook_bd_i/pull_fish_0/U0/contador_boton_reg[2]/C is not reached by a timing clock
Related violations: <none>

TIMING-17#188 Critical Warning
Non-clocked sequential cell  
The clock pin Electric_hook_bd_i/pull_fish_0/U0/contador_boton_reg[30]/C is not reached by a timing clock
Related violations: <none>

TIMING-17#189 Critical Warning
Non-clocked sequential cell  
The clock pin Electric_hook_bd_i/pull_fish_0/U0/contador_boton_reg[31]/C is not reached by a timing clock
Related violations: <none>

TIMING-17#190 Critical Warning
Non-clocked sequential cell  
The clock pin Electric_hook_bd_i/pull_fish_0/U0/contador_boton_reg[3]/C is not reached by a timing clock
Related violations: <none>

TIMING-17#191 Critical Warning
Non-clocked sequential cell  
The clock pin Electric_hook_bd_i/pull_fish_0/U0/contador_boton_reg[4]/C is not reached by a timing clock
Related violations: <none>

TIMING-17#192 Critical Warning
Non-clocked sequential cell  
The clock pin Electric_hook_bd_i/pull_fish_0/U0/contador_boton_reg[5]/C is not reached by a timing clock
Related violations: <none>

TIMING-17#193 Critical Warning
Non-clocked sequential cell  
The clock pin Electric_hook_bd_i/pull_fish_0/U0/contador_boton_reg[6]/C is not reached by a timing clock
Related violations: <none>

TIMING-17#194 Critical Warning
Non-clocked sequential cell  
The clock pin Electric_hook_bd_i/pull_fish_0/U0/contador_boton_reg[7]/C is not reached by a timing clock
Related violations: <none>

TIMING-17#195 Critical Warning
Non-clocked sequential cell  
The clock pin Electric_hook_bd_i/pull_fish_0/U0/contador_boton_reg[8]/C is not reached by a timing clock
Related violations: <none>

TIMING-17#196 Critical Warning
Non-clocked sequential cell  
The clock pin Electric_hook_bd_i/pull_fish_0/U0/contador_boton_reg[9]/C is not reached by a timing clock
Related violations: <none>

TIMING-17#197 Critical Warning
Non-clocked sequential cell  
The clock pin Electric_hook_bd_i/pull_fish_0/U0/contador_clk_reg[0]/C is not reached by a timing clock
Related violations: <none>

TIMING-17#198 Critical Warning
Non-clocked sequential cell  
The clock pin Electric_hook_bd_i/pull_fish_0/U0/contador_clk_reg[10]/C is not reached by a timing clock
Related violations: <none>

TIMING-17#199 Critical Warning
Non-clocked sequential cell  
The clock pin Electric_hook_bd_i/pull_fish_0/U0/contador_clk_reg[11]/C is not reached by a timing clock
Related violations: <none>

TIMING-17#200 Critical Warning
Non-clocked sequential cell  
The clock pin Electric_hook_bd_i/pull_fish_0/U0/contador_clk_reg[12]/C is not reached by a timing clock
Related violations: <none>

TIMING-17#201 Critical Warning
Non-clocked sequential cell  
The clock pin Electric_hook_bd_i/pull_fish_0/U0/contador_clk_reg[13]/C is not reached by a timing clock
Related violations: <none>

TIMING-17#202 Critical Warning
Non-clocked sequential cell  
The clock pin Electric_hook_bd_i/pull_fish_0/U0/contador_clk_reg[14]/C is not reached by a timing clock
Related violations: <none>

TIMING-17#203 Critical Warning
Non-clocked sequential cell  
The clock pin Electric_hook_bd_i/pull_fish_0/U0/contador_clk_reg[15]/C is not reached by a timing clock
Related violations: <none>

TIMING-17#204 Critical Warning
Non-clocked sequential cell  
The clock pin Electric_hook_bd_i/pull_fish_0/U0/contador_clk_reg[16]/C is not reached by a timing clock
Related violations: <none>

TIMING-17#205 Critical Warning
Non-clocked sequential cell  
The clock pin Electric_hook_bd_i/pull_fish_0/U0/contador_clk_reg[17]/C is not reached by a timing clock
Related violations: <none>

TIMING-17#206 Critical Warning
Non-clocked sequential cell  
The clock pin Electric_hook_bd_i/pull_fish_0/U0/contador_clk_reg[18]/C is not reached by a timing clock
Related violations: <none>

TIMING-17#207 Critical Warning
Non-clocked sequential cell  
The clock pin Electric_hook_bd_i/pull_fish_0/U0/contador_clk_reg[19]/C is not reached by a timing clock
Related violations: <none>

TIMING-17#208 Critical Warning
Non-clocked sequential cell  
The clock pin Electric_hook_bd_i/pull_fish_0/U0/contador_clk_reg[1]/C is not reached by a timing clock
Related violations: <none>

TIMING-17#209 Critical Warning
Non-clocked sequential cell  
The clock pin Electric_hook_bd_i/pull_fish_0/U0/contador_clk_reg[20]/C is not reached by a timing clock
Related violations: <none>

TIMING-17#210 Critical Warning
Non-clocked sequential cell  
The clock pin Electric_hook_bd_i/pull_fish_0/U0/contador_clk_reg[21]/C is not reached by a timing clock
Related violations: <none>

TIMING-17#211 Critical Warning
Non-clocked sequential cell  
The clock pin Electric_hook_bd_i/pull_fish_0/U0/contador_clk_reg[22]/C is not reached by a timing clock
Related violations: <none>

TIMING-17#212 Critical Warning
Non-clocked sequential cell  
The clock pin Electric_hook_bd_i/pull_fish_0/U0/contador_clk_reg[23]/C is not reached by a timing clock
Related violations: <none>

TIMING-17#213 Critical Warning
Non-clocked sequential cell  
The clock pin Electric_hook_bd_i/pull_fish_0/U0/contador_clk_reg[24]/C is not reached by a timing clock
Related violations: <none>

TIMING-17#214 Critical Warning
Non-clocked sequential cell  
The clock pin Electric_hook_bd_i/pull_fish_0/U0/contador_clk_reg[25]/C is not reached by a timing clock
Related violations: <none>

TIMING-17#215 Critical Warning
Non-clocked sequential cell  
The clock pin Electric_hook_bd_i/pull_fish_0/U0/contador_clk_reg[26]/C is not reached by a timing clock
Related violations: <none>

TIMING-17#216 Critical Warning
Non-clocked sequential cell  
The clock pin Electric_hook_bd_i/pull_fish_0/U0/contador_clk_reg[27]/C is not reached by a timing clock
Related violations: <none>

TIMING-17#217 Critical Warning
Non-clocked sequential cell  
The clock pin Electric_hook_bd_i/pull_fish_0/U0/contador_clk_reg[28]/C is not reached by a timing clock
Related violations: <none>

TIMING-17#218 Critical Warning
Non-clocked sequential cell  
The clock pin Electric_hook_bd_i/pull_fish_0/U0/contador_clk_reg[29]/C is not reached by a timing clock
Related violations: <none>

TIMING-17#219 Critical Warning
Non-clocked sequential cell  
The clock pin Electric_hook_bd_i/pull_fish_0/U0/contador_clk_reg[2]/C is not reached by a timing clock
Related violations: <none>

TIMING-17#220 Critical Warning
Non-clocked sequential cell  
The clock pin Electric_hook_bd_i/pull_fish_0/U0/contador_clk_reg[30]/C is not reached by a timing clock
Related violations: <none>

TIMING-17#221 Critical Warning
Non-clocked sequential cell  
The clock pin Electric_hook_bd_i/pull_fish_0/U0/contador_clk_reg[31]/C is not reached by a timing clock
Related violations: <none>

TIMING-17#222 Critical Warning
Non-clocked sequential cell  
The clock pin Electric_hook_bd_i/pull_fish_0/U0/contador_clk_reg[3]/C is not reached by a timing clock
Related violations: <none>

TIMING-17#223 Critical Warning
Non-clocked sequential cell  
The clock pin Electric_hook_bd_i/pull_fish_0/U0/contador_clk_reg[4]/C is not reached by a timing clock
Related violations: <none>

TIMING-17#224 Critical Warning
Non-clocked sequential cell  
The clock pin Electric_hook_bd_i/pull_fish_0/U0/contador_clk_reg[5]/C is not reached by a timing clock
Related violations: <none>

TIMING-17#225 Critical Warning
Non-clocked sequential cell  
The clock pin Electric_hook_bd_i/pull_fish_0/U0/contador_clk_reg[6]/C is not reached by a timing clock
Related violations: <none>

TIMING-17#226 Critical Warning
Non-clocked sequential cell  
The clock pin Electric_hook_bd_i/pull_fish_0/U0/contador_clk_reg[7]/C is not reached by a timing clock
Related violations: <none>

TIMING-17#227 Critical Warning
Non-clocked sequential cell  
The clock pin Electric_hook_bd_i/pull_fish_0/U0/contador_clk_reg[8]/C is not reached by a timing clock
Related violations: <none>

TIMING-17#228 Critical Warning
Non-clocked sequential cell  
The clock pin Electric_hook_bd_i/pull_fish_0/U0/contador_clk_reg[9]/C is not reached by a timing clock
Related violations: <none>

TIMING-17#229 Critical Warning
Non-clocked sequential cell  
The clock pin Electric_hook_bd_i/pull_fish_0/U0/contador_dificultad_reg[0]/C is not reached by a timing clock
Related violations: <none>

TIMING-17#230 Critical Warning
Non-clocked sequential cell  
The clock pin Electric_hook_bd_i/pull_fish_0/U0/contador_dificultad_reg[10]/C is not reached by a timing clock
Related violations: <none>

TIMING-17#231 Critical Warning
Non-clocked sequential cell  
The clock pin Electric_hook_bd_i/pull_fish_0/U0/contador_dificultad_reg[11]/C is not reached by a timing clock
Related violations: <none>

TIMING-17#232 Critical Warning
Non-clocked sequential cell  
The clock pin Electric_hook_bd_i/pull_fish_0/U0/contador_dificultad_reg[12]/C is not reached by a timing clock
Related violations: <none>

TIMING-17#233 Critical Warning
Non-clocked sequential cell  
The clock pin Electric_hook_bd_i/pull_fish_0/U0/contador_dificultad_reg[13]/C is not reached by a timing clock
Related violations: <none>

TIMING-17#234 Critical Warning
Non-clocked sequential cell  
The clock pin Electric_hook_bd_i/pull_fish_0/U0/contador_dificultad_reg[14]/C is not reached by a timing clock
Related violations: <none>

TIMING-17#235 Critical Warning
Non-clocked sequential cell  
The clock pin Electric_hook_bd_i/pull_fish_0/U0/contador_dificultad_reg[15]/C is not reached by a timing clock
Related violations: <none>

TIMING-17#236 Critical Warning
Non-clocked sequential cell  
The clock pin Electric_hook_bd_i/pull_fish_0/U0/contador_dificultad_reg[16]/C is not reached by a timing clock
Related violations: <none>

TIMING-17#237 Critical Warning
Non-clocked sequential cell  
The clock pin Electric_hook_bd_i/pull_fish_0/U0/contador_dificultad_reg[17]/C is not reached by a timing clock
Related violations: <none>

TIMING-17#238 Critical Warning
Non-clocked sequential cell  
The clock pin Electric_hook_bd_i/pull_fish_0/U0/contador_dificultad_reg[18]/C is not reached by a timing clock
Related violations: <none>

TIMING-17#239 Critical Warning
Non-clocked sequential cell  
The clock pin Electric_hook_bd_i/pull_fish_0/U0/contador_dificultad_reg[19]/C is not reached by a timing clock
Related violations: <none>

TIMING-17#240 Critical Warning
Non-clocked sequential cell  
The clock pin Electric_hook_bd_i/pull_fish_0/U0/contador_dificultad_reg[1]/C is not reached by a timing clock
Related violations: <none>

TIMING-17#241 Critical Warning
Non-clocked sequential cell  
The clock pin Electric_hook_bd_i/pull_fish_0/U0/contador_dificultad_reg[20]/C is not reached by a timing clock
Related violations: <none>

TIMING-17#242 Critical Warning
Non-clocked sequential cell  
The clock pin Electric_hook_bd_i/pull_fish_0/U0/contador_dificultad_reg[21]/C is not reached by a timing clock
Related violations: <none>

TIMING-17#243 Critical Warning
Non-clocked sequential cell  
The clock pin Electric_hook_bd_i/pull_fish_0/U0/contador_dificultad_reg[22]/C is not reached by a timing clock
Related violations: <none>

TIMING-17#244 Critical Warning
Non-clocked sequential cell  
The clock pin Electric_hook_bd_i/pull_fish_0/U0/contador_dificultad_reg[23]/C is not reached by a timing clock
Related violations: <none>

TIMING-17#245 Critical Warning
Non-clocked sequential cell  
The clock pin Electric_hook_bd_i/pull_fish_0/U0/contador_dificultad_reg[24]/C is not reached by a timing clock
Related violations: <none>

TIMING-17#246 Critical Warning
Non-clocked sequential cell  
The clock pin Electric_hook_bd_i/pull_fish_0/U0/contador_dificultad_reg[25]/C is not reached by a timing clock
Related violations: <none>

TIMING-17#247 Critical Warning
Non-clocked sequential cell  
The clock pin Electric_hook_bd_i/pull_fish_0/U0/contador_dificultad_reg[26]/C is not reached by a timing clock
Related violations: <none>

TIMING-17#248 Critical Warning
Non-clocked sequential cell  
The clock pin Electric_hook_bd_i/pull_fish_0/U0/contador_dificultad_reg[27]/C is not reached by a timing clock
Related violations: <none>

TIMING-17#249 Critical Warning
Non-clocked sequential cell  
The clock pin Electric_hook_bd_i/pull_fish_0/U0/contador_dificultad_reg[28]/C is not reached by a timing clock
Related violations: <none>

TIMING-17#250 Critical Warning
Non-clocked sequential cell  
The clock pin Electric_hook_bd_i/pull_fish_0/U0/contador_dificultad_reg[29]/C is not reached by a timing clock
Related violations: <none>

TIMING-17#251 Critical Warning
Non-clocked sequential cell  
The clock pin Electric_hook_bd_i/pull_fish_0/U0/contador_dificultad_reg[2]/C is not reached by a timing clock
Related violations: <none>

TIMING-17#252 Critical Warning
Non-clocked sequential cell  
The clock pin Electric_hook_bd_i/pull_fish_0/U0/contador_dificultad_reg[30]/C is not reached by a timing clock
Related violations: <none>

TIMING-17#253 Critical Warning
Non-clocked sequential cell  
The clock pin Electric_hook_bd_i/pull_fish_0/U0/contador_dificultad_reg[31]/C is not reached by a timing clock
Related violations: <none>

TIMING-17#254 Critical Warning
Non-clocked sequential cell  
The clock pin Electric_hook_bd_i/pull_fish_0/U0/contador_dificultad_reg[3]/C is not reached by a timing clock
Related violations: <none>

TIMING-17#255 Critical Warning
Non-clocked sequential cell  
The clock pin Electric_hook_bd_i/pull_fish_0/U0/contador_dificultad_reg[4]/C is not reached by a timing clock
Related violations: <none>

TIMING-17#256 Critical Warning
Non-clocked sequential cell  
The clock pin Electric_hook_bd_i/pull_fish_0/U0/contador_dificultad_reg[5]/C is not reached by a timing clock
Related violations: <none>

TIMING-17#257 Critical Warning
Non-clocked sequential cell  
The clock pin Electric_hook_bd_i/pull_fish_0/U0/contador_dificultad_reg[6]/C is not reached by a timing clock
Related violations: <none>

TIMING-17#258 Critical Warning
Non-clocked sequential cell  
The clock pin Electric_hook_bd_i/pull_fish_0/U0/contador_dificultad_reg[7]/C is not reached by a timing clock
Related violations: <none>

TIMING-17#259 Critical Warning
Non-clocked sequential cell  
The clock pin Electric_hook_bd_i/pull_fish_0/U0/contador_dificultad_reg[8]/C is not reached by a timing clock
Related violations: <none>

TIMING-17#260 Critical Warning
Non-clocked sequential cell  
The clock pin Electric_hook_bd_i/pull_fish_0/U0/contador_dificultad_reg[9]/C is not reached by a timing clock
Related violations: <none>

TIMING-17#261 Critical Warning
Non-clocked sequential cell  
The clock pin Electric_hook_bd_i/pull_fish_0/U0/contador_parpadeo_reg[0]/C is not reached by a timing clock
Related violations: <none>

TIMING-17#262 Critical Warning
Non-clocked sequential cell  
The clock pin Electric_hook_bd_i/pull_fish_0/U0/contador_parpadeo_reg[10]/C is not reached by a timing clock
Related violations: <none>

TIMING-17#263 Critical Warning
Non-clocked sequential cell  
The clock pin Electric_hook_bd_i/pull_fish_0/U0/contador_parpadeo_reg[11]/C is not reached by a timing clock
Related violations: <none>

TIMING-17#264 Critical Warning
Non-clocked sequential cell  
The clock pin Electric_hook_bd_i/pull_fish_0/U0/contador_parpadeo_reg[12]/C is not reached by a timing clock
Related violations: <none>

TIMING-17#265 Critical Warning
Non-clocked sequential cell  
The clock pin Electric_hook_bd_i/pull_fish_0/U0/contador_parpadeo_reg[13]/C is not reached by a timing clock
Related violations: <none>

TIMING-17#266 Critical Warning
Non-clocked sequential cell  
The clock pin Electric_hook_bd_i/pull_fish_0/U0/contador_parpadeo_reg[14]/C is not reached by a timing clock
Related violations: <none>

TIMING-17#267 Critical Warning
Non-clocked sequential cell  
The clock pin Electric_hook_bd_i/pull_fish_0/U0/contador_parpadeo_reg[15]/C is not reached by a timing clock
Related violations: <none>

TIMING-17#268 Critical Warning
Non-clocked sequential cell  
The clock pin Electric_hook_bd_i/pull_fish_0/U0/contador_parpadeo_reg[16]/C is not reached by a timing clock
Related violations: <none>

TIMING-17#269 Critical Warning
Non-clocked sequential cell  
The clock pin Electric_hook_bd_i/pull_fish_0/U0/contador_parpadeo_reg[17]/C is not reached by a timing clock
Related violations: <none>

TIMING-17#270 Critical Warning
Non-clocked sequential cell  
The clock pin Electric_hook_bd_i/pull_fish_0/U0/contador_parpadeo_reg[18]/C is not reached by a timing clock
Related violations: <none>

TIMING-17#271 Critical Warning
Non-clocked sequential cell  
The clock pin Electric_hook_bd_i/pull_fish_0/U0/contador_parpadeo_reg[19]/C is not reached by a timing clock
Related violations: <none>

TIMING-17#272 Critical Warning
Non-clocked sequential cell  
The clock pin Electric_hook_bd_i/pull_fish_0/U0/contador_parpadeo_reg[1]/C is not reached by a timing clock
Related violations: <none>

TIMING-17#273 Critical Warning
Non-clocked sequential cell  
The clock pin Electric_hook_bd_i/pull_fish_0/U0/contador_parpadeo_reg[20]/C is not reached by a timing clock
Related violations: <none>

TIMING-17#274 Critical Warning
Non-clocked sequential cell  
The clock pin Electric_hook_bd_i/pull_fish_0/U0/contador_parpadeo_reg[21]/C is not reached by a timing clock
Related violations: <none>

TIMING-17#275 Critical Warning
Non-clocked sequential cell  
The clock pin Electric_hook_bd_i/pull_fish_0/U0/contador_parpadeo_reg[22]/C is not reached by a timing clock
Related violations: <none>

TIMING-17#276 Critical Warning
Non-clocked sequential cell  
The clock pin Electric_hook_bd_i/pull_fish_0/U0/contador_parpadeo_reg[23]/C is not reached by a timing clock
Related violations: <none>

TIMING-17#277 Critical Warning
Non-clocked sequential cell  
The clock pin Electric_hook_bd_i/pull_fish_0/U0/contador_parpadeo_reg[24]/C is not reached by a timing clock
Related violations: <none>

TIMING-17#278 Critical Warning
Non-clocked sequential cell  
The clock pin Electric_hook_bd_i/pull_fish_0/U0/contador_parpadeo_reg[25]/C is not reached by a timing clock
Related violations: <none>

TIMING-17#279 Critical Warning
Non-clocked sequential cell  
The clock pin Electric_hook_bd_i/pull_fish_0/U0/contador_parpadeo_reg[26]/C is not reached by a timing clock
Related violations: <none>

TIMING-17#280 Critical Warning
Non-clocked sequential cell  
The clock pin Electric_hook_bd_i/pull_fish_0/U0/contador_parpadeo_reg[27]/C is not reached by a timing clock
Related violations: <none>

TIMING-17#281 Critical Warning
Non-clocked sequential cell  
The clock pin Electric_hook_bd_i/pull_fish_0/U0/contador_parpadeo_reg[28]/C is not reached by a timing clock
Related violations: <none>

TIMING-17#282 Critical Warning
Non-clocked sequential cell  
The clock pin Electric_hook_bd_i/pull_fish_0/U0/contador_parpadeo_reg[29]/C is not reached by a timing clock
Related violations: <none>

TIMING-17#283 Critical Warning
Non-clocked sequential cell  
The clock pin Electric_hook_bd_i/pull_fish_0/U0/contador_parpadeo_reg[2]/C is not reached by a timing clock
Related violations: <none>

TIMING-17#284 Critical Warning
Non-clocked sequential cell  
The clock pin Electric_hook_bd_i/pull_fish_0/U0/contador_parpadeo_reg[30]/C is not reached by a timing clock
Related violations: <none>

TIMING-17#285 Critical Warning
Non-clocked sequential cell  
The clock pin Electric_hook_bd_i/pull_fish_0/U0/contador_parpadeo_reg[31]/C is not reached by a timing clock
Related violations: <none>

TIMING-17#286 Critical Warning
Non-clocked sequential cell  
The clock pin Electric_hook_bd_i/pull_fish_0/U0/contador_parpadeo_reg[3]/C is not reached by a timing clock
Related violations: <none>

TIMING-17#287 Critical Warning
Non-clocked sequential cell  
The clock pin Electric_hook_bd_i/pull_fish_0/U0/contador_parpadeo_reg[4]/C is not reached by a timing clock
Related violations: <none>

TIMING-17#288 Critical Warning
Non-clocked sequential cell  
The clock pin Electric_hook_bd_i/pull_fish_0/U0/contador_parpadeo_reg[5]/C is not reached by a timing clock
Related violations: <none>

TIMING-17#289 Critical Warning
Non-clocked sequential cell  
The clock pin Electric_hook_bd_i/pull_fish_0/U0/contador_parpadeo_reg[6]/C is not reached by a timing clock
Related violations: <none>

TIMING-17#290 Critical Warning
Non-clocked sequential cell  
The clock pin Electric_hook_bd_i/pull_fish_0/U0/contador_parpadeo_reg[7]/C is not reached by a timing clock
Related violations: <none>

TIMING-17#291 Critical Warning
Non-clocked sequential cell  
The clock pin Electric_hook_bd_i/pull_fish_0/U0/contador_parpadeo_reg[8]/C is not reached by a timing clock
Related violations: <none>

TIMING-17#292 Critical Warning
Non-clocked sequential cell  
The clock pin Electric_hook_bd_i/pull_fish_0/U0/contador_parpadeo_reg[9]/C is not reached by a timing clock
Related violations: <none>

TIMING-17#293 Critical Warning
Non-clocked sequential cell  
The clock pin Electric_hook_bd_i/pull_fish_0/U0/contador_segundos_reg[0]/C is not reached by a timing clock
Related violations: <none>

TIMING-17#294 Critical Warning
Non-clocked sequential cell  
The clock pin Electric_hook_bd_i/pull_fish_0/U0/contador_segundos_reg[10]/C is not reached by a timing clock
Related violations: <none>

TIMING-17#295 Critical Warning
Non-clocked sequential cell  
The clock pin Electric_hook_bd_i/pull_fish_0/U0/contador_segundos_reg[11]/C is not reached by a timing clock
Related violations: <none>

TIMING-17#296 Critical Warning
Non-clocked sequential cell  
The clock pin Electric_hook_bd_i/pull_fish_0/U0/contador_segundos_reg[12]/C is not reached by a timing clock
Related violations: <none>

TIMING-17#297 Critical Warning
Non-clocked sequential cell  
The clock pin Electric_hook_bd_i/pull_fish_0/U0/contador_segundos_reg[13]/C is not reached by a timing clock
Related violations: <none>

TIMING-17#298 Critical Warning
Non-clocked sequential cell  
The clock pin Electric_hook_bd_i/pull_fish_0/U0/contador_segundos_reg[14]/C is not reached by a timing clock
Related violations: <none>

TIMING-17#299 Critical Warning
Non-clocked sequential cell  
The clock pin Electric_hook_bd_i/pull_fish_0/U0/contador_segundos_reg[15]/C is not reached by a timing clock
Related violations: <none>

TIMING-17#300 Critical Warning
Non-clocked sequential cell  
The clock pin Electric_hook_bd_i/pull_fish_0/U0/contador_segundos_reg[16]/C is not reached by a timing clock
Related violations: <none>

TIMING-17#301 Critical Warning
Non-clocked sequential cell  
The clock pin Electric_hook_bd_i/pull_fish_0/U0/contador_segundos_reg[17]/C is not reached by a timing clock
Related violations: <none>

TIMING-17#302 Critical Warning
Non-clocked sequential cell  
The clock pin Electric_hook_bd_i/pull_fish_0/U0/contador_segundos_reg[18]/C is not reached by a timing clock
Related violations: <none>

TIMING-17#303 Critical Warning
Non-clocked sequential cell  
The clock pin Electric_hook_bd_i/pull_fish_0/U0/contador_segundos_reg[19]/C is not reached by a timing clock
Related violations: <none>

TIMING-17#304 Critical Warning
Non-clocked sequential cell  
The clock pin Electric_hook_bd_i/pull_fish_0/U0/contador_segundos_reg[1]/C is not reached by a timing clock
Related violations: <none>

TIMING-17#305 Critical Warning
Non-clocked sequential cell  
The clock pin Electric_hook_bd_i/pull_fish_0/U0/contador_segundos_reg[20]/C is not reached by a timing clock
Related violations: <none>

TIMING-17#306 Critical Warning
Non-clocked sequential cell  
The clock pin Electric_hook_bd_i/pull_fish_0/U0/contador_segundos_reg[21]/C is not reached by a timing clock
Related violations: <none>

TIMING-17#307 Critical Warning
Non-clocked sequential cell  
The clock pin Electric_hook_bd_i/pull_fish_0/U0/contador_segundos_reg[22]/C is not reached by a timing clock
Related violations: <none>

TIMING-17#308 Critical Warning
Non-clocked sequential cell  
The clock pin Electric_hook_bd_i/pull_fish_0/U0/contador_segundos_reg[23]/C is not reached by a timing clock
Related violations: <none>

TIMING-17#309 Critical Warning
Non-clocked sequential cell  
The clock pin Electric_hook_bd_i/pull_fish_0/U0/contador_segundos_reg[24]/C is not reached by a timing clock
Related violations: <none>

TIMING-17#310 Critical Warning
Non-clocked sequential cell  
The clock pin Electric_hook_bd_i/pull_fish_0/U0/contador_segundos_reg[25]/C is not reached by a timing clock
Related violations: <none>

TIMING-17#311 Critical Warning
Non-clocked sequential cell  
The clock pin Electric_hook_bd_i/pull_fish_0/U0/contador_segundos_reg[26]/C is not reached by a timing clock
Related violations: <none>

TIMING-17#312 Critical Warning
Non-clocked sequential cell  
The clock pin Electric_hook_bd_i/pull_fish_0/U0/contador_segundos_reg[27]/C is not reached by a timing clock
Related violations: <none>

TIMING-17#313 Critical Warning
Non-clocked sequential cell  
The clock pin Electric_hook_bd_i/pull_fish_0/U0/contador_segundos_reg[28]/C is not reached by a timing clock
Related violations: <none>

TIMING-17#314 Critical Warning
Non-clocked sequential cell  
The clock pin Electric_hook_bd_i/pull_fish_0/U0/contador_segundos_reg[29]/C is not reached by a timing clock
Related violations: <none>

TIMING-17#315 Critical Warning
Non-clocked sequential cell  
The clock pin Electric_hook_bd_i/pull_fish_0/U0/contador_segundos_reg[2]/C is not reached by a timing clock
Related violations: <none>

TIMING-17#316 Critical Warning
Non-clocked sequential cell  
The clock pin Electric_hook_bd_i/pull_fish_0/U0/contador_segundos_reg[30]/C is not reached by a timing clock
Related violations: <none>

TIMING-17#317 Critical Warning
Non-clocked sequential cell  
The clock pin Electric_hook_bd_i/pull_fish_0/U0/contador_segundos_reg[31]/C is not reached by a timing clock
Related violations: <none>

TIMING-17#318 Critical Warning
Non-clocked sequential cell  
The clock pin Electric_hook_bd_i/pull_fish_0/U0/contador_segundos_reg[3]/C is not reached by a timing clock
Related violations: <none>

TIMING-17#319 Critical Warning
Non-clocked sequential cell  
The clock pin Electric_hook_bd_i/pull_fish_0/U0/contador_segundos_reg[4]/C is not reached by a timing clock
Related violations: <none>

TIMING-17#320 Critical Warning
Non-clocked sequential cell  
The clock pin Electric_hook_bd_i/pull_fish_0/U0/contador_segundos_reg[5]/C is not reached by a timing clock
Related violations: <none>

TIMING-17#321 Critical Warning
Non-clocked sequential cell  
The clock pin Electric_hook_bd_i/pull_fish_0/U0/contador_segundos_reg[6]/C is not reached by a timing clock
Related violations: <none>

TIMING-17#322 Critical Warning
Non-clocked sequential cell  
The clock pin Electric_hook_bd_i/pull_fish_0/U0/contador_segundos_reg[7]/C is not reached by a timing clock
Related violations: <none>

TIMING-17#323 Critical Warning
Non-clocked sequential cell  
The clock pin Electric_hook_bd_i/pull_fish_0/U0/contador_segundos_reg[8]/C is not reached by a timing clock
Related violations: <none>

TIMING-17#324 Critical Warning
Non-clocked sequential cell  
The clock pin Electric_hook_bd_i/pull_fish_0/U0/contador_segundos_reg[9]/C is not reached by a timing clock
Related violations: <none>

TIMING-17#325 Critical Warning
Non-clocked sequential cell  
The clock pin Electric_hook_bd_i/pull_fish_0/U0/estado_reg/C is not reached by a timing clock
Related violations: <none>

TIMING-17#326 Critical Warning
Non-clocked sequential cell  
The clock pin Electric_hook_bd_i/pull_fish_0/U0/game_won_reg/C is not reached by a timing clock
Related violations: <none>

TIMING-17#327 Critical Warning
Non-clocked sequential cell  
The clock pin Electric_hook_bd_i/pull_fish_0/U0/led_reg[0]/C is not reached by a timing clock
Related violations: <none>

TIMING-17#328 Critical Warning
Non-clocked sequential cell  
The clock pin Electric_hook_bd_i/pull_fish_0/U0/led_reg[1]/C is not reached by a timing clock
Related violations: <none>

TIMING-17#329 Critical Warning
Non-clocked sequential cell  
The clock pin Electric_hook_bd_i/pull_fish_0/U0/led_reg[2]/C is not reached by a timing clock
Related violations: <none>

TIMING-17#330 Critical Warning
Non-clocked sequential cell  
The clock pin Electric_hook_bd_i/pull_fish_0/U0/led_reg[3]/C is not reached by a timing clock
Related violations: <none>

TIMING-17#331 Critical Warning
Non-clocked sequential cell  
The clock pin Electric_hook_bd_i/pull_fish_0/U0/led_sig_reg[0]/C is not reached by a timing clock
Related violations: <none>

TIMING-17#332 Critical Warning
Non-clocked sequential cell  
The clock pin Electric_hook_bd_i/pull_fish_0/U0/led_sig_reg[1]/C is not reached by a timing clock
Related violations: <none>

TIMING-17#333 Critical Warning
Non-clocked sequential cell  
The clock pin Electric_hook_bd_i/pull_fish_0/U0/led_sig_reg[2]/C is not reached by a timing clock
Related violations: <none>

TIMING-17#334 Critical Warning
Non-clocked sequential cell  
The clock pin Electric_hook_bd_i/pull_fish_0/U0/led_sig_reg[3]/C is not reached by a timing clock
Related violations: <none>

TIMING-17#335 Critical Warning
Non-clocked sequential cell  
The clock pin Electric_hook_bd_i/pull_fish_0/U0/reset_segundos_reg/C is not reached by a timing clock
Related violations: <none>

TIMING-17#336 Critical Warning
Non-clocked sequential cell  
The clock pin Electric_hook_bd_i/pull_fish_0/U0/rgb_color_reg[0]/C is not reached by a timing clock
Related violations: <none>

TIMING-17#337 Critical Warning
Non-clocked sequential cell  
The clock pin Electric_hook_bd_i/pull_fish_0/U0/rgb_color_reg[1]/C is not reached by a timing clock
Related violations: <none>

TIMING-17#338 Critical Warning
Non-clocked sequential cell  
The clock pin Electric_hook_bd_i/pull_fish_0/U0/start_game_counter_reg/C is not reached by a timing clock
Related violations: <none>

TIMING-17#339 Critical Warning
Non-clocked sequential cell  
The clock pin Electric_hook_bd_i/pull_fish_0/U0/time_over_reg/C is not reached by a timing clock
Related violations: <none>

TIMING-17#340 Critical Warning
Non-clocked sequential cell  
The clock pin Electric_hook_bd_i/vio_0/inst/DECODER_INST/Bus_data_out_reg[0]/C is not reached by a timing clock
Related violations: <none>

TIMING-17#341 Critical Warning
Non-clocked sequential cell  
The clock pin Electric_hook_bd_i/vio_0/inst/DECODER_INST/Bus_data_out_reg[10]/C is not reached by a timing clock
Related violations: <none>

TIMING-17#342 Critical Warning
Non-clocked sequential cell  
The clock pin Electric_hook_bd_i/vio_0/inst/DECODER_INST/Bus_data_out_reg[11]/C is not reached by a timing clock
Related violations: <none>

TIMING-17#343 Critical Warning
Non-clocked sequential cell  
The clock pin Electric_hook_bd_i/vio_0/inst/DECODER_INST/Bus_data_out_reg[12]/C is not reached by a timing clock
Related violations: <none>

TIMING-17#344 Critical Warning
Non-clocked sequential cell  
The clock pin Electric_hook_bd_i/vio_0/inst/DECODER_INST/Bus_data_out_reg[13]/C is not reached by a timing clock
Related violations: <none>

TIMING-17#345 Critical Warning
Non-clocked sequential cell  
The clock pin Electric_hook_bd_i/vio_0/inst/DECODER_INST/Bus_data_out_reg[14]/C is not reached by a timing clock
Related violations: <none>

TIMING-17#346 Critical Warning
Non-clocked sequential cell  
The clock pin Electric_hook_bd_i/vio_0/inst/DECODER_INST/Bus_data_out_reg[15]/C is not reached by a timing clock
Related violations: <none>

TIMING-17#347 Critical Warning
Non-clocked sequential cell  
The clock pin Electric_hook_bd_i/vio_0/inst/DECODER_INST/Bus_data_out_reg[1]/C is not reached by a timing clock
Related violations: <none>

TIMING-17#348 Critical Warning
Non-clocked sequential cell  
The clock pin Electric_hook_bd_i/vio_0/inst/DECODER_INST/Bus_data_out_reg[2]/C is not reached by a timing clock
Related violations: <none>

TIMING-17#349 Critical Warning
Non-clocked sequential cell  
The clock pin Electric_hook_bd_i/vio_0/inst/DECODER_INST/Bus_data_out_reg[3]/C is not reached by a timing clock
Related violations: <none>

TIMING-17#350 Critical Warning
Non-clocked sequential cell  
The clock pin Electric_hook_bd_i/vio_0/inst/DECODER_INST/Bus_data_out_reg[4]/C is not reached by a timing clock
Related violations: <none>

TIMING-17#351 Critical Warning
Non-clocked sequential cell  
The clock pin Electric_hook_bd_i/vio_0/inst/DECODER_INST/Bus_data_out_reg[5]/C is not reached by a timing clock
Related violations: <none>

TIMING-17#352 Critical Warning
Non-clocked sequential cell  
The clock pin Electric_hook_bd_i/vio_0/inst/DECODER_INST/Bus_data_out_reg[6]/C is not reached by a timing clock
Related violations: <none>

TIMING-17#353 Critical Warning
Non-clocked sequential cell  
The clock pin Electric_hook_bd_i/vio_0/inst/DECODER_INST/Bus_data_out_reg[7]/C is not reached by a timing clock
Related violations: <none>

TIMING-17#354 Critical Warning
Non-clocked sequential cell  
The clock pin Electric_hook_bd_i/vio_0/inst/DECODER_INST/Bus_data_out_reg[8]/C is not reached by a timing clock
Related violations: <none>

TIMING-17#355 Critical Warning
Non-clocked sequential cell  
The clock pin Electric_hook_bd_i/vio_0/inst/DECODER_INST/Bus_data_out_reg[9]/C is not reached by a timing clock
Related violations: <none>

TIMING-17#356 Critical Warning
Non-clocked sequential cell  
The clock pin Electric_hook_bd_i/vio_0/inst/DECODER_INST/clear_int_reg/C is not reached by a timing clock
Related violations: <none>

TIMING-17#357 Critical Warning
Non-clocked sequential cell  
The clock pin Electric_hook_bd_i/vio_0/inst/DECODER_INST/committ_int_reg/C is not reached by a timing clock
Related violations: <none>

TIMING-17#358 Critical Warning
Non-clocked sequential cell  
The clock pin Electric_hook_bd_i/vio_0/inst/DECODER_INST/int_cnt_rst_reg/C is not reached by a timing clock
Related violations: <none>

TIMING-17#359 Critical Warning
Non-clocked sequential cell  
The clock pin Electric_hook_bd_i/vio_0/inst/DECODER_INST/probe_out_modified_reg[0]/C is not reached by a timing clock
Related violations: <none>

TIMING-17#360 Critical Warning
Non-clocked sequential cell  
The clock pin Electric_hook_bd_i/vio_0/inst/DECODER_INST/probe_out_modified_reg[10]/C is not reached by a timing clock
Related violations: <none>

TIMING-17#361 Critical Warning
Non-clocked sequential cell  
The clock pin Electric_hook_bd_i/vio_0/inst/DECODER_INST/probe_out_modified_reg[11]/C is not reached by a timing clock
Related violations: <none>

TIMING-17#362 Critical Warning
Non-clocked sequential cell  
The clock pin Electric_hook_bd_i/vio_0/inst/DECODER_INST/probe_out_modified_reg[12]/C is not reached by a timing clock
Related violations: <none>

TIMING-17#363 Critical Warning
Non-clocked sequential cell  
The clock pin Electric_hook_bd_i/vio_0/inst/DECODER_INST/probe_out_modified_reg[13]/C is not reached by a timing clock
Related violations: <none>

TIMING-17#364 Critical Warning
Non-clocked sequential cell  
The clock pin Electric_hook_bd_i/vio_0/inst/DECODER_INST/probe_out_modified_reg[14]/C is not reached by a timing clock
Related violations: <none>

TIMING-17#365 Critical Warning
Non-clocked sequential cell  
The clock pin Electric_hook_bd_i/vio_0/inst/DECODER_INST/probe_out_modified_reg[15]/C is not reached by a timing clock
Related violations: <none>

TIMING-17#366 Critical Warning
Non-clocked sequential cell  
The clock pin Electric_hook_bd_i/vio_0/inst/DECODER_INST/probe_out_modified_reg[1]/C is not reached by a timing clock
Related violations: <none>

TIMING-17#367 Critical Warning
Non-clocked sequential cell  
The clock pin Electric_hook_bd_i/vio_0/inst/DECODER_INST/probe_out_modified_reg[2]/C is not reached by a timing clock
Related violations: <none>

TIMING-17#368 Critical Warning
Non-clocked sequential cell  
The clock pin Electric_hook_bd_i/vio_0/inst/DECODER_INST/probe_out_modified_reg[3]/C is not reached by a timing clock
Related violations: <none>

TIMING-17#369 Critical Warning
Non-clocked sequential cell  
The clock pin Electric_hook_bd_i/vio_0/inst/DECODER_INST/probe_out_modified_reg[4]/C is not reached by a timing clock
Related violations: <none>

TIMING-17#370 Critical Warning
Non-clocked sequential cell  
The clock pin Electric_hook_bd_i/vio_0/inst/DECODER_INST/probe_out_modified_reg[5]/C is not reached by a timing clock
Related violations: <none>

TIMING-17#371 Critical Warning
Non-clocked sequential cell  
The clock pin Electric_hook_bd_i/vio_0/inst/DECODER_INST/probe_out_modified_reg[6]/C is not reached by a timing clock
Related violations: <none>

TIMING-17#372 Critical Warning
Non-clocked sequential cell  
The clock pin Electric_hook_bd_i/vio_0/inst/DECODER_INST/probe_out_modified_reg[7]/C is not reached by a timing clock
Related violations: <none>

TIMING-17#373 Critical Warning
Non-clocked sequential cell  
The clock pin Electric_hook_bd_i/vio_0/inst/DECODER_INST/probe_out_modified_reg[8]/C is not reached by a timing clock
Related violations: <none>

TIMING-17#374 Critical Warning
Non-clocked sequential cell  
The clock pin Electric_hook_bd_i/vio_0/inst/DECODER_INST/probe_out_modified_reg[9]/C is not reached by a timing clock
Related violations: <none>

TIMING-17#375 Critical Warning
Non-clocked sequential cell  
The clock pin Electric_hook_bd_i/vio_0/inst/DECODER_INST/rd_en_p1_reg/C is not reached by a timing clock
Related violations: <none>

TIMING-17#376 Critical Warning
Non-clocked sequential cell  
The clock pin Electric_hook_bd_i/vio_0/inst/DECODER_INST/rd_en_p2_reg/C is not reached by a timing clock
Related violations: <none>

TIMING-17#377 Critical Warning
Non-clocked sequential cell  
The clock pin Electric_hook_bd_i/vio_0/inst/DECODER_INST/wr_en_reg[2]/C is not reached by a timing clock
Related violations: <none>

TIMING-17#378 Critical Warning
Non-clocked sequential cell  
The clock pin Electric_hook_bd_i/vio_0/inst/DECODER_INST/wr_en_reg[4]/C is not reached by a timing clock
Related violations: <none>

TIMING-17#379 Critical Warning
Non-clocked sequential cell  
The clock pin Electric_hook_bd_i/vio_0/inst/DECODER_INST/xsdb_addr_2_0_p1_reg[0]/C is not reached by a timing clock
Related violations: <none>

TIMING-17#380 Critical Warning
Non-clocked sequential cell  
The clock pin Electric_hook_bd_i/vio_0/inst/DECODER_INST/xsdb_addr_2_0_p1_reg[1]/C is not reached by a timing clock
Related violations: <none>

TIMING-17#381 Critical Warning
Non-clocked sequential cell  
The clock pin Electric_hook_bd_i/vio_0/inst/DECODER_INST/xsdb_addr_2_0_p1_reg[2]/C is not reached by a timing clock
Related violations: <none>

TIMING-17#382 Critical Warning
Non-clocked sequential cell  
The clock pin Electric_hook_bd_i/vio_0/inst/DECODER_INST/xsdb_addr_2_0_p2_reg[0]/C is not reached by a timing clock
Related violations: <none>

TIMING-17#383 Critical Warning
Non-clocked sequential cell  
The clock pin Electric_hook_bd_i/vio_0/inst/DECODER_INST/xsdb_addr_2_0_p2_reg[1]/C is not reached by a timing clock
Related violations: <none>

TIMING-17#384 Critical Warning
Non-clocked sequential cell  
The clock pin Electric_hook_bd_i/vio_0/inst/DECODER_INST/xsdb_addr_2_0_p2_reg[2]/C is not reached by a timing clock
Related violations: <none>

TIMING-17#385 Critical Warning
Non-clocked sequential cell  
The clock pin Electric_hook_bd_i/vio_0/inst/DECODER_INST/xsdb_addr_8_p1_reg/C is not reached by a timing clock
Related violations: <none>

TIMING-17#386 Critical Warning
Non-clocked sequential cell  
The clock pin Electric_hook_bd_i/vio_0/inst/DECODER_INST/xsdb_addr_8_p2_reg/C is not reached by a timing clock
Related violations: <none>

TIMING-17#387 Critical Warning
Non-clocked sequential cell  
The clock pin Electric_hook_bd_i/vio_0/inst/DECODER_INST/xsdb_drdy_reg/C is not reached by a timing clock
Related violations: <none>

TIMING-17#388 Critical Warning
Non-clocked sequential cell  
The clock pin Electric_hook_bd_i/vio_0/inst/PROBE_OUT_ALL_INST/Committ_1_reg/C is not reached by a timing clock
Related violations: <none>

TIMING-17#389 Critical Warning
Non-clocked sequential cell  
The clock pin Electric_hook_bd_i/vio_0/inst/PROBE_OUT_ALL_INST/Committ_2_reg/C is not reached by a timing clock
Related violations: <none>

TIMING-17#390 Critical Warning
Non-clocked sequential cell  
The clock pin Electric_hook_bd_i/vio_0/inst/PROBE_OUT_ALL_INST/G_PROBE_OUT[0].PROBE_OUT0_INST/Probe_out_reg[0]/C is not reached by a timing clock
Related violations: <none>

TIMING-17#391 Critical Warning
Non-clocked sequential cell  
The clock pin Electric_hook_bd_i/vio_0/inst/PROBE_OUT_ALL_INST/G_PROBE_OUT[0].PROBE_OUT0_INST/data_int_reg[0]/C is not reached by a timing clock
Related violations: <none>

TIMING-17#392 Critical Warning
Non-clocked sequential cell  
The clock pin Electric_hook_bd_i/vio_0/inst/PROBE_OUT_ALL_INST/G_PROBE_OUT[0].wr_probe_out_reg[0]/C is not reached by a timing clock
Related violations: <none>

TIMING-17#393 Critical Warning
Non-clocked sequential cell  
The clock pin Electric_hook_bd_i/vio_0/inst/PROBE_OUT_ALL_INST/Probe_out_reg_int_reg[0]/C is not reached by a timing clock
Related violations: <none>

TIMING-17#394 Critical Warning
Non-clocked sequential cell  
The clock pin Electric_hook_bd_i/vio_0/inst/U_XSDB_SLAVE/reg_do_reg[0]/C is not reached by a timing clock
Related violations: <none>

TIMING-17#395 Critical Warning
Non-clocked sequential cell  
The clock pin Electric_hook_bd_i/vio_0/inst/U_XSDB_SLAVE/reg_do_reg[10]/C is not reached by a timing clock
Related violations: <none>

TIMING-17#396 Critical Warning
Non-clocked sequential cell  
The clock pin Electric_hook_bd_i/vio_0/inst/U_XSDB_SLAVE/reg_do_reg[11]/C is not reached by a timing clock
Related violations: <none>

TIMING-17#397 Critical Warning
Non-clocked sequential cell  
The clock pin Electric_hook_bd_i/vio_0/inst/U_XSDB_SLAVE/reg_do_reg[12]/C is not reached by a timing clock
Related violations: <none>

TIMING-17#398 Critical Warning
Non-clocked sequential cell  
The clock pin Electric_hook_bd_i/vio_0/inst/U_XSDB_SLAVE/reg_do_reg[13]/C is not reached by a timing clock
Related violations: <none>

TIMING-17#399 Critical Warning
Non-clocked sequential cell  
The clock pin Electric_hook_bd_i/vio_0/inst/U_XSDB_SLAVE/reg_do_reg[14]/C is not reached by a timing clock
Related violations: <none>

TIMING-17#400 Critical Warning
Non-clocked sequential cell  
The clock pin Electric_hook_bd_i/vio_0/inst/U_XSDB_SLAVE/reg_do_reg[15]/C is not reached by a timing clock
Related violations: <none>

TIMING-17#401 Critical Warning
Non-clocked sequential cell  
The clock pin Electric_hook_bd_i/vio_0/inst/U_XSDB_SLAVE/reg_do_reg[1]/C is not reached by a timing clock
Related violations: <none>

TIMING-17#402 Critical Warning
Non-clocked sequential cell  
The clock pin Electric_hook_bd_i/vio_0/inst/U_XSDB_SLAVE/reg_do_reg[2]/C is not reached by a timing clock
Related violations: <none>

TIMING-17#403 Critical Warning
Non-clocked sequential cell  
The clock pin Electric_hook_bd_i/vio_0/inst/U_XSDB_SLAVE/reg_do_reg[3]/C is not reached by a timing clock
Related violations: <none>

TIMING-17#404 Critical Warning
Non-clocked sequential cell  
The clock pin Electric_hook_bd_i/vio_0/inst/U_XSDB_SLAVE/reg_do_reg[4]/C is not reached by a timing clock
Related violations: <none>

TIMING-17#405 Critical Warning
Non-clocked sequential cell  
The clock pin Electric_hook_bd_i/vio_0/inst/U_XSDB_SLAVE/reg_do_reg[5]/C is not reached by a timing clock
Related violations: <none>

TIMING-17#406 Critical Warning
Non-clocked sequential cell  
The clock pin Electric_hook_bd_i/vio_0/inst/U_XSDB_SLAVE/reg_do_reg[6]/C is not reached by a timing clock
Related violations: <none>

TIMING-17#407 Critical Warning
Non-clocked sequential cell  
The clock pin Electric_hook_bd_i/vio_0/inst/U_XSDB_SLAVE/reg_do_reg[7]/C is not reached by a timing clock
Related violations: <none>

TIMING-17#408 Critical Warning
Non-clocked sequential cell  
The clock pin Electric_hook_bd_i/vio_0/inst/U_XSDB_SLAVE/reg_do_reg[8]/C is not reached by a timing clock
Related violations: <none>

TIMING-17#409 Critical Warning
Non-clocked sequential cell  
The clock pin Electric_hook_bd_i/vio_0/inst/U_XSDB_SLAVE/reg_do_reg[9]/C is not reached by a timing clock
Related violations: <none>

TIMING-17#410 Critical Warning
Non-clocked sequential cell  
The clock pin Electric_hook_bd_i/vio_0/inst/U_XSDB_SLAVE/reg_drdy_reg/C is not reached by a timing clock
Related violations: <none>

TIMING-17#411 Critical Warning
Non-clocked sequential cell  
The clock pin Electric_hook_bd_i/vio_0/inst/U_XSDB_SLAVE/reg_test_reg[0]/C is not reached by a timing clock
Related violations: <none>

TIMING-17#412 Critical Warning
Non-clocked sequential cell  
The clock pin Electric_hook_bd_i/vio_0/inst/U_XSDB_SLAVE/reg_test_reg[10]/C is not reached by a timing clock
Related violations: <none>

TIMING-17#413 Critical Warning
Non-clocked sequential cell  
The clock pin Electric_hook_bd_i/vio_0/inst/U_XSDB_SLAVE/reg_test_reg[11]/C is not reached by a timing clock
Related violations: <none>

TIMING-17#414 Critical Warning
Non-clocked sequential cell  
The clock pin Electric_hook_bd_i/vio_0/inst/U_XSDB_SLAVE/reg_test_reg[12]/C is not reached by a timing clock
Related violations: <none>

TIMING-17#415 Critical Warning
Non-clocked sequential cell  
The clock pin Electric_hook_bd_i/vio_0/inst/U_XSDB_SLAVE/reg_test_reg[13]/C is not reached by a timing clock
Related violations: <none>

TIMING-17#416 Critical Warning
Non-clocked sequential cell  
The clock pin Electric_hook_bd_i/vio_0/inst/U_XSDB_SLAVE/reg_test_reg[14]/C is not reached by a timing clock
Related violations: <none>

TIMING-17#417 Critical Warning
Non-clocked sequential cell  
The clock pin Electric_hook_bd_i/vio_0/inst/U_XSDB_SLAVE/reg_test_reg[15]/C is not reached by a timing clock
Related violations: <none>

TIMING-17#418 Critical Warning
Non-clocked sequential cell  
The clock pin Electric_hook_bd_i/vio_0/inst/U_XSDB_SLAVE/reg_test_reg[1]/C is not reached by a timing clock
Related violations: <none>

TIMING-17#419 Critical Warning
Non-clocked sequential cell  
The clock pin Electric_hook_bd_i/vio_0/inst/U_XSDB_SLAVE/reg_test_reg[2]/C is not reached by a timing clock
Related violations: <none>

TIMING-17#420 Critical Warning
Non-clocked sequential cell  
The clock pin Electric_hook_bd_i/vio_0/inst/U_XSDB_SLAVE/reg_test_reg[3]/C is not reached by a timing clock
Related violations: <none>

TIMING-17#421 Critical Warning
Non-clocked sequential cell  
The clock pin Electric_hook_bd_i/vio_0/inst/U_XSDB_SLAVE/reg_test_reg[4]/C is not reached by a timing clock
Related violations: <none>

TIMING-17#422 Critical Warning
Non-clocked sequential cell  
The clock pin Electric_hook_bd_i/vio_0/inst/U_XSDB_SLAVE/reg_test_reg[5]/C is not reached by a timing clock
Related violations: <none>

TIMING-17#423 Critical Warning
Non-clocked sequential cell  
The clock pin Electric_hook_bd_i/vio_0/inst/U_XSDB_SLAVE/reg_test_reg[6]/C is not reached by a timing clock
Related violations: <none>

TIMING-17#424 Critical Warning
Non-clocked sequential cell  
The clock pin Electric_hook_bd_i/vio_0/inst/U_XSDB_SLAVE/reg_test_reg[7]/C is not reached by a timing clock
Related violations: <none>

TIMING-17#425 Critical Warning
Non-clocked sequential cell  
The clock pin Electric_hook_bd_i/vio_0/inst/U_XSDB_SLAVE/reg_test_reg[8]/C is not reached by a timing clock
Related violations: <none>

TIMING-17#426 Critical Warning
Non-clocked sequential cell  
The clock pin Electric_hook_bd_i/vio_0/inst/U_XSDB_SLAVE/reg_test_reg[9]/C is not reached by a timing clock
Related violations: <none>

TIMING-17#427 Critical Warning
Non-clocked sequential cell  
The clock pin Electric_hook_bd_i/vio_0/inst/U_XSDB_SLAVE/uuid_stamp_reg[0]/C is not reached by a timing clock
Related violations: <none>

TIMING-17#428 Critical Warning
Non-clocked sequential cell  
The clock pin Electric_hook_bd_i/vio_0/inst/U_XSDB_SLAVE/uuid_stamp_reg[100]/C is not reached by a timing clock
Related violations: <none>

TIMING-17#429 Critical Warning
Non-clocked sequential cell  
The clock pin Electric_hook_bd_i/vio_0/inst/U_XSDB_SLAVE/uuid_stamp_reg[101]/C is not reached by a timing clock
Related violations: <none>

TIMING-17#430 Critical Warning
Non-clocked sequential cell  
The clock pin Electric_hook_bd_i/vio_0/inst/U_XSDB_SLAVE/uuid_stamp_reg[102]/C is not reached by a timing clock
Related violations: <none>

TIMING-17#431 Critical Warning
Non-clocked sequential cell  
The clock pin Electric_hook_bd_i/vio_0/inst/U_XSDB_SLAVE/uuid_stamp_reg[103]/C is not reached by a timing clock
Related violations: <none>

TIMING-17#432 Critical Warning
Non-clocked sequential cell  
The clock pin Electric_hook_bd_i/vio_0/inst/U_XSDB_SLAVE/uuid_stamp_reg[104]/C is not reached by a timing clock
Related violations: <none>

TIMING-17#433 Critical Warning
Non-clocked sequential cell  
The clock pin Electric_hook_bd_i/vio_0/inst/U_XSDB_SLAVE/uuid_stamp_reg[105]/C is not reached by a timing clock
Related violations: <none>

TIMING-17#434 Critical Warning
Non-clocked sequential cell  
The clock pin Electric_hook_bd_i/vio_0/inst/U_XSDB_SLAVE/uuid_stamp_reg[106]/C is not reached by a timing clock
Related violations: <none>

TIMING-17#435 Critical Warning
Non-clocked sequential cell  
The clock pin Electric_hook_bd_i/vio_0/inst/U_XSDB_SLAVE/uuid_stamp_reg[107]/C is not reached by a timing clock
Related violations: <none>

TIMING-17#436 Critical Warning
Non-clocked sequential cell  
The clock pin Electric_hook_bd_i/vio_0/inst/U_XSDB_SLAVE/uuid_stamp_reg[108]/C is not reached by a timing clock
Related violations: <none>

TIMING-17#437 Critical Warning
Non-clocked sequential cell  
The clock pin Electric_hook_bd_i/vio_0/inst/U_XSDB_SLAVE/uuid_stamp_reg[109]/C is not reached by a timing clock
Related violations: <none>

TIMING-17#438 Critical Warning
Non-clocked sequential cell  
The clock pin Electric_hook_bd_i/vio_0/inst/U_XSDB_SLAVE/uuid_stamp_reg[10]/C is not reached by a timing clock
Related violations: <none>

TIMING-17#439 Critical Warning
Non-clocked sequential cell  
The clock pin Electric_hook_bd_i/vio_0/inst/U_XSDB_SLAVE/uuid_stamp_reg[110]/C is not reached by a timing clock
Related violations: <none>

TIMING-17#440 Critical Warning
Non-clocked sequential cell  
The clock pin Electric_hook_bd_i/vio_0/inst/U_XSDB_SLAVE/uuid_stamp_reg[111]/C is not reached by a timing clock
Related violations: <none>

TIMING-17#441 Critical Warning
Non-clocked sequential cell  
The clock pin Electric_hook_bd_i/vio_0/inst/U_XSDB_SLAVE/uuid_stamp_reg[112]/C is not reached by a timing clock
Related violations: <none>

TIMING-17#442 Critical Warning
Non-clocked sequential cell  
The clock pin Electric_hook_bd_i/vio_0/inst/U_XSDB_SLAVE/uuid_stamp_reg[113]/C is not reached by a timing clock
Related violations: <none>

TIMING-17#443 Critical Warning
Non-clocked sequential cell  
The clock pin Electric_hook_bd_i/vio_0/inst/U_XSDB_SLAVE/uuid_stamp_reg[114]/C is not reached by a timing clock
Related violations: <none>

TIMING-17#444 Critical Warning
Non-clocked sequential cell  
The clock pin Electric_hook_bd_i/vio_0/inst/U_XSDB_SLAVE/uuid_stamp_reg[115]/C is not reached by a timing clock
Related violations: <none>

TIMING-17#445 Critical Warning
Non-clocked sequential cell  
The clock pin Electric_hook_bd_i/vio_0/inst/U_XSDB_SLAVE/uuid_stamp_reg[116]/C is not reached by a timing clock
Related violations: <none>

TIMING-17#446 Critical Warning
Non-clocked sequential cell  
The clock pin Electric_hook_bd_i/vio_0/inst/U_XSDB_SLAVE/uuid_stamp_reg[117]/C is not reached by a timing clock
Related violations: <none>

TIMING-17#447 Critical Warning
Non-clocked sequential cell  
The clock pin Electric_hook_bd_i/vio_0/inst/U_XSDB_SLAVE/uuid_stamp_reg[118]/C is not reached by a timing clock
Related violations: <none>

TIMING-17#448 Critical Warning
Non-clocked sequential cell  
The clock pin Electric_hook_bd_i/vio_0/inst/U_XSDB_SLAVE/uuid_stamp_reg[119]/C is not reached by a timing clock
Related violations: <none>

TIMING-17#449 Critical Warning
Non-clocked sequential cell  
The clock pin Electric_hook_bd_i/vio_0/inst/U_XSDB_SLAVE/uuid_stamp_reg[11]/C is not reached by a timing clock
Related violations: <none>

TIMING-17#450 Critical Warning
Non-clocked sequential cell  
The clock pin Electric_hook_bd_i/vio_0/inst/U_XSDB_SLAVE/uuid_stamp_reg[120]/C is not reached by a timing clock
Related violations: <none>

TIMING-17#451 Critical Warning
Non-clocked sequential cell  
The clock pin Electric_hook_bd_i/vio_0/inst/U_XSDB_SLAVE/uuid_stamp_reg[121]/C is not reached by a timing clock
Related violations: <none>

TIMING-17#452 Critical Warning
Non-clocked sequential cell  
The clock pin Electric_hook_bd_i/vio_0/inst/U_XSDB_SLAVE/uuid_stamp_reg[122]/C is not reached by a timing clock
Related violations: <none>

TIMING-17#453 Critical Warning
Non-clocked sequential cell  
The clock pin Electric_hook_bd_i/vio_0/inst/U_XSDB_SLAVE/uuid_stamp_reg[123]/C is not reached by a timing clock
Related violations: <none>

TIMING-17#454 Critical Warning
Non-clocked sequential cell  
The clock pin Electric_hook_bd_i/vio_0/inst/U_XSDB_SLAVE/uuid_stamp_reg[124]/C is not reached by a timing clock
Related violations: <none>

TIMING-17#455 Critical Warning
Non-clocked sequential cell  
The clock pin Electric_hook_bd_i/vio_0/inst/U_XSDB_SLAVE/uuid_stamp_reg[125]/C is not reached by a timing clock
Related violations: <none>

TIMING-17#456 Critical Warning
Non-clocked sequential cell  
The clock pin Electric_hook_bd_i/vio_0/inst/U_XSDB_SLAVE/uuid_stamp_reg[126]/C is not reached by a timing clock
Related violations: <none>

TIMING-17#457 Critical Warning
Non-clocked sequential cell  
The clock pin Electric_hook_bd_i/vio_0/inst/U_XSDB_SLAVE/uuid_stamp_reg[127]/C is not reached by a timing clock
Related violations: <none>

TIMING-17#458 Critical Warning
Non-clocked sequential cell  
The clock pin Electric_hook_bd_i/vio_0/inst/U_XSDB_SLAVE/uuid_stamp_reg[12]/C is not reached by a timing clock
Related violations: <none>

TIMING-17#459 Critical Warning
Non-clocked sequential cell  
The clock pin Electric_hook_bd_i/vio_0/inst/U_XSDB_SLAVE/uuid_stamp_reg[13]/C is not reached by a timing clock
Related violations: <none>

TIMING-17#460 Critical Warning
Non-clocked sequential cell  
The clock pin Electric_hook_bd_i/vio_0/inst/U_XSDB_SLAVE/uuid_stamp_reg[14]/C is not reached by a timing clock
Related violations: <none>

TIMING-17#461 Critical Warning
Non-clocked sequential cell  
The clock pin Electric_hook_bd_i/vio_0/inst/U_XSDB_SLAVE/uuid_stamp_reg[15]/C is not reached by a timing clock
Related violations: <none>

TIMING-17#462 Critical Warning
Non-clocked sequential cell  
The clock pin Electric_hook_bd_i/vio_0/inst/U_XSDB_SLAVE/uuid_stamp_reg[16]/C is not reached by a timing clock
Related violations: <none>

TIMING-17#463 Critical Warning
Non-clocked sequential cell  
The clock pin Electric_hook_bd_i/vio_0/inst/U_XSDB_SLAVE/uuid_stamp_reg[17]/C is not reached by a timing clock
Related violations: <none>

TIMING-17#464 Critical Warning
Non-clocked sequential cell  
The clock pin Electric_hook_bd_i/vio_0/inst/U_XSDB_SLAVE/uuid_stamp_reg[18]/C is not reached by a timing clock
Related violations: <none>

TIMING-17#465 Critical Warning
Non-clocked sequential cell  
The clock pin Electric_hook_bd_i/vio_0/inst/U_XSDB_SLAVE/uuid_stamp_reg[19]/C is not reached by a timing clock
Related violations: <none>

TIMING-17#466 Critical Warning
Non-clocked sequential cell  
The clock pin Electric_hook_bd_i/vio_0/inst/U_XSDB_SLAVE/uuid_stamp_reg[1]/C is not reached by a timing clock
Related violations: <none>

TIMING-17#467 Critical Warning
Non-clocked sequential cell  
The clock pin Electric_hook_bd_i/vio_0/inst/U_XSDB_SLAVE/uuid_stamp_reg[20]/C is not reached by a timing clock
Related violations: <none>

TIMING-17#468 Critical Warning
Non-clocked sequential cell  
The clock pin Electric_hook_bd_i/vio_0/inst/U_XSDB_SLAVE/uuid_stamp_reg[21]/C is not reached by a timing clock
Related violations: <none>

TIMING-17#469 Critical Warning
Non-clocked sequential cell  
The clock pin Electric_hook_bd_i/vio_0/inst/U_XSDB_SLAVE/uuid_stamp_reg[22]/C is not reached by a timing clock
Related violations: <none>

TIMING-17#470 Critical Warning
Non-clocked sequential cell  
The clock pin Electric_hook_bd_i/vio_0/inst/U_XSDB_SLAVE/uuid_stamp_reg[23]/C is not reached by a timing clock
Related violations: <none>

TIMING-17#471 Critical Warning
Non-clocked sequential cell  
The clock pin Electric_hook_bd_i/vio_0/inst/U_XSDB_SLAVE/uuid_stamp_reg[24]/C is not reached by a timing clock
Related violations: <none>

TIMING-17#472 Critical Warning
Non-clocked sequential cell  
The clock pin Electric_hook_bd_i/vio_0/inst/U_XSDB_SLAVE/uuid_stamp_reg[25]/C is not reached by a timing clock
Related violations: <none>

TIMING-17#473 Critical Warning
Non-clocked sequential cell  
The clock pin Electric_hook_bd_i/vio_0/inst/U_XSDB_SLAVE/uuid_stamp_reg[26]/C is not reached by a timing clock
Related violations: <none>

TIMING-17#474 Critical Warning
Non-clocked sequential cell  
The clock pin Electric_hook_bd_i/vio_0/inst/U_XSDB_SLAVE/uuid_stamp_reg[27]/C is not reached by a timing clock
Related violations: <none>

TIMING-17#475 Critical Warning
Non-clocked sequential cell  
The clock pin Electric_hook_bd_i/vio_0/inst/U_XSDB_SLAVE/uuid_stamp_reg[28]/C is not reached by a timing clock
Related violations: <none>

TIMING-17#476 Critical Warning
Non-clocked sequential cell  
The clock pin Electric_hook_bd_i/vio_0/inst/U_XSDB_SLAVE/uuid_stamp_reg[29]/C is not reached by a timing clock
Related violations: <none>

TIMING-17#477 Critical Warning
Non-clocked sequential cell  
The clock pin Electric_hook_bd_i/vio_0/inst/U_XSDB_SLAVE/uuid_stamp_reg[2]/C is not reached by a timing clock
Related violations: <none>

TIMING-17#478 Critical Warning
Non-clocked sequential cell  
The clock pin Electric_hook_bd_i/vio_0/inst/U_XSDB_SLAVE/uuid_stamp_reg[30]/C is not reached by a timing clock
Related violations: <none>

TIMING-17#479 Critical Warning
Non-clocked sequential cell  
The clock pin Electric_hook_bd_i/vio_0/inst/U_XSDB_SLAVE/uuid_stamp_reg[31]/C is not reached by a timing clock
Related violations: <none>

TIMING-17#480 Critical Warning
Non-clocked sequential cell  
The clock pin Electric_hook_bd_i/vio_0/inst/U_XSDB_SLAVE/uuid_stamp_reg[32]/C is not reached by a timing clock
Related violations: <none>

TIMING-17#481 Critical Warning
Non-clocked sequential cell  
The clock pin Electric_hook_bd_i/vio_0/inst/U_XSDB_SLAVE/uuid_stamp_reg[33]/C is not reached by a timing clock
Related violations: <none>

TIMING-17#482 Critical Warning
Non-clocked sequential cell  
The clock pin Electric_hook_bd_i/vio_0/inst/U_XSDB_SLAVE/uuid_stamp_reg[34]/C is not reached by a timing clock
Related violations: <none>

TIMING-17#483 Critical Warning
Non-clocked sequential cell  
The clock pin Electric_hook_bd_i/vio_0/inst/U_XSDB_SLAVE/uuid_stamp_reg[35]/C is not reached by a timing clock
Related violations: <none>

TIMING-17#484 Critical Warning
Non-clocked sequential cell  
The clock pin Electric_hook_bd_i/vio_0/inst/U_XSDB_SLAVE/uuid_stamp_reg[36]/C is not reached by a timing clock
Related violations: <none>

TIMING-17#485 Critical Warning
Non-clocked sequential cell  
The clock pin Electric_hook_bd_i/vio_0/inst/U_XSDB_SLAVE/uuid_stamp_reg[37]/C is not reached by a timing clock
Related violations: <none>

TIMING-17#486 Critical Warning
Non-clocked sequential cell  
The clock pin Electric_hook_bd_i/vio_0/inst/U_XSDB_SLAVE/uuid_stamp_reg[38]/C is not reached by a timing clock
Related violations: <none>

TIMING-17#487 Critical Warning
Non-clocked sequential cell  
The clock pin Electric_hook_bd_i/vio_0/inst/U_XSDB_SLAVE/uuid_stamp_reg[39]/C is not reached by a timing clock
Related violations: <none>

TIMING-17#488 Critical Warning
Non-clocked sequential cell  
The clock pin Electric_hook_bd_i/vio_0/inst/U_XSDB_SLAVE/uuid_stamp_reg[3]/C is not reached by a timing clock
Related violations: <none>

TIMING-17#489 Critical Warning
Non-clocked sequential cell  
The clock pin Electric_hook_bd_i/vio_0/inst/U_XSDB_SLAVE/uuid_stamp_reg[40]/C is not reached by a timing clock
Related violations: <none>

TIMING-17#490 Critical Warning
Non-clocked sequential cell  
The clock pin Electric_hook_bd_i/vio_0/inst/U_XSDB_SLAVE/uuid_stamp_reg[41]/C is not reached by a timing clock
Related violations: <none>

TIMING-17#491 Critical Warning
Non-clocked sequential cell  
The clock pin Electric_hook_bd_i/vio_0/inst/U_XSDB_SLAVE/uuid_stamp_reg[42]/C is not reached by a timing clock
Related violations: <none>

TIMING-17#492 Critical Warning
Non-clocked sequential cell  
The clock pin Electric_hook_bd_i/vio_0/inst/U_XSDB_SLAVE/uuid_stamp_reg[43]/C is not reached by a timing clock
Related violations: <none>

TIMING-17#493 Critical Warning
Non-clocked sequential cell  
The clock pin Electric_hook_bd_i/vio_0/inst/U_XSDB_SLAVE/uuid_stamp_reg[44]/C is not reached by a timing clock
Related violations: <none>

TIMING-17#494 Critical Warning
Non-clocked sequential cell  
The clock pin Electric_hook_bd_i/vio_0/inst/U_XSDB_SLAVE/uuid_stamp_reg[45]/C is not reached by a timing clock
Related violations: <none>

TIMING-17#495 Critical Warning
Non-clocked sequential cell  
The clock pin Electric_hook_bd_i/vio_0/inst/U_XSDB_SLAVE/uuid_stamp_reg[46]/C is not reached by a timing clock
Related violations: <none>

TIMING-17#496 Critical Warning
Non-clocked sequential cell  
The clock pin Electric_hook_bd_i/vio_0/inst/U_XSDB_SLAVE/uuid_stamp_reg[47]/C is not reached by a timing clock
Related violations: <none>

TIMING-17#497 Critical Warning
Non-clocked sequential cell  
The clock pin Electric_hook_bd_i/vio_0/inst/U_XSDB_SLAVE/uuid_stamp_reg[48]/C is not reached by a timing clock
Related violations: <none>

TIMING-17#498 Critical Warning
Non-clocked sequential cell  
The clock pin Electric_hook_bd_i/vio_0/inst/U_XSDB_SLAVE/uuid_stamp_reg[49]/C is not reached by a timing clock
Related violations: <none>

TIMING-17#499 Critical Warning
Non-clocked sequential cell  
The clock pin Electric_hook_bd_i/vio_0/inst/U_XSDB_SLAVE/uuid_stamp_reg[4]/C is not reached by a timing clock
Related violations: <none>

TIMING-17#500 Critical Warning
Non-clocked sequential cell  
The clock pin Electric_hook_bd_i/vio_0/inst/U_XSDB_SLAVE/uuid_stamp_reg[50]/C is not reached by a timing clock
Related violations: <none>

TIMING-17#501 Critical Warning
Non-clocked sequential cell  
The clock pin Electric_hook_bd_i/vio_0/inst/U_XSDB_SLAVE/uuid_stamp_reg[51]/C is not reached by a timing clock
Related violations: <none>

TIMING-17#502 Critical Warning
Non-clocked sequential cell  
The clock pin Electric_hook_bd_i/vio_0/inst/U_XSDB_SLAVE/uuid_stamp_reg[52]/C is not reached by a timing clock
Related violations: <none>

TIMING-17#503 Critical Warning
Non-clocked sequential cell  
The clock pin Electric_hook_bd_i/vio_0/inst/U_XSDB_SLAVE/uuid_stamp_reg[53]/C is not reached by a timing clock
Related violations: <none>

TIMING-17#504 Critical Warning
Non-clocked sequential cell  
The clock pin Electric_hook_bd_i/vio_0/inst/U_XSDB_SLAVE/uuid_stamp_reg[54]/C is not reached by a timing clock
Related violations: <none>

TIMING-17#505 Critical Warning
Non-clocked sequential cell  
The clock pin Electric_hook_bd_i/vio_0/inst/U_XSDB_SLAVE/uuid_stamp_reg[55]/C is not reached by a timing clock
Related violations: <none>

TIMING-17#506 Critical Warning
Non-clocked sequential cell  
The clock pin Electric_hook_bd_i/vio_0/inst/U_XSDB_SLAVE/uuid_stamp_reg[56]/C is not reached by a timing clock
Related violations: <none>

TIMING-17#507 Critical Warning
Non-clocked sequential cell  
The clock pin Electric_hook_bd_i/vio_0/inst/U_XSDB_SLAVE/uuid_stamp_reg[57]/C is not reached by a timing clock
Related violations: <none>

TIMING-17#508 Critical Warning
Non-clocked sequential cell  
The clock pin Electric_hook_bd_i/vio_0/inst/U_XSDB_SLAVE/uuid_stamp_reg[58]/C is not reached by a timing clock
Related violations: <none>

TIMING-17#509 Critical Warning
Non-clocked sequential cell  
The clock pin Electric_hook_bd_i/vio_0/inst/U_XSDB_SLAVE/uuid_stamp_reg[59]/C is not reached by a timing clock
Related violations: <none>

TIMING-17#510 Critical Warning
Non-clocked sequential cell  
The clock pin Electric_hook_bd_i/vio_0/inst/U_XSDB_SLAVE/uuid_stamp_reg[5]/C is not reached by a timing clock
Related violations: <none>

TIMING-17#511 Critical Warning
Non-clocked sequential cell  
The clock pin Electric_hook_bd_i/vio_0/inst/U_XSDB_SLAVE/uuid_stamp_reg[60]/C is not reached by a timing clock
Related violations: <none>

TIMING-17#512 Critical Warning
Non-clocked sequential cell  
The clock pin Electric_hook_bd_i/vio_0/inst/U_XSDB_SLAVE/uuid_stamp_reg[61]/C is not reached by a timing clock
Related violations: <none>

TIMING-17#513 Critical Warning
Non-clocked sequential cell  
The clock pin Electric_hook_bd_i/vio_0/inst/U_XSDB_SLAVE/uuid_stamp_reg[62]/C is not reached by a timing clock
Related violations: <none>

TIMING-17#514 Critical Warning
Non-clocked sequential cell  
The clock pin Electric_hook_bd_i/vio_0/inst/U_XSDB_SLAVE/uuid_stamp_reg[63]/C is not reached by a timing clock
Related violations: <none>

TIMING-17#515 Critical Warning
Non-clocked sequential cell  
The clock pin Electric_hook_bd_i/vio_0/inst/U_XSDB_SLAVE/uuid_stamp_reg[64]/C is not reached by a timing clock
Related violations: <none>

TIMING-17#516 Critical Warning
Non-clocked sequential cell  
The clock pin Electric_hook_bd_i/vio_0/inst/U_XSDB_SLAVE/uuid_stamp_reg[65]/C is not reached by a timing clock
Related violations: <none>

TIMING-17#517 Critical Warning
Non-clocked sequential cell  
The clock pin Electric_hook_bd_i/vio_0/inst/U_XSDB_SLAVE/uuid_stamp_reg[66]/C is not reached by a timing clock
Related violations: <none>

TIMING-17#518 Critical Warning
Non-clocked sequential cell  
The clock pin Electric_hook_bd_i/vio_0/inst/U_XSDB_SLAVE/uuid_stamp_reg[67]/C is not reached by a timing clock
Related violations: <none>

TIMING-17#519 Critical Warning
Non-clocked sequential cell  
The clock pin Electric_hook_bd_i/vio_0/inst/U_XSDB_SLAVE/uuid_stamp_reg[68]/C is not reached by a timing clock
Related violations: <none>

TIMING-17#520 Critical Warning
Non-clocked sequential cell  
The clock pin Electric_hook_bd_i/vio_0/inst/U_XSDB_SLAVE/uuid_stamp_reg[69]/C is not reached by a timing clock
Related violations: <none>

TIMING-17#521 Critical Warning
Non-clocked sequential cell  
The clock pin Electric_hook_bd_i/vio_0/inst/U_XSDB_SLAVE/uuid_stamp_reg[6]/C is not reached by a timing clock
Related violations: <none>

TIMING-17#522 Critical Warning
Non-clocked sequential cell  
The clock pin Electric_hook_bd_i/vio_0/inst/U_XSDB_SLAVE/uuid_stamp_reg[70]/C is not reached by a timing clock
Related violations: <none>

TIMING-17#523 Critical Warning
Non-clocked sequential cell  
The clock pin Electric_hook_bd_i/vio_0/inst/U_XSDB_SLAVE/uuid_stamp_reg[71]/C is not reached by a timing clock
Related violations: <none>

TIMING-17#524 Critical Warning
Non-clocked sequential cell  
The clock pin Electric_hook_bd_i/vio_0/inst/U_XSDB_SLAVE/uuid_stamp_reg[72]/C is not reached by a timing clock
Related violations: <none>

TIMING-17#525 Critical Warning
Non-clocked sequential cell  
The clock pin Electric_hook_bd_i/vio_0/inst/U_XSDB_SLAVE/uuid_stamp_reg[73]/C is not reached by a timing clock
Related violations: <none>

TIMING-17#526 Critical Warning
Non-clocked sequential cell  
The clock pin Electric_hook_bd_i/vio_0/inst/U_XSDB_SLAVE/uuid_stamp_reg[74]/C is not reached by a timing clock
Related violations: <none>

TIMING-17#527 Critical Warning
Non-clocked sequential cell  
The clock pin Electric_hook_bd_i/vio_0/inst/U_XSDB_SLAVE/uuid_stamp_reg[75]/C is not reached by a timing clock
Related violations: <none>

TIMING-17#528 Critical Warning
Non-clocked sequential cell  
The clock pin Electric_hook_bd_i/vio_0/inst/U_XSDB_SLAVE/uuid_stamp_reg[76]/C is not reached by a timing clock
Related violations: <none>

TIMING-17#529 Critical Warning
Non-clocked sequential cell  
The clock pin Electric_hook_bd_i/vio_0/inst/U_XSDB_SLAVE/uuid_stamp_reg[77]/C is not reached by a timing clock
Related violations: <none>

TIMING-17#530 Critical Warning
Non-clocked sequential cell  
The clock pin Electric_hook_bd_i/vio_0/inst/U_XSDB_SLAVE/uuid_stamp_reg[78]/C is not reached by a timing clock
Related violations: <none>

TIMING-17#531 Critical Warning
Non-clocked sequential cell  
The clock pin Electric_hook_bd_i/vio_0/inst/U_XSDB_SLAVE/uuid_stamp_reg[79]/C is not reached by a timing clock
Related violations: <none>

TIMING-17#532 Critical Warning
Non-clocked sequential cell  
The clock pin Electric_hook_bd_i/vio_0/inst/U_XSDB_SLAVE/uuid_stamp_reg[7]/C is not reached by a timing clock
Related violations: <none>

TIMING-17#533 Critical Warning
Non-clocked sequential cell  
The clock pin Electric_hook_bd_i/vio_0/inst/U_XSDB_SLAVE/uuid_stamp_reg[80]/C is not reached by a timing clock
Related violations: <none>

TIMING-17#534 Critical Warning
Non-clocked sequential cell  
The clock pin Electric_hook_bd_i/vio_0/inst/U_XSDB_SLAVE/uuid_stamp_reg[81]/C is not reached by a timing clock
Related violations: <none>

TIMING-17#535 Critical Warning
Non-clocked sequential cell  
The clock pin Electric_hook_bd_i/vio_0/inst/U_XSDB_SLAVE/uuid_stamp_reg[82]/C is not reached by a timing clock
Related violations: <none>

TIMING-17#536 Critical Warning
Non-clocked sequential cell  
The clock pin Electric_hook_bd_i/vio_0/inst/U_XSDB_SLAVE/uuid_stamp_reg[83]/C is not reached by a timing clock
Related violations: <none>

TIMING-17#537 Critical Warning
Non-clocked sequential cell  
The clock pin Electric_hook_bd_i/vio_0/inst/U_XSDB_SLAVE/uuid_stamp_reg[84]/C is not reached by a timing clock
Related violations: <none>

TIMING-17#538 Critical Warning
Non-clocked sequential cell  
The clock pin Electric_hook_bd_i/vio_0/inst/U_XSDB_SLAVE/uuid_stamp_reg[85]/C is not reached by a timing clock
Related violations: <none>

TIMING-17#539 Critical Warning
Non-clocked sequential cell  
The clock pin Electric_hook_bd_i/vio_0/inst/U_XSDB_SLAVE/uuid_stamp_reg[86]/C is not reached by a timing clock
Related violations: <none>

TIMING-17#540 Critical Warning
Non-clocked sequential cell  
The clock pin Electric_hook_bd_i/vio_0/inst/U_XSDB_SLAVE/uuid_stamp_reg[87]/C is not reached by a timing clock
Related violations: <none>

TIMING-17#541 Critical Warning
Non-clocked sequential cell  
The clock pin Electric_hook_bd_i/vio_0/inst/U_XSDB_SLAVE/uuid_stamp_reg[88]/C is not reached by a timing clock
Related violations: <none>

TIMING-17#542 Critical Warning
Non-clocked sequential cell  
The clock pin Electric_hook_bd_i/vio_0/inst/U_XSDB_SLAVE/uuid_stamp_reg[89]/C is not reached by a timing clock
Related violations: <none>

TIMING-17#543 Critical Warning
Non-clocked sequential cell  
The clock pin Electric_hook_bd_i/vio_0/inst/U_XSDB_SLAVE/uuid_stamp_reg[8]/C is not reached by a timing clock
Related violations: <none>

TIMING-17#544 Critical Warning
Non-clocked sequential cell  
The clock pin Electric_hook_bd_i/vio_0/inst/U_XSDB_SLAVE/uuid_stamp_reg[90]/C is not reached by a timing clock
Related violations: <none>

TIMING-17#545 Critical Warning
Non-clocked sequential cell  
The clock pin Electric_hook_bd_i/vio_0/inst/U_XSDB_SLAVE/uuid_stamp_reg[91]/C is not reached by a timing clock
Related violations: <none>

TIMING-17#546 Critical Warning
Non-clocked sequential cell  
The clock pin Electric_hook_bd_i/vio_0/inst/U_XSDB_SLAVE/uuid_stamp_reg[92]/C is not reached by a timing clock
Related violations: <none>

TIMING-17#547 Critical Warning
Non-clocked sequential cell  
The clock pin Electric_hook_bd_i/vio_0/inst/U_XSDB_SLAVE/uuid_stamp_reg[93]/C is not reached by a timing clock
Related violations: <none>

TIMING-17#548 Critical Warning
Non-clocked sequential cell  
The clock pin Electric_hook_bd_i/vio_0/inst/U_XSDB_SLAVE/uuid_stamp_reg[94]/C is not reached by a timing clock
Related violations: <none>

TIMING-17#549 Critical Warning
Non-clocked sequential cell  
The clock pin Electric_hook_bd_i/vio_0/inst/U_XSDB_SLAVE/uuid_stamp_reg[95]/C is not reached by a timing clock
Related violations: <none>

TIMING-17#550 Critical Warning
Non-clocked sequential cell  
The clock pin Electric_hook_bd_i/vio_0/inst/U_XSDB_SLAVE/uuid_stamp_reg[96]/C is not reached by a timing clock
Related violations: <none>

TIMING-17#551 Critical Warning
Non-clocked sequential cell  
The clock pin Electric_hook_bd_i/vio_0/inst/U_XSDB_SLAVE/uuid_stamp_reg[97]/C is not reached by a timing clock
Related violations: <none>

TIMING-17#552 Critical Warning
Non-clocked sequential cell  
The clock pin Electric_hook_bd_i/vio_0/inst/U_XSDB_SLAVE/uuid_stamp_reg[98]/C is not reached by a timing clock
Related violations: <none>

TIMING-17#553 Critical Warning
Non-clocked sequential cell  
The clock pin Electric_hook_bd_i/vio_0/inst/U_XSDB_SLAVE/uuid_stamp_reg[99]/C is not reached by a timing clock
Related violations: <none>

TIMING-17#554 Critical Warning
Non-clocked sequential cell  
The clock pin Electric_hook_bd_i/vio_0/inst/U_XSDB_SLAVE/uuid_stamp_reg[9]/C is not reached by a timing clock
Related violations: <none>

TIMING-17#555 Critical Warning
Non-clocked sequential cell  
The clock pin Electric_hook_bd_i/vio_0/inst/bus_data_int_reg[0]/C is not reached by a timing clock
Related violations: <none>

TIMING-17#556 Critical Warning
Non-clocked sequential cell  
The clock pin Electric_hook_bd_i/vio_0/inst/bus_data_int_reg[10]/C is not reached by a timing clock
Related violations: <none>

TIMING-17#557 Critical Warning
Non-clocked sequential cell  
The clock pin Electric_hook_bd_i/vio_0/inst/bus_data_int_reg[11]/C is not reached by a timing clock
Related violations: <none>

TIMING-17#558 Critical Warning
Non-clocked sequential cell  
The clock pin Electric_hook_bd_i/vio_0/inst/bus_data_int_reg[12]/C is not reached by a timing clock
Related violations: <none>

TIMING-17#559 Critical Warning
Non-clocked sequential cell  
The clock pin Electric_hook_bd_i/vio_0/inst/bus_data_int_reg[13]/C is not reached by a timing clock
Related violations: <none>

TIMING-17#560 Critical Warning
Non-clocked sequential cell  
The clock pin Electric_hook_bd_i/vio_0/inst/bus_data_int_reg[14]/C is not reached by a timing clock
Related violations: <none>

TIMING-17#561 Critical Warning
Non-clocked sequential cell  
The clock pin Electric_hook_bd_i/vio_0/inst/bus_data_int_reg[15]/C is not reached by a timing clock
Related violations: <none>

TIMING-17#562 Critical Warning
Non-clocked sequential cell  
The clock pin Electric_hook_bd_i/vio_0/inst/bus_data_int_reg[1]/C is not reached by a timing clock
Related violations: <none>

TIMING-17#563 Critical Warning
Non-clocked sequential cell  
The clock pin Electric_hook_bd_i/vio_0/inst/bus_data_int_reg[2]/C is not reached by a timing clock
Related violations: <none>

TIMING-17#564 Critical Warning
Non-clocked sequential cell  
The clock pin Electric_hook_bd_i/vio_0/inst/bus_data_int_reg[3]/C is not reached by a timing clock
Related violations: <none>

TIMING-17#565 Critical Warning
Non-clocked sequential cell  
The clock pin Electric_hook_bd_i/vio_0/inst/bus_data_int_reg[4]/C is not reached by a timing clock
Related violations: <none>

TIMING-17#566 Critical Warning
Non-clocked sequential cell  
The clock pin Electric_hook_bd_i/vio_0/inst/bus_data_int_reg[5]/C is not reached by a timing clock
Related violations: <none>

TIMING-17#567 Critical Warning
Non-clocked sequential cell  
The clock pin Electric_hook_bd_i/vio_0/inst/bus_data_int_reg[6]/C is not reached by a timing clock
Related violations: <none>

TIMING-17#568 Critical Warning
Non-clocked sequential cell  
The clock pin Electric_hook_bd_i/vio_0/inst/bus_data_int_reg[7]/C is not reached by a timing clock
Related violations: <none>

TIMING-17#569 Critical Warning
Non-clocked sequential cell  
The clock pin Electric_hook_bd_i/vio_0/inst/bus_data_int_reg[8]/C is not reached by a timing clock
Related violations: <none>

TIMING-17#570 Critical Warning
Non-clocked sequential cell  
The clock pin Electric_hook_bd_i/vio_0/inst/bus_data_int_reg[9]/C is not reached by a timing clock
Related violations: <none>

TIMING-17#571 Critical Warning
Non-clocked sequential cell  
The clock pin dbg_hub/inst/BSCANID.u_xsdbm_id/CORE_XSDB.UUT_MASTER/U_ICON_INTERFACE/U_CMD1/ctl_reg_en_1_reg[0]/C is not reached by a timing clock
Related violations: <none>

TIMING-17#572 Critical Warning
Non-clocked sequential cell  
The clock pin dbg_hub/inst/BSCANID.u_xsdbm_id/CORE_XSDB.UUT_MASTER/U_ICON_INTERFACE/U_CMD1/ctl_reg_en_1_reg[1]/C is not reached by a timing clock
Related violations: <none>

TIMING-17#573 Critical Warning
Non-clocked sequential cell  
The clock pin dbg_hub/inst/BSCANID.u_xsdbm_id/CORE_XSDB.UUT_MASTER/U_ICON_INTERFACE/U_CMD1/ctl_reg_en_2_reg[0]/C is not reached by a timing clock
Related violations: <none>

TIMING-17#574 Critical Warning
Non-clocked sequential cell  
The clock pin dbg_hub/inst/BSCANID.u_xsdbm_id/CORE_XSDB.UUT_MASTER/U_ICON_INTERFACE/U_CMD1/ctl_reg_en_2_reg[1]/C is not reached by a timing clock
Related violations: <none>

TIMING-17#575 Critical Warning
Non-clocked sequential cell  
The clock pin dbg_hub/inst/BSCANID.u_xsdbm_id/CORE_XSDB.UUT_MASTER/U_ICON_INTERFACE/U_CMD1/ctl_reg_reg[0]/C is not reached by a timing clock
Related violations: <none>

TIMING-17#576 Critical Warning
Non-clocked sequential cell  
The clock pin dbg_hub/inst/BSCANID.u_xsdbm_id/CORE_XSDB.UUT_MASTER/U_ICON_INTERFACE/U_CMD1/ctl_reg_reg[1]/C is not reached by a timing clock
Related violations: <none>

TIMING-17#577 Critical Warning
Non-clocked sequential cell  
The clock pin dbg_hub/inst/BSCANID.u_xsdbm_id/CORE_XSDB.UUT_MASTER/U_ICON_INTERFACE/U_CMD2/stat_reg_ld_reg[0]/C is not reached by a timing clock
Related violations: <none>

TIMING-17#578 Critical Warning
Non-clocked sequential cell  
The clock pin dbg_hub/inst/BSCANID.u_xsdbm_id/CORE_XSDB.UUT_MASTER/U_ICON_INTERFACE/U_CMD2/stat_reg_ld_reg[1]/C is not reached by a timing clock
Related violations: <none>

TIMING-17#579 Critical Warning
Non-clocked sequential cell  
The clock pin dbg_hub/inst/BSCANID.u_xsdbm_id/CORE_XSDB.UUT_MASTER/U_ICON_INTERFACE/U_CMD2/stat_reg_ld_temp_1_reg/C is not reached by a timing clock
Related violations: <none>

TIMING-17#580 Critical Warning
Non-clocked sequential cell  
The clock pin dbg_hub/inst/BSCANID.u_xsdbm_id/CORE_XSDB.UUT_MASTER/U_ICON_INTERFACE/U_CMD2/stat_reg_reg[0]/C is not reached by a timing clock
Related violations: <none>

TIMING-17#581 Critical Warning
Non-clocked sequential cell  
The clock pin dbg_hub/inst/BSCANID.u_xsdbm_id/CORE_XSDB.UUT_MASTER/U_ICON_INTERFACE/U_CMD2/stat_reg_reg[1]/C is not reached by a timing clock
Related violations: <none>

TIMING-17#582 Critical Warning
Non-clocked sequential cell  
The clock pin dbg_hub/inst/BSCANID.u_xsdbm_id/CORE_XSDB.UUT_MASTER/U_ICON_INTERFACE/U_CMD2/stat_reg_reg[2]/C is not reached by a timing clock
Related violations: <none>

TIMING-17#583 Critical Warning
Non-clocked sequential cell  
The clock pin dbg_hub/inst/BSCANID.u_xsdbm_id/CORE_XSDB.UUT_MASTER/U_ICON_INTERFACE/U_CMD2/stat_reg_reg[3]/C is not reached by a timing clock
Related violations: <none>

TIMING-17#584 Critical Warning
Non-clocked sequential cell  
The clock pin dbg_hub/inst/BSCANID.u_xsdbm_id/CORE_XSDB.UUT_MASTER/U_ICON_INTERFACE/U_CMD3/stat_reg_ld_reg[0]/C is not reached by a timing clock
Related violations: <none>

TIMING-17#585 Critical Warning
Non-clocked sequential cell  
The clock pin dbg_hub/inst/BSCANID.u_xsdbm_id/CORE_XSDB.UUT_MASTER/U_ICON_INTERFACE/U_CMD3/stat_reg_ld_reg[1]/C is not reached by a timing clock
Related violations: <none>

TIMING-17#586 Critical Warning
Non-clocked sequential cell  
The clock pin dbg_hub/inst/BSCANID.u_xsdbm_id/CORE_XSDB.UUT_MASTER/U_ICON_INTERFACE/U_CMD3/stat_reg_ld_temp_1_reg/C is not reached by a timing clock
Related violations: <none>

TIMING-17#587 Critical Warning
Non-clocked sequential cell  
The clock pin dbg_hub/inst/BSCANID.u_xsdbm_id/CORE_XSDB.UUT_MASTER/U_ICON_INTERFACE/U_CMD3/stat_reg_reg[0]/C is not reached by a timing clock
Related violations: <none>

TIMING-17#588 Critical Warning
Non-clocked sequential cell  
The clock pin dbg_hub/inst/BSCANID.u_xsdbm_id/CORE_XSDB.UUT_MASTER/U_ICON_INTERFACE/U_CMD3/stat_reg_reg[1]/C is not reached by a timing clock
Related violations: <none>

TIMING-17#589 Critical Warning
Non-clocked sequential cell  
The clock pin dbg_hub/inst/BSCANID.u_xsdbm_id/CORE_XSDB.UUT_MASTER/U_ICON_INTERFACE/U_CMD3/stat_reg_reg[2]/C is not reached by a timing clock
Related violations: <none>

TIMING-17#590 Critical Warning
Non-clocked sequential cell  
The clock pin dbg_hub/inst/BSCANID.u_xsdbm_id/CORE_XSDB.UUT_MASTER/U_ICON_INTERFACE/U_CMD4/ctl_reg_en_1_reg[0]/C is not reached by a timing clock
Related violations: <none>

TIMING-17#591 Critical Warning
Non-clocked sequential cell  
The clock pin dbg_hub/inst/BSCANID.u_xsdbm_id/CORE_XSDB.UUT_MASTER/U_ICON_INTERFACE/U_CMD4/ctl_reg_en_1_reg[1]/C is not reached by a timing clock
Related violations: <none>

TIMING-17#592 Critical Warning
Non-clocked sequential cell  
The clock pin dbg_hub/inst/BSCANID.u_xsdbm_id/CORE_XSDB.UUT_MASTER/U_ICON_INTERFACE/U_CMD4/ctl_reg_en_2_reg[0]/C is not reached by a timing clock
Related violations: <none>

TIMING-17#593 Critical Warning
Non-clocked sequential cell  
The clock pin dbg_hub/inst/BSCANID.u_xsdbm_id/CORE_XSDB.UUT_MASTER/U_ICON_INTERFACE/U_CMD4/ctl_reg_en_2_reg[1]/C is not reached by a timing clock
Related violations: <none>

TIMING-17#594 Critical Warning
Non-clocked sequential cell  
The clock pin dbg_hub/inst/BSCANID.u_xsdbm_id/CORE_XSDB.UUT_MASTER/U_ICON_INTERFACE/U_CMD4/ctl_reg_reg[0]/C is not reached by a timing clock
Related violations: <none>

TIMING-17#595 Critical Warning
Non-clocked sequential cell  
The clock pin dbg_hub/inst/BSCANID.u_xsdbm_id/CORE_XSDB.UUT_MASTER/U_ICON_INTERFACE/U_CMD4/ctl_reg_reg[10]/C is not reached by a timing clock
Related violations: <none>

TIMING-17#596 Critical Warning
Non-clocked sequential cell  
The clock pin dbg_hub/inst/BSCANID.u_xsdbm_id/CORE_XSDB.UUT_MASTER/U_ICON_INTERFACE/U_CMD4/ctl_reg_reg[11]/C is not reached by a timing clock
Related violations: <none>

TIMING-17#597 Critical Warning
Non-clocked sequential cell  
The clock pin dbg_hub/inst/BSCANID.u_xsdbm_id/CORE_XSDB.UUT_MASTER/U_ICON_INTERFACE/U_CMD4/ctl_reg_reg[12]/C is not reached by a timing clock
Related violations: <none>

TIMING-17#598 Critical Warning
Non-clocked sequential cell  
The clock pin dbg_hub/inst/BSCANID.u_xsdbm_id/CORE_XSDB.UUT_MASTER/U_ICON_INTERFACE/U_CMD4/ctl_reg_reg[13]/C is not reached by a timing clock
Related violations: <none>

TIMING-17#599 Critical Warning
Non-clocked sequential cell  
The clock pin dbg_hub/inst/BSCANID.u_xsdbm_id/CORE_XSDB.UUT_MASTER/U_ICON_INTERFACE/U_CMD4/ctl_reg_reg[14]/C is not reached by a timing clock
Related violations: <none>

TIMING-17#600 Critical Warning
Non-clocked sequential cell  
The clock pin dbg_hub/inst/BSCANID.u_xsdbm_id/CORE_XSDB.UUT_MASTER/U_ICON_INTERFACE/U_CMD4/ctl_reg_reg[15]/C is not reached by a timing clock
Related violations: <none>

TIMING-17#601 Critical Warning
Non-clocked sequential cell  
The clock pin dbg_hub/inst/BSCANID.u_xsdbm_id/CORE_XSDB.UUT_MASTER/U_ICON_INTERFACE/U_CMD4/ctl_reg_reg[16]/C is not reached by a timing clock
Related violations: <none>

TIMING-17#602 Critical Warning
Non-clocked sequential cell  
The clock pin dbg_hub/inst/BSCANID.u_xsdbm_id/CORE_XSDB.UUT_MASTER/U_ICON_INTERFACE/U_CMD4/ctl_reg_reg[17]/C is not reached by a timing clock
Related violations: <none>

TIMING-17#603 Critical Warning
Non-clocked sequential cell  
The clock pin dbg_hub/inst/BSCANID.u_xsdbm_id/CORE_XSDB.UUT_MASTER/U_ICON_INTERFACE/U_CMD4/ctl_reg_reg[18]/C is not reached by a timing clock
Related violations: <none>

TIMING-17#604 Critical Warning
Non-clocked sequential cell  
The clock pin dbg_hub/inst/BSCANID.u_xsdbm_id/CORE_XSDB.UUT_MASTER/U_ICON_INTERFACE/U_CMD4/ctl_reg_reg[19]/C is not reached by a timing clock
Related violations: <none>

TIMING-17#605 Critical Warning
Non-clocked sequential cell  
The clock pin dbg_hub/inst/BSCANID.u_xsdbm_id/CORE_XSDB.UUT_MASTER/U_ICON_INTERFACE/U_CMD4/ctl_reg_reg[1]/C is not reached by a timing clock
Related violations: <none>

TIMING-17#606 Critical Warning
Non-clocked sequential cell  
The clock pin dbg_hub/inst/BSCANID.u_xsdbm_id/CORE_XSDB.UUT_MASTER/U_ICON_INTERFACE/U_CMD4/ctl_reg_reg[20]/C is not reached by a timing clock
Related violations: <none>

TIMING-17#607 Critical Warning
Non-clocked sequential cell  
The clock pin dbg_hub/inst/BSCANID.u_xsdbm_id/CORE_XSDB.UUT_MASTER/U_ICON_INTERFACE/U_CMD4/ctl_reg_reg[21]/C is not reached by a timing clock
Related violations: <none>

TIMING-17#608 Critical Warning
Non-clocked sequential cell  
The clock pin dbg_hub/inst/BSCANID.u_xsdbm_id/CORE_XSDB.UUT_MASTER/U_ICON_INTERFACE/U_CMD4/ctl_reg_reg[22]/C is not reached by a timing clock
Related violations: <none>

TIMING-17#609 Critical Warning
Non-clocked sequential cell  
The clock pin dbg_hub/inst/BSCANID.u_xsdbm_id/CORE_XSDB.UUT_MASTER/U_ICON_INTERFACE/U_CMD4/ctl_reg_reg[23]/C is not reached by a timing clock
Related violations: <none>

TIMING-17#610 Critical Warning
Non-clocked sequential cell  
The clock pin dbg_hub/inst/BSCANID.u_xsdbm_id/CORE_XSDB.UUT_MASTER/U_ICON_INTERFACE/U_CMD4/ctl_reg_reg[24]/C is not reached by a timing clock
Related violations: <none>

TIMING-17#611 Critical Warning
Non-clocked sequential cell  
The clock pin dbg_hub/inst/BSCANID.u_xsdbm_id/CORE_XSDB.UUT_MASTER/U_ICON_INTERFACE/U_CMD4/ctl_reg_reg[25]/C is not reached by a timing clock
Related violations: <none>

TIMING-17#612 Critical Warning
Non-clocked sequential cell  
The clock pin dbg_hub/inst/BSCANID.u_xsdbm_id/CORE_XSDB.UUT_MASTER/U_ICON_INTERFACE/U_CMD4/ctl_reg_reg[26]/C is not reached by a timing clock
Related violations: <none>

TIMING-17#613 Critical Warning
Non-clocked sequential cell  
The clock pin dbg_hub/inst/BSCANID.u_xsdbm_id/CORE_XSDB.UUT_MASTER/U_ICON_INTERFACE/U_CMD4/ctl_reg_reg[27]/C is not reached by a timing clock
Related violations: <none>

TIMING-17#614 Critical Warning
Non-clocked sequential cell  
The clock pin dbg_hub/inst/BSCANID.u_xsdbm_id/CORE_XSDB.UUT_MASTER/U_ICON_INTERFACE/U_CMD4/ctl_reg_reg[2]/C is not reached by a timing clock
Related violations: <none>

TIMING-17#615 Critical Warning
Non-clocked sequential cell  
The clock pin dbg_hub/inst/BSCANID.u_xsdbm_id/CORE_XSDB.UUT_MASTER/U_ICON_INTERFACE/U_CMD4/ctl_reg_reg[3]/C is not reached by a timing clock
Related violations: <none>

TIMING-17#616 Critical Warning
Non-clocked sequential cell  
The clock pin dbg_hub/inst/BSCANID.u_xsdbm_id/CORE_XSDB.UUT_MASTER/U_ICON_INTERFACE/U_CMD4/ctl_reg_reg[4]/C is not reached by a timing clock
Related violations: <none>

TIMING-17#617 Critical Warning
Non-clocked sequential cell  
The clock pin dbg_hub/inst/BSCANID.u_xsdbm_id/CORE_XSDB.UUT_MASTER/U_ICON_INTERFACE/U_CMD4/ctl_reg_reg[5]/C is not reached by a timing clock
Related violations: <none>

TIMING-17#618 Critical Warning
Non-clocked sequential cell  
The clock pin dbg_hub/inst/BSCANID.u_xsdbm_id/CORE_XSDB.UUT_MASTER/U_ICON_INTERFACE/U_CMD4/ctl_reg_reg[6]/C is not reached by a timing clock
Related violations: <none>

TIMING-17#619 Critical Warning
Non-clocked sequential cell  
The clock pin dbg_hub/inst/BSCANID.u_xsdbm_id/CORE_XSDB.UUT_MASTER/U_ICON_INTERFACE/U_CMD4/ctl_reg_reg[7]/C is not reached by a timing clock
Related violations: <none>

TIMING-17#620 Critical Warning
Non-clocked sequential cell  
The clock pin dbg_hub/inst/BSCANID.u_xsdbm_id/CORE_XSDB.UUT_MASTER/U_ICON_INTERFACE/U_CMD4/ctl_reg_reg[8]/C is not reached by a timing clock
Related violations: <none>

TIMING-17#621 Critical Warning
Non-clocked sequential cell  
The clock pin dbg_hub/inst/BSCANID.u_xsdbm_id/CORE_XSDB.UUT_MASTER/U_ICON_INTERFACE/U_CMD4/ctl_reg_reg[9]/C is not reached by a timing clock
Related violations: <none>

TIMING-17#622 Critical Warning
Non-clocked sequential cell  
The clock pin dbg_hub/inst/BSCANID.u_xsdbm_id/CORE_XSDB.UUT_MASTER/U_ICON_INTERFACE/U_CMD5/ctl_reg_en_1_reg[0]/C is not reached by a timing clock
Related violations: <none>

TIMING-17#623 Critical Warning
Non-clocked sequential cell  
The clock pin dbg_hub/inst/BSCANID.u_xsdbm_id/CORE_XSDB.UUT_MASTER/U_ICON_INTERFACE/U_CMD5/ctl_reg_en_1_reg[1]/C is not reached by a timing clock
Related violations: <none>

TIMING-17#624 Critical Warning
Non-clocked sequential cell  
The clock pin dbg_hub/inst/BSCANID.u_xsdbm_id/CORE_XSDB.UUT_MASTER/U_ICON_INTERFACE/U_CMD5/ctl_reg_en_2_reg[0]/C is not reached by a timing clock
Related violations: <none>

TIMING-17#625 Critical Warning
Non-clocked sequential cell  
The clock pin dbg_hub/inst/BSCANID.u_xsdbm_id/CORE_XSDB.UUT_MASTER/U_ICON_INTERFACE/U_CMD5/ctl_reg_en_2_reg[1]/C is not reached by a timing clock
Related violations: <none>

TIMING-17#626 Critical Warning
Non-clocked sequential cell  
The clock pin dbg_hub/inst/BSCANID.u_xsdbm_id/CORE_XSDB.UUT_MASTER/U_ICON_INTERFACE/U_CMD5/ctl_reg_reg[0]/C is not reached by a timing clock
Related violations: <none>

TIMING-17#627 Critical Warning
Non-clocked sequential cell  
The clock pin dbg_hub/inst/BSCANID.u_xsdbm_id/CORE_XSDB.UUT_MASTER/U_ICON_INTERFACE/U_CMD5/ctl_reg_reg[10]/C is not reached by a timing clock
Related violations: <none>

TIMING-17#628 Critical Warning
Non-clocked sequential cell  
The clock pin dbg_hub/inst/BSCANID.u_xsdbm_id/CORE_XSDB.UUT_MASTER/U_ICON_INTERFACE/U_CMD5/ctl_reg_reg[11]/C is not reached by a timing clock
Related violations: <none>

TIMING-17#629 Critical Warning
Non-clocked sequential cell  
The clock pin dbg_hub/inst/BSCANID.u_xsdbm_id/CORE_XSDB.UUT_MASTER/U_ICON_INTERFACE/U_CMD5/ctl_reg_reg[12]/C is not reached by a timing clock
Related violations: <none>

TIMING-17#630 Critical Warning
Non-clocked sequential cell  
The clock pin dbg_hub/inst/BSCANID.u_xsdbm_id/CORE_XSDB.UUT_MASTER/U_ICON_INTERFACE/U_CMD5/ctl_reg_reg[13]/C is not reached by a timing clock
Related violations: <none>

TIMING-17#631 Critical Warning
Non-clocked sequential cell  
The clock pin dbg_hub/inst/BSCANID.u_xsdbm_id/CORE_XSDB.UUT_MASTER/U_ICON_INTERFACE/U_CMD5/ctl_reg_reg[14]/C is not reached by a timing clock
Related violations: <none>

TIMING-17#632 Critical Warning
Non-clocked sequential cell  
The clock pin dbg_hub/inst/BSCANID.u_xsdbm_id/CORE_XSDB.UUT_MASTER/U_ICON_INTERFACE/U_CMD5/ctl_reg_reg[15]/C is not reached by a timing clock
Related violations: <none>

TIMING-17#633 Critical Warning
Non-clocked sequential cell  
The clock pin dbg_hub/inst/BSCANID.u_xsdbm_id/CORE_XSDB.UUT_MASTER/U_ICON_INTERFACE/U_CMD5/ctl_reg_reg[16]/C is not reached by a timing clock
Related violations: <none>

TIMING-17#634 Critical Warning
Non-clocked sequential cell  
The clock pin dbg_hub/inst/BSCANID.u_xsdbm_id/CORE_XSDB.UUT_MASTER/U_ICON_INTERFACE/U_CMD5/ctl_reg_reg[17]/C is not reached by a timing clock
Related violations: <none>

TIMING-17#635 Critical Warning
Non-clocked sequential cell  
The clock pin dbg_hub/inst/BSCANID.u_xsdbm_id/CORE_XSDB.UUT_MASTER/U_ICON_INTERFACE/U_CMD5/ctl_reg_reg[1]/C is not reached by a timing clock
Related violations: <none>

TIMING-17#636 Critical Warning
Non-clocked sequential cell  
The clock pin dbg_hub/inst/BSCANID.u_xsdbm_id/CORE_XSDB.UUT_MASTER/U_ICON_INTERFACE/U_CMD5/ctl_reg_reg[2]/C is not reached by a timing clock
Related violations: <none>

TIMING-17#637 Critical Warning
Non-clocked sequential cell  
The clock pin dbg_hub/inst/BSCANID.u_xsdbm_id/CORE_XSDB.UUT_MASTER/U_ICON_INTERFACE/U_CMD5/ctl_reg_reg[3]/C is not reached by a timing clock
Related violations: <none>

TIMING-17#638 Critical Warning
Non-clocked sequential cell  
The clock pin dbg_hub/inst/BSCANID.u_xsdbm_id/CORE_XSDB.UUT_MASTER/U_ICON_INTERFACE/U_CMD5/ctl_reg_reg[4]/C is not reached by a timing clock
Related violations: <none>

TIMING-17#639 Critical Warning
Non-clocked sequential cell  
The clock pin dbg_hub/inst/BSCANID.u_xsdbm_id/CORE_XSDB.UUT_MASTER/U_ICON_INTERFACE/U_CMD5/ctl_reg_reg[5]/C is not reached by a timing clock
Related violations: <none>

TIMING-17#640 Critical Warning
Non-clocked sequential cell  
The clock pin dbg_hub/inst/BSCANID.u_xsdbm_id/CORE_XSDB.UUT_MASTER/U_ICON_INTERFACE/U_CMD5/ctl_reg_reg[6]/C is not reached by a timing clock
Related violations: <none>

TIMING-17#641 Critical Warning
Non-clocked sequential cell  
The clock pin dbg_hub/inst/BSCANID.u_xsdbm_id/CORE_XSDB.UUT_MASTER/U_ICON_INTERFACE/U_CMD5/ctl_reg_reg[7]/C is not reached by a timing clock
Related violations: <none>

TIMING-17#642 Critical Warning
Non-clocked sequential cell  
The clock pin dbg_hub/inst/BSCANID.u_xsdbm_id/CORE_XSDB.UUT_MASTER/U_ICON_INTERFACE/U_CMD5/ctl_reg_reg[8]/C is not reached by a timing clock
Related violations: <none>

TIMING-17#643 Critical Warning
Non-clocked sequential cell  
The clock pin dbg_hub/inst/BSCANID.u_xsdbm_id/CORE_XSDB.UUT_MASTER/U_ICON_INTERFACE/U_CMD5/ctl_reg_reg[9]/C is not reached by a timing clock
Related violations: <none>

TIMING-17#644 Critical Warning
Non-clocked sequential cell  
The clock pin dbg_hub/inst/BSCANID.u_xsdbm_id/CORE_XSDB.UUT_MASTER/U_ICON_INTERFACE/U_CMD6_RD/U_RD_FIFO/SUBCORE_FIFO.xsdbm_v3_0_0_rdfifo_inst/inst_fifo_gen/gconvfifo.rf/grf.rf/gntv_or_sync_fifo.gcx.clkx/gnxpm_cdc.gsync_stage[1].wr_stg_inst/Q_reg_reg[0]/C is not reached by a timing clock
Related violations: <none>

TIMING-17#645 Critical Warning
Non-clocked sequential cell  
The clock pin dbg_hub/inst/BSCANID.u_xsdbm_id/CORE_XSDB.UUT_MASTER/U_ICON_INTERFACE/U_CMD6_RD/U_RD_FIFO/SUBCORE_FIFO.xsdbm_v3_0_0_rdfifo_inst/inst_fifo_gen/gconvfifo.rf/grf.rf/gntv_or_sync_fifo.gcx.clkx/gnxpm_cdc.gsync_stage[1].wr_stg_inst/Q_reg_reg[1]/C is not reached by a timing clock
Related violations: <none>

TIMING-17#646 Critical Warning
Non-clocked sequential cell  
The clock pin dbg_hub/inst/BSCANID.u_xsdbm_id/CORE_XSDB.UUT_MASTER/U_ICON_INTERFACE/U_CMD6_RD/U_RD_FIFO/SUBCORE_FIFO.xsdbm_v3_0_0_rdfifo_inst/inst_fifo_gen/gconvfifo.rf/grf.rf/gntv_or_sync_fifo.gcx.clkx/gnxpm_cdc.gsync_stage[1].wr_stg_inst/Q_reg_reg[2]/C is not reached by a timing clock
Related violations: <none>

TIMING-17#647 Critical Warning
Non-clocked sequential cell  
The clock pin dbg_hub/inst/BSCANID.u_xsdbm_id/CORE_XSDB.UUT_MASTER/U_ICON_INTERFACE/U_CMD6_RD/U_RD_FIFO/SUBCORE_FIFO.xsdbm_v3_0_0_rdfifo_inst/inst_fifo_gen/gconvfifo.rf/grf.rf/gntv_or_sync_fifo.gcx.clkx/gnxpm_cdc.gsync_stage[1].wr_stg_inst/Q_reg_reg[3]/C is not reached by a timing clock
Related violations: <none>

TIMING-17#648 Critical Warning
Non-clocked sequential cell  
The clock pin dbg_hub/inst/BSCANID.u_xsdbm_id/CORE_XSDB.UUT_MASTER/U_ICON_INTERFACE/U_CMD6_RD/U_RD_FIFO/SUBCORE_FIFO.xsdbm_v3_0_0_rdfifo_inst/inst_fifo_gen/gconvfifo.rf/grf.rf/gntv_or_sync_fifo.gcx.clkx/gnxpm_cdc.gsync_stage[2].wr_stg_inst/Q_reg_reg[0]/C is not reached by a timing clock
Related violations: <none>

TIMING-17#649 Critical Warning
Non-clocked sequential cell  
The clock pin dbg_hub/inst/BSCANID.u_xsdbm_id/CORE_XSDB.UUT_MASTER/U_ICON_INTERFACE/U_CMD6_RD/U_RD_FIFO/SUBCORE_FIFO.xsdbm_v3_0_0_rdfifo_inst/inst_fifo_gen/gconvfifo.rf/grf.rf/gntv_or_sync_fifo.gcx.clkx/gnxpm_cdc.gsync_stage[2].wr_stg_inst/Q_reg_reg[1]/C is not reached by a timing clock
Related violations: <none>

TIMING-17#650 Critical Warning
Non-clocked sequential cell  
The clock pin dbg_hub/inst/BSCANID.u_xsdbm_id/CORE_XSDB.UUT_MASTER/U_ICON_INTERFACE/U_CMD6_RD/U_RD_FIFO/SUBCORE_FIFO.xsdbm_v3_0_0_rdfifo_inst/inst_fifo_gen/gconvfifo.rf/grf.rf/gntv_or_sync_fifo.gcx.clkx/gnxpm_cdc.gsync_stage[2].wr_stg_inst/Q_reg_reg[2]/C is not reached by a timing clock
Related violations: <none>

TIMING-17#651 Critical Warning
Non-clocked sequential cell  
The clock pin dbg_hub/inst/BSCANID.u_xsdbm_id/CORE_XSDB.UUT_MASTER/U_ICON_INTERFACE/U_CMD6_RD/U_RD_FIFO/SUBCORE_FIFO.xsdbm_v3_0_0_rdfifo_inst/inst_fifo_gen/gconvfifo.rf/grf.rf/gntv_or_sync_fifo.gcx.clkx/gnxpm_cdc.gsync_stage[2].wr_stg_inst/Q_reg_reg[3]/C is not reached by a timing clock
Related violations: <none>

TIMING-17#652 Critical Warning
Non-clocked sequential cell  
The clock pin dbg_hub/inst/BSCANID.u_xsdbm_id/CORE_XSDB.UUT_MASTER/U_ICON_INTERFACE/U_CMD6_RD/U_RD_FIFO/SUBCORE_FIFO.xsdbm_v3_0_0_rdfifo_inst/inst_fifo_gen/gconvfifo.rf/grf.rf/gntv_or_sync_fifo.gcx.clkx/gnxpm_cdc.rd_pntr_bin_reg[0]/C is not reached by a timing clock
Related violations: <none>

TIMING-17#653 Critical Warning
Non-clocked sequential cell  
The clock pin dbg_hub/inst/BSCANID.u_xsdbm_id/CORE_XSDB.UUT_MASTER/U_ICON_INTERFACE/U_CMD6_RD/U_RD_FIFO/SUBCORE_FIFO.xsdbm_v3_0_0_rdfifo_inst/inst_fifo_gen/gconvfifo.rf/grf.rf/gntv_or_sync_fifo.gcx.clkx/gnxpm_cdc.rd_pntr_bin_reg[1]/C is not reached by a timing clock
Related violations: <none>

TIMING-17#654 Critical Warning
Non-clocked sequential cell  
The clock pin dbg_hub/inst/BSCANID.u_xsdbm_id/CORE_XSDB.UUT_MASTER/U_ICON_INTERFACE/U_CMD6_RD/U_RD_FIFO/SUBCORE_FIFO.xsdbm_v3_0_0_rdfifo_inst/inst_fifo_gen/gconvfifo.rf/grf.rf/gntv_or_sync_fifo.gcx.clkx/gnxpm_cdc.rd_pntr_bin_reg[2]/C is not reached by a timing clock
Related violations: <none>

TIMING-17#655 Critical Warning
Non-clocked sequential cell  
The clock pin dbg_hub/inst/BSCANID.u_xsdbm_id/CORE_XSDB.UUT_MASTER/U_ICON_INTERFACE/U_CMD6_RD/U_RD_FIFO/SUBCORE_FIFO.xsdbm_v3_0_0_rdfifo_inst/inst_fifo_gen/gconvfifo.rf/grf.rf/gntv_or_sync_fifo.gcx.clkx/gnxpm_cdc.rd_pntr_bin_reg[3]/C is not reached by a timing clock
Related violations: <none>

TIMING-17#656 Critical Warning
Non-clocked sequential cell  
The clock pin dbg_hub/inst/BSCANID.u_xsdbm_id/CORE_XSDB.UUT_MASTER/U_ICON_INTERFACE/U_CMD6_RD/U_RD_FIFO/SUBCORE_FIFO.xsdbm_v3_0_0_rdfifo_inst/inst_fifo_gen/gconvfifo.rf/grf.rf/gntv_or_sync_fifo.gcx.clkx/gnxpm_cdc.wr_pntr_gc_reg[0]/C is not reached by a timing clock
Related violations: <none>

TIMING-17#657 Critical Warning
Non-clocked sequential cell  
The clock pin dbg_hub/inst/BSCANID.u_xsdbm_id/CORE_XSDB.UUT_MASTER/U_ICON_INTERFACE/U_CMD6_RD/U_RD_FIFO/SUBCORE_FIFO.xsdbm_v3_0_0_rdfifo_inst/inst_fifo_gen/gconvfifo.rf/grf.rf/gntv_or_sync_fifo.gcx.clkx/gnxpm_cdc.wr_pntr_gc_reg[1]/C is not reached by a timing clock
Related violations: <none>

TIMING-17#658 Critical Warning
Non-clocked sequential cell  
The clock pin dbg_hub/inst/BSCANID.u_xsdbm_id/CORE_XSDB.UUT_MASTER/U_ICON_INTERFACE/U_CMD6_RD/U_RD_FIFO/SUBCORE_FIFO.xsdbm_v3_0_0_rdfifo_inst/inst_fifo_gen/gconvfifo.rf/grf.rf/gntv_or_sync_fifo.gcx.clkx/gnxpm_cdc.wr_pntr_gc_reg[2]/C is not reached by a timing clock
Related violations: <none>

TIMING-17#659 Critical Warning
Non-clocked sequential cell  
The clock pin dbg_hub/inst/BSCANID.u_xsdbm_id/CORE_XSDB.UUT_MASTER/U_ICON_INTERFACE/U_CMD6_RD/U_RD_FIFO/SUBCORE_FIFO.xsdbm_v3_0_0_rdfifo_inst/inst_fifo_gen/gconvfifo.rf/grf.rf/gntv_or_sync_fifo.gcx.clkx/gnxpm_cdc.wr_pntr_gc_reg[3]/C is not reached by a timing clock
Related violations: <none>

TIMING-17#660 Critical Warning
Non-clocked sequential cell  
The clock pin dbg_hub/inst/BSCANID.u_xsdbm_id/CORE_XSDB.UUT_MASTER/U_ICON_INTERFACE/U_CMD6_RD/U_RD_FIFO/SUBCORE_FIFO.xsdbm_v3_0_0_rdfifo_inst/inst_fifo_gen/gconvfifo.rf/grf.rf/gntv_or_sync_fifo.gl0.wr/gwas.wsts/ram_full_fb_i_reg/C is not reached by a timing clock
Related violations: <none>

TIMING-17#661 Critical Warning
Non-clocked sequential cell  
The clock pin dbg_hub/inst/BSCANID.u_xsdbm_id/CORE_XSDB.UUT_MASTER/U_ICON_INTERFACE/U_CMD6_RD/U_RD_FIFO/SUBCORE_FIFO.xsdbm_v3_0_0_rdfifo_inst/inst_fifo_gen/gconvfifo.rf/grf.rf/gntv_or_sync_fifo.gl0.wr/gwas.wsts/ram_full_i_reg/C is not reached by a timing clock
Related violations: <none>

TIMING-17#662 Critical Warning
Non-clocked sequential cell  
The clock pin dbg_hub/inst/BSCANID.u_xsdbm_id/CORE_XSDB.UUT_MASTER/U_ICON_INTERFACE/U_CMD6_RD/U_RD_FIFO/SUBCORE_FIFO.xsdbm_v3_0_0_rdfifo_inst/inst_fifo_gen/gconvfifo.rf/grf.rf/gntv_or_sync_fifo.gl0.wr/gwhf.whf/gof.gof1.overflow_i_reg/C is not reached by a timing clock
Related violations: <none>

TIMING-17#663 Critical Warning
Non-clocked sequential cell  
The clock pin dbg_hub/inst/BSCANID.u_xsdbm_id/CORE_XSDB.UUT_MASTER/U_ICON_INTERFACE/U_CMD6_RD/U_RD_FIFO/SUBCORE_FIFO.xsdbm_v3_0_0_rdfifo_inst/inst_fifo_gen/gconvfifo.rf/grf.rf/gntv_or_sync_fifo.gl0.wr/wpntr/gic0.gc0.count_d1_reg[0]/C is not reached by a timing clock
Related violations: <none>

TIMING-17#664 Critical Warning
Non-clocked sequential cell  
The clock pin dbg_hub/inst/BSCANID.u_xsdbm_id/CORE_XSDB.UUT_MASTER/U_ICON_INTERFACE/U_CMD6_RD/U_RD_FIFO/SUBCORE_FIFO.xsdbm_v3_0_0_rdfifo_inst/inst_fifo_gen/gconvfifo.rf/grf.rf/gntv_or_sync_fifo.gl0.wr/wpntr/gic0.gc0.count_d1_reg[1]/C is not reached by a timing clock
Related violations: <none>

TIMING-17#665 Critical Warning
Non-clocked sequential cell  
The clock pin dbg_hub/inst/BSCANID.u_xsdbm_id/CORE_XSDB.UUT_MASTER/U_ICON_INTERFACE/U_CMD6_RD/U_RD_FIFO/SUBCORE_FIFO.xsdbm_v3_0_0_rdfifo_inst/inst_fifo_gen/gconvfifo.rf/grf.rf/gntv_or_sync_fifo.gl0.wr/wpntr/gic0.gc0.count_d1_reg[2]/C is not reached by a timing clock
Related violations: <none>

TIMING-17#666 Critical Warning
Non-clocked sequential cell  
The clock pin dbg_hub/inst/BSCANID.u_xsdbm_id/CORE_XSDB.UUT_MASTER/U_ICON_INTERFACE/U_CMD6_RD/U_RD_FIFO/SUBCORE_FIFO.xsdbm_v3_0_0_rdfifo_inst/inst_fifo_gen/gconvfifo.rf/grf.rf/gntv_or_sync_fifo.gl0.wr/wpntr/gic0.gc0.count_d1_reg[3]/C is not reached by a timing clock
Related violations: <none>

TIMING-17#667 Critical Warning
Non-clocked sequential cell  
The clock pin dbg_hub/inst/BSCANID.u_xsdbm_id/CORE_XSDB.UUT_MASTER/U_ICON_INTERFACE/U_CMD6_RD/U_RD_FIFO/SUBCORE_FIFO.xsdbm_v3_0_0_rdfifo_inst/inst_fifo_gen/gconvfifo.rf/grf.rf/gntv_or_sync_fifo.gl0.wr/wpntr/gic0.gc0.count_d2_reg[0]/C is not reached by a timing clock
Related violations: <none>

TIMING-17#668 Critical Warning
Non-clocked sequential cell  
The clock pin dbg_hub/inst/BSCANID.u_xsdbm_id/CORE_XSDB.UUT_MASTER/U_ICON_INTERFACE/U_CMD6_RD/U_RD_FIFO/SUBCORE_FIFO.xsdbm_v3_0_0_rdfifo_inst/inst_fifo_gen/gconvfifo.rf/grf.rf/gntv_or_sync_fifo.gl0.wr/wpntr/gic0.gc0.count_d2_reg[1]/C is not reached by a timing clock
Related violations: <none>

TIMING-17#669 Critical Warning
Non-clocked sequential cell  
The clock pin dbg_hub/inst/BSCANID.u_xsdbm_id/CORE_XSDB.UUT_MASTER/U_ICON_INTERFACE/U_CMD6_RD/U_RD_FIFO/SUBCORE_FIFO.xsdbm_v3_0_0_rdfifo_inst/inst_fifo_gen/gconvfifo.rf/grf.rf/gntv_or_sync_fifo.gl0.wr/wpntr/gic0.gc0.count_d2_reg[2]/C is not reached by a timing clock
Related violations: <none>

TIMING-17#670 Critical Warning
Non-clocked sequential cell  
The clock pin dbg_hub/inst/BSCANID.u_xsdbm_id/CORE_XSDB.UUT_MASTER/U_ICON_INTERFACE/U_CMD6_RD/U_RD_FIFO/SUBCORE_FIFO.xsdbm_v3_0_0_rdfifo_inst/inst_fifo_gen/gconvfifo.rf/grf.rf/gntv_or_sync_fifo.gl0.wr/wpntr/gic0.gc0.count_d2_reg[3]/C is not reached by a timing clock
Related violations: <none>

TIMING-17#671 Critical Warning
Non-clocked sequential cell  
The clock pin dbg_hub/inst/BSCANID.u_xsdbm_id/CORE_XSDB.UUT_MASTER/U_ICON_INTERFACE/U_CMD6_RD/U_RD_FIFO/SUBCORE_FIFO.xsdbm_v3_0_0_rdfifo_inst/inst_fifo_gen/gconvfifo.rf/grf.rf/gntv_or_sync_fifo.gl0.wr/wpntr/gic0.gc0.count_reg[0]/C is not reached by a timing clock
Related violations: <none>

TIMING-17#672 Critical Warning
Non-clocked sequential cell  
The clock pin dbg_hub/inst/BSCANID.u_xsdbm_id/CORE_XSDB.UUT_MASTER/U_ICON_INTERFACE/U_CMD6_RD/U_RD_FIFO/SUBCORE_FIFO.xsdbm_v3_0_0_rdfifo_inst/inst_fifo_gen/gconvfifo.rf/grf.rf/gntv_or_sync_fifo.gl0.wr/wpntr/gic0.gc0.count_reg[1]/C is not reached by a timing clock
Related violations: <none>

TIMING-17#673 Critical Warning
Non-clocked sequential cell  
The clock pin dbg_hub/inst/BSCANID.u_xsdbm_id/CORE_XSDB.UUT_MASTER/U_ICON_INTERFACE/U_CMD6_RD/U_RD_FIFO/SUBCORE_FIFO.xsdbm_v3_0_0_rdfifo_inst/inst_fifo_gen/gconvfifo.rf/grf.rf/gntv_or_sync_fifo.gl0.wr/wpntr/gic0.gc0.count_reg[2]/C is not reached by a timing clock
Related violations: <none>

TIMING-17#674 Critical Warning
Non-clocked sequential cell  
The clock pin dbg_hub/inst/BSCANID.u_xsdbm_id/CORE_XSDB.UUT_MASTER/U_ICON_INTERFACE/U_CMD6_RD/U_RD_FIFO/SUBCORE_FIFO.xsdbm_v3_0_0_rdfifo_inst/inst_fifo_gen/gconvfifo.rf/grf.rf/gntv_or_sync_fifo.gl0.wr/wpntr/gic0.gc0.count_reg[3]/C is not reached by a timing clock
Related violations: <none>

TIMING-17#675 Critical Warning
Non-clocked sequential cell  
The clock pin dbg_hub/inst/BSCANID.u_xsdbm_id/CORE_XSDB.UUT_MASTER/U_ICON_INTERFACE/U_CMD6_RD/U_RD_FIFO/SUBCORE_FIFO.xsdbm_v3_0_0_rdfifo_inst/inst_fifo_gen/gconvfifo.rf/grf.rf/gntv_or_sync_fifo.mem/gdm.dm_gen.dm/RAM_reg_0_15_0_5/RAMA/CLK is not reached by a timing clock
Related violations: <none>

TIMING-17#676 Critical Warning
Non-clocked sequential cell  
The clock pin dbg_hub/inst/BSCANID.u_xsdbm_id/CORE_XSDB.UUT_MASTER/U_ICON_INTERFACE/U_CMD6_RD/U_RD_FIFO/SUBCORE_FIFO.xsdbm_v3_0_0_rdfifo_inst/inst_fifo_gen/gconvfifo.rf/grf.rf/gntv_or_sync_fifo.mem/gdm.dm_gen.dm/RAM_reg_0_15_0_5/RAMA_D1/CLK is not reached by a timing clock
Related violations: <none>

TIMING-17#677 Critical Warning
Non-clocked sequential cell  
The clock pin dbg_hub/inst/BSCANID.u_xsdbm_id/CORE_XSDB.UUT_MASTER/U_ICON_INTERFACE/U_CMD6_RD/U_RD_FIFO/SUBCORE_FIFO.xsdbm_v3_0_0_rdfifo_inst/inst_fifo_gen/gconvfifo.rf/grf.rf/gntv_or_sync_fifo.mem/gdm.dm_gen.dm/RAM_reg_0_15_0_5/RAMB/CLK is not reached by a timing clock
Related violations: <none>

TIMING-17#678 Critical Warning
Non-clocked sequential cell  
The clock pin dbg_hub/inst/BSCANID.u_xsdbm_id/CORE_XSDB.UUT_MASTER/U_ICON_INTERFACE/U_CMD6_RD/U_RD_FIFO/SUBCORE_FIFO.xsdbm_v3_0_0_rdfifo_inst/inst_fifo_gen/gconvfifo.rf/grf.rf/gntv_or_sync_fifo.mem/gdm.dm_gen.dm/RAM_reg_0_15_0_5/RAMB_D1/CLK is not reached by a timing clock
Related violations: <none>

TIMING-17#679 Critical Warning
Non-clocked sequential cell  
The clock pin dbg_hub/inst/BSCANID.u_xsdbm_id/CORE_XSDB.UUT_MASTER/U_ICON_INTERFACE/U_CMD6_RD/U_RD_FIFO/SUBCORE_FIFO.xsdbm_v3_0_0_rdfifo_inst/inst_fifo_gen/gconvfifo.rf/grf.rf/gntv_or_sync_fifo.mem/gdm.dm_gen.dm/RAM_reg_0_15_0_5/RAMC/CLK is not reached by a timing clock
Related violations: <none>

TIMING-17#680 Critical Warning
Non-clocked sequential cell  
The clock pin dbg_hub/inst/BSCANID.u_xsdbm_id/CORE_XSDB.UUT_MASTER/U_ICON_INTERFACE/U_CMD6_RD/U_RD_FIFO/SUBCORE_FIFO.xsdbm_v3_0_0_rdfifo_inst/inst_fifo_gen/gconvfifo.rf/grf.rf/gntv_or_sync_fifo.mem/gdm.dm_gen.dm/RAM_reg_0_15_0_5/RAMC_D1/CLK is not reached by a timing clock
Related violations: <none>

TIMING-17#681 Critical Warning
Non-clocked sequential cell  
The clock pin dbg_hub/inst/BSCANID.u_xsdbm_id/CORE_XSDB.UUT_MASTER/U_ICON_INTERFACE/U_CMD6_RD/U_RD_FIFO/SUBCORE_FIFO.xsdbm_v3_0_0_rdfifo_inst/inst_fifo_gen/gconvfifo.rf/grf.rf/gntv_or_sync_fifo.mem/gdm.dm_gen.dm/RAM_reg_0_15_0_5/RAMD/CLK is not reached by a timing clock
Related violations: <none>

TIMING-17#682 Critical Warning
Non-clocked sequential cell  
The clock pin dbg_hub/inst/BSCANID.u_xsdbm_id/CORE_XSDB.UUT_MASTER/U_ICON_INTERFACE/U_CMD6_RD/U_RD_FIFO/SUBCORE_FIFO.xsdbm_v3_0_0_rdfifo_inst/inst_fifo_gen/gconvfifo.rf/grf.rf/gntv_or_sync_fifo.mem/gdm.dm_gen.dm/RAM_reg_0_15_0_5/RAMD_D1/CLK is not reached by a timing clock
Related violations: <none>

TIMING-17#683 Critical Warning
Non-clocked sequential cell  
The clock pin dbg_hub/inst/BSCANID.u_xsdbm_id/CORE_XSDB.UUT_MASTER/U_ICON_INTERFACE/U_CMD6_RD/U_RD_FIFO/SUBCORE_FIFO.xsdbm_v3_0_0_rdfifo_inst/inst_fifo_gen/gconvfifo.rf/grf.rf/gntv_or_sync_fifo.mem/gdm.dm_gen.dm/RAM_reg_0_15_12_15/RAMA/CLK is not reached by a timing clock
Related violations: <none>

TIMING-17#684 Critical Warning
Non-clocked sequential cell  
The clock pin dbg_hub/inst/BSCANID.u_xsdbm_id/CORE_XSDB.UUT_MASTER/U_ICON_INTERFACE/U_CMD6_RD/U_RD_FIFO/SUBCORE_FIFO.xsdbm_v3_0_0_rdfifo_inst/inst_fifo_gen/gconvfifo.rf/grf.rf/gntv_or_sync_fifo.mem/gdm.dm_gen.dm/RAM_reg_0_15_12_15/RAMA_D1/CLK is not reached by a timing clock
Related violations: <none>

TIMING-17#685 Critical Warning
Non-clocked sequential cell  
The clock pin dbg_hub/inst/BSCANID.u_xsdbm_id/CORE_XSDB.UUT_MASTER/U_ICON_INTERFACE/U_CMD6_RD/U_RD_FIFO/SUBCORE_FIFO.xsdbm_v3_0_0_rdfifo_inst/inst_fifo_gen/gconvfifo.rf/grf.rf/gntv_or_sync_fifo.mem/gdm.dm_gen.dm/RAM_reg_0_15_12_15/RAMB/CLK is not reached by a timing clock
Related violations: <none>

TIMING-17#686 Critical Warning
Non-clocked sequential cell  
The clock pin dbg_hub/inst/BSCANID.u_xsdbm_id/CORE_XSDB.UUT_MASTER/U_ICON_INTERFACE/U_CMD6_RD/U_RD_FIFO/SUBCORE_FIFO.xsdbm_v3_0_0_rdfifo_inst/inst_fifo_gen/gconvfifo.rf/grf.rf/gntv_or_sync_fifo.mem/gdm.dm_gen.dm/RAM_reg_0_15_12_15/RAMB_D1/CLK is not reached by a timing clock
Related violations: <none>

TIMING-17#687 Critical Warning
Non-clocked sequential cell  
The clock pin dbg_hub/inst/BSCANID.u_xsdbm_id/CORE_XSDB.UUT_MASTER/U_ICON_INTERFACE/U_CMD6_RD/U_RD_FIFO/SUBCORE_FIFO.xsdbm_v3_0_0_rdfifo_inst/inst_fifo_gen/gconvfifo.rf/grf.rf/gntv_or_sync_fifo.mem/gdm.dm_gen.dm/RAM_reg_0_15_12_15/RAMC/CLK is not reached by a timing clock
Related violations: <none>

TIMING-17#688 Critical Warning
Non-clocked sequential cell  
The clock pin dbg_hub/inst/BSCANID.u_xsdbm_id/CORE_XSDB.UUT_MASTER/U_ICON_INTERFACE/U_CMD6_RD/U_RD_FIFO/SUBCORE_FIFO.xsdbm_v3_0_0_rdfifo_inst/inst_fifo_gen/gconvfifo.rf/grf.rf/gntv_or_sync_fifo.mem/gdm.dm_gen.dm/RAM_reg_0_15_12_15/RAMC_D1/CLK is not reached by a timing clock
Related violations: <none>

TIMING-17#689 Critical Warning
Non-clocked sequential cell  
The clock pin dbg_hub/inst/BSCANID.u_xsdbm_id/CORE_XSDB.UUT_MASTER/U_ICON_INTERFACE/U_CMD6_RD/U_RD_FIFO/SUBCORE_FIFO.xsdbm_v3_0_0_rdfifo_inst/inst_fifo_gen/gconvfifo.rf/grf.rf/gntv_or_sync_fifo.mem/gdm.dm_gen.dm/RAM_reg_0_15_12_15/RAMD/CLK is not reached by a timing clock
Related violations: <none>

TIMING-17#690 Critical Warning
Non-clocked sequential cell  
The clock pin dbg_hub/inst/BSCANID.u_xsdbm_id/CORE_XSDB.UUT_MASTER/U_ICON_INTERFACE/U_CMD6_RD/U_RD_FIFO/SUBCORE_FIFO.xsdbm_v3_0_0_rdfifo_inst/inst_fifo_gen/gconvfifo.rf/grf.rf/gntv_or_sync_fifo.mem/gdm.dm_gen.dm/RAM_reg_0_15_12_15/RAMD_D1/CLK is not reached by a timing clock
Related violations: <none>

TIMING-17#691 Critical Warning
Non-clocked sequential cell  
The clock pin dbg_hub/inst/BSCANID.u_xsdbm_id/CORE_XSDB.UUT_MASTER/U_ICON_INTERFACE/U_CMD6_RD/U_RD_FIFO/SUBCORE_FIFO.xsdbm_v3_0_0_rdfifo_inst/inst_fifo_gen/gconvfifo.rf/grf.rf/gntv_or_sync_fifo.mem/gdm.dm_gen.dm/RAM_reg_0_15_6_11/RAMA/CLK is not reached by a timing clock
Related violations: <none>

TIMING-17#692 Critical Warning
Non-clocked sequential cell  
The clock pin dbg_hub/inst/BSCANID.u_xsdbm_id/CORE_XSDB.UUT_MASTER/U_ICON_INTERFACE/U_CMD6_RD/U_RD_FIFO/SUBCORE_FIFO.xsdbm_v3_0_0_rdfifo_inst/inst_fifo_gen/gconvfifo.rf/grf.rf/gntv_or_sync_fifo.mem/gdm.dm_gen.dm/RAM_reg_0_15_6_11/RAMA_D1/CLK is not reached by a timing clock
Related violations: <none>

TIMING-17#693 Critical Warning
Non-clocked sequential cell  
The clock pin dbg_hub/inst/BSCANID.u_xsdbm_id/CORE_XSDB.UUT_MASTER/U_ICON_INTERFACE/U_CMD6_RD/U_RD_FIFO/SUBCORE_FIFO.xsdbm_v3_0_0_rdfifo_inst/inst_fifo_gen/gconvfifo.rf/grf.rf/gntv_or_sync_fifo.mem/gdm.dm_gen.dm/RAM_reg_0_15_6_11/RAMB/CLK is not reached by a timing clock
Related violations: <none>

TIMING-17#694 Critical Warning
Non-clocked sequential cell  
The clock pin dbg_hub/inst/BSCANID.u_xsdbm_id/CORE_XSDB.UUT_MASTER/U_ICON_INTERFACE/U_CMD6_RD/U_RD_FIFO/SUBCORE_FIFO.xsdbm_v3_0_0_rdfifo_inst/inst_fifo_gen/gconvfifo.rf/grf.rf/gntv_or_sync_fifo.mem/gdm.dm_gen.dm/RAM_reg_0_15_6_11/RAMB_D1/CLK is not reached by a timing clock
Related violations: <none>

TIMING-17#695 Critical Warning
Non-clocked sequential cell  
The clock pin dbg_hub/inst/BSCANID.u_xsdbm_id/CORE_XSDB.UUT_MASTER/U_ICON_INTERFACE/U_CMD6_RD/U_RD_FIFO/SUBCORE_FIFO.xsdbm_v3_0_0_rdfifo_inst/inst_fifo_gen/gconvfifo.rf/grf.rf/gntv_or_sync_fifo.mem/gdm.dm_gen.dm/RAM_reg_0_15_6_11/RAMC/CLK is not reached by a timing clock
Related violations: <none>

TIMING-17#696 Critical Warning
Non-clocked sequential cell  
The clock pin dbg_hub/inst/BSCANID.u_xsdbm_id/CORE_XSDB.UUT_MASTER/U_ICON_INTERFACE/U_CMD6_RD/U_RD_FIFO/SUBCORE_FIFO.xsdbm_v3_0_0_rdfifo_inst/inst_fifo_gen/gconvfifo.rf/grf.rf/gntv_or_sync_fifo.mem/gdm.dm_gen.dm/RAM_reg_0_15_6_11/RAMC_D1/CLK is not reached by a timing clock
Related violations: <none>

TIMING-17#697 Critical Warning
Non-clocked sequential cell  
The clock pin dbg_hub/inst/BSCANID.u_xsdbm_id/CORE_XSDB.UUT_MASTER/U_ICON_INTERFACE/U_CMD6_RD/U_RD_FIFO/SUBCORE_FIFO.xsdbm_v3_0_0_rdfifo_inst/inst_fifo_gen/gconvfifo.rf/grf.rf/gntv_or_sync_fifo.mem/gdm.dm_gen.dm/RAM_reg_0_15_6_11/RAMD/CLK is not reached by a timing clock
Related violations: <none>

TIMING-17#698 Critical Warning
Non-clocked sequential cell  
The clock pin dbg_hub/inst/BSCANID.u_xsdbm_id/CORE_XSDB.UUT_MASTER/U_ICON_INTERFACE/U_CMD6_RD/U_RD_FIFO/SUBCORE_FIFO.xsdbm_v3_0_0_rdfifo_inst/inst_fifo_gen/gconvfifo.rf/grf.rf/gntv_or_sync_fifo.mem/gdm.dm_gen.dm/RAM_reg_0_15_6_11/RAMD_D1/CLK is not reached by a timing clock
Related violations: <none>

TIMING-17#699 Critical Warning
Non-clocked sequential cell  
The clock pin dbg_hub/inst/BSCANID.u_xsdbm_id/CORE_XSDB.UUT_MASTER/U_ICON_INTERFACE/U_CMD6_RD/U_RD_FIFO/SUBCORE_FIFO.xsdbm_v3_0_0_rdfifo_inst/inst_fifo_gen/gconvfifo.rf/grf.rf/rstblk/ngwrdrst.grst.g7serrst.gwrrd_rst_sync_stage[1].wrst_inst/Q_reg_reg[0]/C is not reached by a timing clock
Related violations: <none>

TIMING-17#700 Critical Warning
Non-clocked sequential cell  
The clock pin dbg_hub/inst/BSCANID.u_xsdbm_id/CORE_XSDB.UUT_MASTER/U_ICON_INTERFACE/U_CMD6_RD/U_RD_FIFO/SUBCORE_FIFO.xsdbm_v3_0_0_rdfifo_inst/inst_fifo_gen/gconvfifo.rf/grf.rf/rstblk/ngwrdrst.grst.g7serrst.gwrrd_rst_sync_stage[2].wrst_inst/Q_reg_reg[0]/C is not reached by a timing clock
Related violations: <none>

TIMING-17#701 Critical Warning
Non-clocked sequential cell  
The clock pin dbg_hub/inst/BSCANID.u_xsdbm_id/CORE_XSDB.UUT_MASTER/U_ICON_INTERFACE/U_CMD6_RD/U_RD_FIFO/SUBCORE_FIFO.xsdbm_v3_0_0_rdfifo_inst/inst_fifo_gen/gconvfifo.rf/grf.rf/rstblk/ngwrdrst.grst.g7serrst.rst_wr_reg1_reg/C is not reached by a timing clock
Related violations: <none>

TIMING-17#702 Critical Warning
Non-clocked sequential cell  
The clock pin dbg_hub/inst/BSCANID.u_xsdbm_id/CORE_XSDB.UUT_MASTER/U_ICON_INTERFACE/U_CMD6_RD/U_RD_FIFO/SUBCORE_FIFO.xsdbm_v3_0_0_rdfifo_inst/inst_fifo_gen/gconvfifo.rf/grf.rf/rstblk/ngwrdrst.grst.g7serrst.rst_wr_reg2_reg/C is not reached by a timing clock
Related violations: <none>

TIMING-17#703 Critical Warning
Non-clocked sequential cell  
The clock pin dbg_hub/inst/BSCANID.u_xsdbm_id/CORE_XSDB.UUT_MASTER/U_ICON_INTERFACE/U_CMD6_RD/U_RD_FIFO/SUBCORE_FIFO.xsdbm_v3_0_0_rdfifo_inst/inst_fifo_gen/gconvfifo.rf/grf.rf/rstblk/ngwrdrst.grst.g7serrst.wr_rst_asreg_reg/C is not reached by a timing clock
Related violations: <none>

TIMING-17#704 Critical Warning
Non-clocked sequential cell  
The clock pin dbg_hub/inst/BSCANID.u_xsdbm_id/CORE_XSDB.UUT_MASTER/U_ICON_INTERFACE/U_CMD6_RD/U_RD_FIFO/SUBCORE_FIFO.xsdbm_v3_0_0_rdfifo_inst/inst_fifo_gen/gconvfifo.rf/grf.rf/rstblk/ngwrdrst.grst.g7serrst.wr_rst_reg_reg[0]/C is not reached by a timing clock
Related violations: <none>

TIMING-17#705 Critical Warning
Non-clocked sequential cell  
The clock pin dbg_hub/inst/BSCANID.u_xsdbm_id/CORE_XSDB.UUT_MASTER/U_ICON_INTERFACE/U_CMD6_RD/U_RD_FIFO/SUBCORE_FIFO.xsdbm_v3_0_0_rdfifo_inst/inst_fifo_gen/gconvfifo.rf/grf.rf/rstblk/ngwrdrst.grst.g7serrst.wr_rst_reg_reg[1]/C is not reached by a timing clock
Related violations: <none>

TIMING-17#706 Critical Warning
Non-clocked sequential cell  
The clock pin dbg_hub/inst/BSCANID.u_xsdbm_id/CORE_XSDB.UUT_MASTER/U_ICON_INTERFACE/U_CMD6_RD/U_RD_FIFO/SUBCORE_FIFO.xsdbm_v3_0_0_rdfifo_inst/inst_fifo_gen/gconvfifo.rf/grf.rf/rstblk/ngwrdrst.grst.g7serrst.wr_rst_reg_reg[2]/C is not reached by a timing clock
Related violations: <none>

TIMING-17#707 Critical Warning
Non-clocked sequential cell  
The clock pin dbg_hub/inst/BSCANID.u_xsdbm_id/CORE_XSDB.UUT_MASTER/U_ICON_INTERFACE/U_CMD6_WR/U_WR_FIFO/SUBCORE_FIFO.xsdbm_v3_0_0_wrfifo_inst/inst_fifo_gen/gconvfifo.rf/grf.rf/gntv_or_sync_fifo.gcx.clkx/gnxpm_cdc.gsync_stage[1].rd_stg_inst/Q_reg_reg[0]/C is not reached by a timing clock
Related violations: <none>

TIMING-17#708 Critical Warning
Non-clocked sequential cell  
The clock pin dbg_hub/inst/BSCANID.u_xsdbm_id/CORE_XSDB.UUT_MASTER/U_ICON_INTERFACE/U_CMD6_WR/U_WR_FIFO/SUBCORE_FIFO.xsdbm_v3_0_0_wrfifo_inst/inst_fifo_gen/gconvfifo.rf/grf.rf/gntv_or_sync_fifo.gcx.clkx/gnxpm_cdc.gsync_stage[1].rd_stg_inst/Q_reg_reg[1]/C is not reached by a timing clock
Related violations: <none>

TIMING-17#709 Critical Warning
Non-clocked sequential cell  
The clock pin dbg_hub/inst/BSCANID.u_xsdbm_id/CORE_XSDB.UUT_MASTER/U_ICON_INTERFACE/U_CMD6_WR/U_WR_FIFO/SUBCORE_FIFO.xsdbm_v3_0_0_wrfifo_inst/inst_fifo_gen/gconvfifo.rf/grf.rf/gntv_or_sync_fifo.gcx.clkx/gnxpm_cdc.gsync_stage[1].rd_stg_inst/Q_reg_reg[2]/C is not reached by a timing clock
Related violations: <none>

TIMING-17#710 Critical Warning
Non-clocked sequential cell  
The clock pin dbg_hub/inst/BSCANID.u_xsdbm_id/CORE_XSDB.UUT_MASTER/U_ICON_INTERFACE/U_CMD6_WR/U_WR_FIFO/SUBCORE_FIFO.xsdbm_v3_0_0_wrfifo_inst/inst_fifo_gen/gconvfifo.rf/grf.rf/gntv_or_sync_fifo.gcx.clkx/gnxpm_cdc.gsync_stage[1].rd_stg_inst/Q_reg_reg[3]/C is not reached by a timing clock
Related violations: <none>

TIMING-17#711 Critical Warning
Non-clocked sequential cell  
The clock pin dbg_hub/inst/BSCANID.u_xsdbm_id/CORE_XSDB.UUT_MASTER/U_ICON_INTERFACE/U_CMD6_WR/U_WR_FIFO/SUBCORE_FIFO.xsdbm_v3_0_0_wrfifo_inst/inst_fifo_gen/gconvfifo.rf/grf.rf/gntv_or_sync_fifo.gcx.clkx/gnxpm_cdc.gsync_stage[2].rd_stg_inst/Q_reg_reg[0]/C is not reached by a timing clock
Related violations: <none>

TIMING-17#712 Critical Warning
Non-clocked sequential cell  
The clock pin dbg_hub/inst/BSCANID.u_xsdbm_id/CORE_XSDB.UUT_MASTER/U_ICON_INTERFACE/U_CMD6_WR/U_WR_FIFO/SUBCORE_FIFO.xsdbm_v3_0_0_wrfifo_inst/inst_fifo_gen/gconvfifo.rf/grf.rf/gntv_or_sync_fifo.gcx.clkx/gnxpm_cdc.gsync_stage[2].rd_stg_inst/Q_reg_reg[1]/C is not reached by a timing clock
Related violations: <none>

TIMING-17#713 Critical Warning
Non-clocked sequential cell  
The clock pin dbg_hub/inst/BSCANID.u_xsdbm_id/CORE_XSDB.UUT_MASTER/U_ICON_INTERFACE/U_CMD6_WR/U_WR_FIFO/SUBCORE_FIFO.xsdbm_v3_0_0_wrfifo_inst/inst_fifo_gen/gconvfifo.rf/grf.rf/gntv_or_sync_fifo.gcx.clkx/gnxpm_cdc.gsync_stage[2].rd_stg_inst/Q_reg_reg[2]/C is not reached by a timing clock
Related violations: <none>

TIMING-17#714 Critical Warning
Non-clocked sequential cell  
The clock pin dbg_hub/inst/BSCANID.u_xsdbm_id/CORE_XSDB.UUT_MASTER/U_ICON_INTERFACE/U_CMD6_WR/U_WR_FIFO/SUBCORE_FIFO.xsdbm_v3_0_0_wrfifo_inst/inst_fifo_gen/gconvfifo.rf/grf.rf/gntv_or_sync_fifo.gcx.clkx/gnxpm_cdc.gsync_stage[2].rd_stg_inst/Q_reg_reg[3]/C is not reached by a timing clock
Related violations: <none>

TIMING-17#715 Critical Warning
Non-clocked sequential cell  
The clock pin dbg_hub/inst/BSCANID.u_xsdbm_id/CORE_XSDB.UUT_MASTER/U_ICON_INTERFACE/U_CMD6_WR/U_WR_FIFO/SUBCORE_FIFO.xsdbm_v3_0_0_wrfifo_inst/inst_fifo_gen/gconvfifo.rf/grf.rf/gntv_or_sync_fifo.gcx.clkx/gnxpm_cdc.rd_pntr_gc_reg[0]/C is not reached by a timing clock
Related violations: <none>

TIMING-17#716 Critical Warning
Non-clocked sequential cell  
The clock pin dbg_hub/inst/BSCANID.u_xsdbm_id/CORE_XSDB.UUT_MASTER/U_ICON_INTERFACE/U_CMD6_WR/U_WR_FIFO/SUBCORE_FIFO.xsdbm_v3_0_0_wrfifo_inst/inst_fifo_gen/gconvfifo.rf/grf.rf/gntv_or_sync_fifo.gcx.clkx/gnxpm_cdc.rd_pntr_gc_reg[1]/C is not reached by a timing clock
Related violations: <none>

TIMING-17#717 Critical Warning
Non-clocked sequential cell  
The clock pin dbg_hub/inst/BSCANID.u_xsdbm_id/CORE_XSDB.UUT_MASTER/U_ICON_INTERFACE/U_CMD6_WR/U_WR_FIFO/SUBCORE_FIFO.xsdbm_v3_0_0_wrfifo_inst/inst_fifo_gen/gconvfifo.rf/grf.rf/gntv_or_sync_fifo.gcx.clkx/gnxpm_cdc.rd_pntr_gc_reg[2]/C is not reached by a timing clock
Related violations: <none>

TIMING-17#718 Critical Warning
Non-clocked sequential cell  
The clock pin dbg_hub/inst/BSCANID.u_xsdbm_id/CORE_XSDB.UUT_MASTER/U_ICON_INTERFACE/U_CMD6_WR/U_WR_FIFO/SUBCORE_FIFO.xsdbm_v3_0_0_wrfifo_inst/inst_fifo_gen/gconvfifo.rf/grf.rf/gntv_or_sync_fifo.gcx.clkx/gnxpm_cdc.rd_pntr_gc_reg[3]/C is not reached by a timing clock
Related violations: <none>

TIMING-17#719 Critical Warning
Non-clocked sequential cell  
The clock pin dbg_hub/inst/BSCANID.u_xsdbm_id/CORE_XSDB.UUT_MASTER/U_ICON_INTERFACE/U_CMD6_WR/U_WR_FIFO/SUBCORE_FIFO.xsdbm_v3_0_0_wrfifo_inst/inst_fifo_gen/gconvfifo.rf/grf.rf/gntv_or_sync_fifo.gcx.clkx/gnxpm_cdc.wr_pntr_bin_reg[0]/C is not reached by a timing clock
Related violations: <none>

TIMING-17#720 Critical Warning
Non-clocked sequential cell  
The clock pin dbg_hub/inst/BSCANID.u_xsdbm_id/CORE_XSDB.UUT_MASTER/U_ICON_INTERFACE/U_CMD6_WR/U_WR_FIFO/SUBCORE_FIFO.xsdbm_v3_0_0_wrfifo_inst/inst_fifo_gen/gconvfifo.rf/grf.rf/gntv_or_sync_fifo.gcx.clkx/gnxpm_cdc.wr_pntr_bin_reg[1]/C is not reached by a timing clock
Related violations: <none>

TIMING-17#721 Critical Warning
Non-clocked sequential cell  
The clock pin dbg_hub/inst/BSCANID.u_xsdbm_id/CORE_XSDB.UUT_MASTER/U_ICON_INTERFACE/U_CMD6_WR/U_WR_FIFO/SUBCORE_FIFO.xsdbm_v3_0_0_wrfifo_inst/inst_fifo_gen/gconvfifo.rf/grf.rf/gntv_or_sync_fifo.gcx.clkx/gnxpm_cdc.wr_pntr_bin_reg[2]/C is not reached by a timing clock
Related violations: <none>

TIMING-17#722 Critical Warning
Non-clocked sequential cell  
The clock pin dbg_hub/inst/BSCANID.u_xsdbm_id/CORE_XSDB.UUT_MASTER/U_ICON_INTERFACE/U_CMD6_WR/U_WR_FIFO/SUBCORE_FIFO.xsdbm_v3_0_0_wrfifo_inst/inst_fifo_gen/gconvfifo.rf/grf.rf/gntv_or_sync_fifo.gcx.clkx/gnxpm_cdc.wr_pntr_bin_reg[3]/C is not reached by a timing clock
Related violations: <none>

TIMING-17#723 Critical Warning
Non-clocked sequential cell  
The clock pin dbg_hub/inst/BSCANID.u_xsdbm_id/CORE_XSDB.UUT_MASTER/U_ICON_INTERFACE/U_CMD6_WR/U_WR_FIFO/SUBCORE_FIFO.xsdbm_v3_0_0_wrfifo_inst/inst_fifo_gen/gconvfifo.rf/grf.rf/gntv_or_sync_fifo.gl0.rd/gras.rsts/ram_empty_fb_i_reg/C is not reached by a timing clock
Related violations: <none>

TIMING-17#724 Critical Warning
Non-clocked sequential cell  
The clock pin dbg_hub/inst/BSCANID.u_xsdbm_id/CORE_XSDB.UUT_MASTER/U_ICON_INTERFACE/U_CMD6_WR/U_WR_FIFO/SUBCORE_FIFO.xsdbm_v3_0_0_wrfifo_inst/inst_fifo_gen/gconvfifo.rf/grf.rf/gntv_or_sync_fifo.gl0.rd/gras.rsts/ram_empty_i_reg/C is not reached by a timing clock
Related violations: <none>

TIMING-17#725 Critical Warning
Non-clocked sequential cell  
The clock pin dbg_hub/inst/BSCANID.u_xsdbm_id/CORE_XSDB.UUT_MASTER/U_ICON_INTERFACE/U_CMD6_WR/U_WR_FIFO/SUBCORE_FIFO.xsdbm_v3_0_0_wrfifo_inst/inst_fifo_gen/gconvfifo.rf/grf.rf/gntv_or_sync_fifo.gl0.rd/grhf.rhf/guf.guf1.underflow_i_reg/C is not reached by a timing clock
Related violations: <none>

TIMING-17#726 Critical Warning
Non-clocked sequential cell  
The clock pin dbg_hub/inst/BSCANID.u_xsdbm_id/CORE_XSDB.UUT_MASTER/U_ICON_INTERFACE/U_CMD6_WR/U_WR_FIFO/SUBCORE_FIFO.xsdbm_v3_0_0_wrfifo_inst/inst_fifo_gen/gconvfifo.rf/grf.rf/gntv_or_sync_fifo.gl0.rd/rpntr/gc0.count_d1_reg[0]/C is not reached by a timing clock
Related violations: <none>

TIMING-17#727 Critical Warning
Non-clocked sequential cell  
The clock pin dbg_hub/inst/BSCANID.u_xsdbm_id/CORE_XSDB.UUT_MASTER/U_ICON_INTERFACE/U_CMD6_WR/U_WR_FIFO/SUBCORE_FIFO.xsdbm_v3_0_0_wrfifo_inst/inst_fifo_gen/gconvfifo.rf/grf.rf/gntv_or_sync_fifo.gl0.rd/rpntr/gc0.count_d1_reg[1]/C is not reached by a timing clock
Related violations: <none>

TIMING-17#728 Critical Warning
Non-clocked sequential cell  
The clock pin dbg_hub/inst/BSCANID.u_xsdbm_id/CORE_XSDB.UUT_MASTER/U_ICON_INTERFACE/U_CMD6_WR/U_WR_FIFO/SUBCORE_FIFO.xsdbm_v3_0_0_wrfifo_inst/inst_fifo_gen/gconvfifo.rf/grf.rf/gntv_or_sync_fifo.gl0.rd/rpntr/gc0.count_d1_reg[2]/C is not reached by a timing clock
Related violations: <none>

TIMING-17#729 Critical Warning
Non-clocked sequential cell  
The clock pin dbg_hub/inst/BSCANID.u_xsdbm_id/CORE_XSDB.UUT_MASTER/U_ICON_INTERFACE/U_CMD6_WR/U_WR_FIFO/SUBCORE_FIFO.xsdbm_v3_0_0_wrfifo_inst/inst_fifo_gen/gconvfifo.rf/grf.rf/gntv_or_sync_fifo.gl0.rd/rpntr/gc0.count_d1_reg[3]/C is not reached by a timing clock
Related violations: <none>

TIMING-17#730 Critical Warning
Non-clocked sequential cell  
The clock pin dbg_hub/inst/BSCANID.u_xsdbm_id/CORE_XSDB.UUT_MASTER/U_ICON_INTERFACE/U_CMD6_WR/U_WR_FIFO/SUBCORE_FIFO.xsdbm_v3_0_0_wrfifo_inst/inst_fifo_gen/gconvfifo.rf/grf.rf/gntv_or_sync_fifo.gl0.rd/rpntr/gc0.count_reg[0]/C is not reached by a timing clock
Related violations: <none>

TIMING-17#731 Critical Warning
Non-clocked sequential cell  
The clock pin dbg_hub/inst/BSCANID.u_xsdbm_id/CORE_XSDB.UUT_MASTER/U_ICON_INTERFACE/U_CMD6_WR/U_WR_FIFO/SUBCORE_FIFO.xsdbm_v3_0_0_wrfifo_inst/inst_fifo_gen/gconvfifo.rf/grf.rf/gntv_or_sync_fifo.gl0.rd/rpntr/gc0.count_reg[1]/C is not reached by a timing clock
Related violations: <none>

TIMING-17#732 Critical Warning
Non-clocked sequential cell  
The clock pin dbg_hub/inst/BSCANID.u_xsdbm_id/CORE_XSDB.UUT_MASTER/U_ICON_INTERFACE/U_CMD6_WR/U_WR_FIFO/SUBCORE_FIFO.xsdbm_v3_0_0_wrfifo_inst/inst_fifo_gen/gconvfifo.rf/grf.rf/gntv_or_sync_fifo.gl0.rd/rpntr/gc0.count_reg[2]/C is not reached by a timing clock
Related violations: <none>

TIMING-17#733 Critical Warning
Non-clocked sequential cell  
The clock pin dbg_hub/inst/BSCANID.u_xsdbm_id/CORE_XSDB.UUT_MASTER/U_ICON_INTERFACE/U_CMD6_WR/U_WR_FIFO/SUBCORE_FIFO.xsdbm_v3_0_0_wrfifo_inst/inst_fifo_gen/gconvfifo.rf/grf.rf/gntv_or_sync_fifo.gl0.rd/rpntr/gc0.count_reg[3]/C is not reached by a timing clock
Related violations: <none>

TIMING-17#734 Critical Warning
Non-clocked sequential cell  
The clock pin dbg_hub/inst/BSCANID.u_xsdbm_id/CORE_XSDB.UUT_MASTER/U_ICON_INTERFACE/U_CMD6_WR/U_WR_FIFO/SUBCORE_FIFO.xsdbm_v3_0_0_wrfifo_inst/inst_fifo_gen/gconvfifo.rf/grf.rf/gntv_or_sync_fifo.mem/gdm.dm_gen.dm/gpr1.dout_i_reg[0]/C is not reached by a timing clock
Related violations: <none>

TIMING-17#735 Critical Warning
Non-clocked sequential cell  
The clock pin dbg_hub/inst/BSCANID.u_xsdbm_id/CORE_XSDB.UUT_MASTER/U_ICON_INTERFACE/U_CMD6_WR/U_WR_FIFO/SUBCORE_FIFO.xsdbm_v3_0_0_wrfifo_inst/inst_fifo_gen/gconvfifo.rf/grf.rf/gntv_or_sync_fifo.mem/gdm.dm_gen.dm/gpr1.dout_i_reg[10]/C is not reached by a timing clock
Related violations: <none>

TIMING-17#736 Critical Warning
Non-clocked sequential cell  
The clock pin dbg_hub/inst/BSCANID.u_xsdbm_id/CORE_XSDB.UUT_MASTER/U_ICON_INTERFACE/U_CMD6_WR/U_WR_FIFO/SUBCORE_FIFO.xsdbm_v3_0_0_wrfifo_inst/inst_fifo_gen/gconvfifo.rf/grf.rf/gntv_or_sync_fifo.mem/gdm.dm_gen.dm/gpr1.dout_i_reg[11]/C is not reached by a timing clock
Related violations: <none>

TIMING-17#737 Critical Warning
Non-clocked sequential cell  
The clock pin dbg_hub/inst/BSCANID.u_xsdbm_id/CORE_XSDB.UUT_MASTER/U_ICON_INTERFACE/U_CMD6_WR/U_WR_FIFO/SUBCORE_FIFO.xsdbm_v3_0_0_wrfifo_inst/inst_fifo_gen/gconvfifo.rf/grf.rf/gntv_or_sync_fifo.mem/gdm.dm_gen.dm/gpr1.dout_i_reg[12]/C is not reached by a timing clock
Related violations: <none>

TIMING-17#738 Critical Warning
Non-clocked sequential cell  
The clock pin dbg_hub/inst/BSCANID.u_xsdbm_id/CORE_XSDB.UUT_MASTER/U_ICON_INTERFACE/U_CMD6_WR/U_WR_FIFO/SUBCORE_FIFO.xsdbm_v3_0_0_wrfifo_inst/inst_fifo_gen/gconvfifo.rf/grf.rf/gntv_or_sync_fifo.mem/gdm.dm_gen.dm/gpr1.dout_i_reg[13]/C is not reached by a timing clock
Related violations: <none>

TIMING-17#739 Critical Warning
Non-clocked sequential cell  
The clock pin dbg_hub/inst/BSCANID.u_xsdbm_id/CORE_XSDB.UUT_MASTER/U_ICON_INTERFACE/U_CMD6_WR/U_WR_FIFO/SUBCORE_FIFO.xsdbm_v3_0_0_wrfifo_inst/inst_fifo_gen/gconvfifo.rf/grf.rf/gntv_or_sync_fifo.mem/gdm.dm_gen.dm/gpr1.dout_i_reg[14]/C is not reached by a timing clock
Related violations: <none>

TIMING-17#740 Critical Warning
Non-clocked sequential cell  
The clock pin dbg_hub/inst/BSCANID.u_xsdbm_id/CORE_XSDB.UUT_MASTER/U_ICON_INTERFACE/U_CMD6_WR/U_WR_FIFO/SUBCORE_FIFO.xsdbm_v3_0_0_wrfifo_inst/inst_fifo_gen/gconvfifo.rf/grf.rf/gntv_or_sync_fifo.mem/gdm.dm_gen.dm/gpr1.dout_i_reg[15]/C is not reached by a timing clock
Related violations: <none>

TIMING-17#741 Critical Warning
Non-clocked sequential cell  
The clock pin dbg_hub/inst/BSCANID.u_xsdbm_id/CORE_XSDB.UUT_MASTER/U_ICON_INTERFACE/U_CMD6_WR/U_WR_FIFO/SUBCORE_FIFO.xsdbm_v3_0_0_wrfifo_inst/inst_fifo_gen/gconvfifo.rf/grf.rf/gntv_or_sync_fifo.mem/gdm.dm_gen.dm/gpr1.dout_i_reg[1]/C is not reached by a timing clock
Related violations: <none>

TIMING-17#742 Critical Warning
Non-clocked sequential cell  
The clock pin dbg_hub/inst/BSCANID.u_xsdbm_id/CORE_XSDB.UUT_MASTER/U_ICON_INTERFACE/U_CMD6_WR/U_WR_FIFO/SUBCORE_FIFO.xsdbm_v3_0_0_wrfifo_inst/inst_fifo_gen/gconvfifo.rf/grf.rf/gntv_or_sync_fifo.mem/gdm.dm_gen.dm/gpr1.dout_i_reg[2]/C is not reached by a timing clock
Related violations: <none>

TIMING-17#743 Critical Warning
Non-clocked sequential cell  
The clock pin dbg_hub/inst/BSCANID.u_xsdbm_id/CORE_XSDB.UUT_MASTER/U_ICON_INTERFACE/U_CMD6_WR/U_WR_FIFO/SUBCORE_FIFO.xsdbm_v3_0_0_wrfifo_inst/inst_fifo_gen/gconvfifo.rf/grf.rf/gntv_or_sync_fifo.mem/gdm.dm_gen.dm/gpr1.dout_i_reg[3]/C is not reached by a timing clock
Related violations: <none>

TIMING-17#744 Critical Warning
Non-clocked sequential cell  
The clock pin dbg_hub/inst/BSCANID.u_xsdbm_id/CORE_XSDB.UUT_MASTER/U_ICON_INTERFACE/U_CMD6_WR/U_WR_FIFO/SUBCORE_FIFO.xsdbm_v3_0_0_wrfifo_inst/inst_fifo_gen/gconvfifo.rf/grf.rf/gntv_or_sync_fifo.mem/gdm.dm_gen.dm/gpr1.dout_i_reg[4]/C is not reached by a timing clock
Related violations: <none>

TIMING-17#745 Critical Warning
Non-clocked sequential cell  
The clock pin dbg_hub/inst/BSCANID.u_xsdbm_id/CORE_XSDB.UUT_MASTER/U_ICON_INTERFACE/U_CMD6_WR/U_WR_FIFO/SUBCORE_FIFO.xsdbm_v3_0_0_wrfifo_inst/inst_fifo_gen/gconvfifo.rf/grf.rf/gntv_or_sync_fifo.mem/gdm.dm_gen.dm/gpr1.dout_i_reg[5]/C is not reached by a timing clock
Related violations: <none>

TIMING-17#746 Critical Warning
Non-clocked sequential cell  
The clock pin dbg_hub/inst/BSCANID.u_xsdbm_id/CORE_XSDB.UUT_MASTER/U_ICON_INTERFACE/U_CMD6_WR/U_WR_FIFO/SUBCORE_FIFO.xsdbm_v3_0_0_wrfifo_inst/inst_fifo_gen/gconvfifo.rf/grf.rf/gntv_or_sync_fifo.mem/gdm.dm_gen.dm/gpr1.dout_i_reg[6]/C is not reached by a timing clock
Related violations: <none>

TIMING-17#747 Critical Warning
Non-clocked sequential cell  
The clock pin dbg_hub/inst/BSCANID.u_xsdbm_id/CORE_XSDB.UUT_MASTER/U_ICON_INTERFACE/U_CMD6_WR/U_WR_FIFO/SUBCORE_FIFO.xsdbm_v3_0_0_wrfifo_inst/inst_fifo_gen/gconvfifo.rf/grf.rf/gntv_or_sync_fifo.mem/gdm.dm_gen.dm/gpr1.dout_i_reg[7]/C is not reached by a timing clock
Related violations: <none>

TIMING-17#748 Critical Warning
Non-clocked sequential cell  
The clock pin dbg_hub/inst/BSCANID.u_xsdbm_id/CORE_XSDB.UUT_MASTER/U_ICON_INTERFACE/U_CMD6_WR/U_WR_FIFO/SUBCORE_FIFO.xsdbm_v3_0_0_wrfifo_inst/inst_fifo_gen/gconvfifo.rf/grf.rf/gntv_or_sync_fifo.mem/gdm.dm_gen.dm/gpr1.dout_i_reg[8]/C is not reached by a timing clock
Related violations: <none>

TIMING-17#749 Critical Warning
Non-clocked sequential cell  
The clock pin dbg_hub/inst/BSCANID.u_xsdbm_id/CORE_XSDB.UUT_MASTER/U_ICON_INTERFACE/U_CMD6_WR/U_WR_FIFO/SUBCORE_FIFO.xsdbm_v3_0_0_wrfifo_inst/inst_fifo_gen/gconvfifo.rf/grf.rf/gntv_or_sync_fifo.mem/gdm.dm_gen.dm/gpr1.dout_i_reg[9]/C is not reached by a timing clock
Related violations: <none>

TIMING-17#750 Critical Warning
Non-clocked sequential cell  
The clock pin dbg_hub/inst/BSCANID.u_xsdbm_id/CORE_XSDB.UUT_MASTER/U_ICON_INTERFACE/U_CMD6_WR/U_WR_FIFO/SUBCORE_FIFO.xsdbm_v3_0_0_wrfifo_inst/inst_fifo_gen/gconvfifo.rf/grf.rf/rstblk/ngwrdrst.grst.g7serrst.gwrrd_rst_sync_stage[1].rrst_inst/Q_reg_reg[0]/C is not reached by a timing clock
Related violations: <none>

TIMING-17#751 Critical Warning
Non-clocked sequential cell  
The clock pin dbg_hub/inst/BSCANID.u_xsdbm_id/CORE_XSDB.UUT_MASTER/U_ICON_INTERFACE/U_CMD6_WR/U_WR_FIFO/SUBCORE_FIFO.xsdbm_v3_0_0_wrfifo_inst/inst_fifo_gen/gconvfifo.rf/grf.rf/rstblk/ngwrdrst.grst.g7serrst.gwrrd_rst_sync_stage[2].rrst_inst/Q_reg_reg[0]/C is not reached by a timing clock
Related violations: <none>

TIMING-17#752 Critical Warning
Non-clocked sequential cell  
The clock pin dbg_hub/inst/BSCANID.u_xsdbm_id/CORE_XSDB.UUT_MASTER/U_ICON_INTERFACE/U_CMD6_WR/U_WR_FIFO/SUBCORE_FIFO.xsdbm_v3_0_0_wrfifo_inst/inst_fifo_gen/gconvfifo.rf/grf.rf/rstblk/ngwrdrst.grst.g7serrst.rd_rst_asreg_reg/C is not reached by a timing clock
Related violations: <none>

TIMING-17#753 Critical Warning
Non-clocked sequential cell  
The clock pin dbg_hub/inst/BSCANID.u_xsdbm_id/CORE_XSDB.UUT_MASTER/U_ICON_INTERFACE/U_CMD6_WR/U_WR_FIFO/SUBCORE_FIFO.xsdbm_v3_0_0_wrfifo_inst/inst_fifo_gen/gconvfifo.rf/grf.rf/rstblk/ngwrdrst.grst.g7serrst.rd_rst_reg_reg[0]/C is not reached by a timing clock
Related violations: <none>

TIMING-17#754 Critical Warning
Non-clocked sequential cell  
The clock pin dbg_hub/inst/BSCANID.u_xsdbm_id/CORE_XSDB.UUT_MASTER/U_ICON_INTERFACE/U_CMD6_WR/U_WR_FIFO/SUBCORE_FIFO.xsdbm_v3_0_0_wrfifo_inst/inst_fifo_gen/gconvfifo.rf/grf.rf/rstblk/ngwrdrst.grst.g7serrst.rd_rst_reg_reg[1]/C is not reached by a timing clock
Related violations: <none>

TIMING-17#755 Critical Warning
Non-clocked sequential cell  
The clock pin dbg_hub/inst/BSCANID.u_xsdbm_id/CORE_XSDB.UUT_MASTER/U_ICON_INTERFACE/U_CMD6_WR/U_WR_FIFO/SUBCORE_FIFO.xsdbm_v3_0_0_wrfifo_inst/inst_fifo_gen/gconvfifo.rf/grf.rf/rstblk/ngwrdrst.grst.g7serrst.rd_rst_reg_reg[2]/C is not reached by a timing clock
Related violations: <none>

TIMING-17#756 Critical Warning
Non-clocked sequential cell  
The clock pin dbg_hub/inst/BSCANID.u_xsdbm_id/CORE_XSDB.UUT_MASTER/U_ICON_INTERFACE/U_CMD6_WR/U_WR_FIFO/SUBCORE_FIFO.xsdbm_v3_0_0_wrfifo_inst/inst_fifo_gen/gconvfifo.rf/grf.rf/rstblk/ngwrdrst.grst.g7serrst.rst_rd_reg1_reg/C is not reached by a timing clock
Related violations: <none>

TIMING-17#757 Critical Warning
Non-clocked sequential cell  
The clock pin dbg_hub/inst/BSCANID.u_xsdbm_id/CORE_XSDB.UUT_MASTER/U_ICON_INTERFACE/U_CMD6_WR/U_WR_FIFO/SUBCORE_FIFO.xsdbm_v3_0_0_wrfifo_inst/inst_fifo_gen/gconvfifo.rf/grf.rf/rstblk/ngwrdrst.grst.g7serrst.rst_rd_reg2_reg/C is not reached by a timing clock
Related violations: <none>

TIMING-17#758 Critical Warning
Non-clocked sequential cell  
The clock pin dbg_hub/inst/BSCANID.u_xsdbm_id/CORE_XSDB.UUT_MASTER/U_ICON_INTERFACE/U_CMD7_CTL/ctl_reg_en_1_reg[0]/C is not reached by a timing clock
Related violations: <none>

TIMING-17#759 Critical Warning
Non-clocked sequential cell  
The clock pin dbg_hub/inst/BSCANID.u_xsdbm_id/CORE_XSDB.UUT_MASTER/U_ICON_INTERFACE/U_CMD7_CTL/ctl_reg_en_1_reg[1]/C is not reached by a timing clock
Related violations: <none>

TIMING-17#760 Critical Warning
Non-clocked sequential cell  
The clock pin dbg_hub/inst/BSCANID.u_xsdbm_id/CORE_XSDB.UUT_MASTER/U_ICON_INTERFACE/U_CMD7_CTL/ctl_reg_en_2_reg[0]/C is not reached by a timing clock
Related violations: <none>

TIMING-17#761 Critical Warning
Non-clocked sequential cell  
The clock pin dbg_hub/inst/BSCANID.u_xsdbm_id/CORE_XSDB.UUT_MASTER/U_ICON_INTERFACE/U_CMD7_CTL/ctl_reg_en_2_reg[1]/C is not reached by a timing clock
Related violations: <none>

TIMING-17#762 Critical Warning
Non-clocked sequential cell  
The clock pin dbg_hub/inst/BSCANID.u_xsdbm_id/CORE_XSDB.UUT_MASTER/U_ICON_INTERFACE/U_CMD7_CTL/ctl_reg_reg[0]/C is not reached by a timing clock
Related violations: <none>

TIMING-17#763 Critical Warning
Non-clocked sequential cell  
The clock pin dbg_hub/inst/BSCANID.u_xsdbm_id/CORE_XSDB.UUT_MASTER/U_ICON_INTERFACE/U_CMD7_CTL/ctl_reg_reg[1]/C is not reached by a timing clock
Related violations: <none>

TIMING-17#764 Critical Warning
Non-clocked sequential cell  
The clock pin dbg_hub/inst/BSCANID.u_xsdbm_id/CORE_XSDB.UUT_MASTER/U_ICON_INTERFACE/U_CMD7_CTL/ctl_reg_reg[2]/C is not reached by a timing clock
Related violations: <none>

TIMING-17#765 Critical Warning
Non-clocked sequential cell  
The clock pin dbg_hub/inst/BSCANID.u_xsdbm_id/CORE_XSDB.UUT_MASTER/U_ICON_INTERFACE/U_CMD7_STAT/stat_reg_ld_reg[0]/C is not reached by a timing clock
Related violations: <none>

TIMING-17#766 Critical Warning
Non-clocked sequential cell  
The clock pin dbg_hub/inst/BSCANID.u_xsdbm_id/CORE_XSDB.UUT_MASTER/U_ICON_INTERFACE/U_CMD7_STAT/stat_reg_ld_reg[1]/C is not reached by a timing clock
Related violations: <none>

TIMING-17#767 Critical Warning
Non-clocked sequential cell  
The clock pin dbg_hub/inst/BSCANID.u_xsdbm_id/CORE_XSDB.UUT_MASTER/U_ICON_INTERFACE/U_CMD7_STAT/stat_reg_ld_temp_1_reg/C is not reached by a timing clock
Related violations: <none>

TIMING-17#768 Critical Warning
Non-clocked sequential cell  
The clock pin dbg_hub/inst/BSCANID.u_xsdbm_id/CORE_XSDB.UUT_MASTER/U_ICON_INTERFACE/U_CMD7_STAT/stat_reg_reg[0]/C is not reached by a timing clock
Related violations: <none>

TIMING-17#769 Critical Warning
Non-clocked sequential cell  
The clock pin dbg_hub/inst/BSCANID.u_xsdbm_id/CORE_XSDB.UUT_MASTER/U_ICON_INTERFACE/U_CMD7_STAT/stat_reg_reg[1]/C is not reached by a timing clock
Related violations: <none>

TIMING-17#770 Critical Warning
Non-clocked sequential cell  
The clock pin dbg_hub/inst/BSCANID.u_xsdbm_id/CORE_XSDB.UUT_MASTER/U_ICON_INTERFACE/U_CMD7_STAT/stat_reg_reg[2]/C is not reached by a timing clock
Related violations: <none>

TIMING-17#771 Critical Warning
Non-clocked sequential cell  
The clock pin dbg_hub/inst/BSCANID.u_xsdbm_id/CORE_XSDB.UUT_MASTER/U_ICON_INTERFACE/icn_cmd_en_5_reg/C is not reached by a timing clock
Related violations: <none>

TIMING-17#772 Critical Warning
Non-clocked sequential cell  
The clock pin dbg_hub/inst/BSCANID.u_xsdbm_id/CORE_XSDB.UUT_MASTER/U_ICON_INTERFACE/icn_cmd_en_5_temp_reg/C is not reached by a timing clock
Related violations: <none>

TIMING-17#773 Critical Warning
Non-clocked sequential cell  
The clock pin dbg_hub/inst/BSCANID.u_xsdbm_id/CORE_XSDB.UUT_MASTER/U_ICON_INTERFACE/rddata_rst_reg/C is not reached by a timing clock
Related violations: <none>

TIMING-17#774 Critical Warning
Non-clocked sequential cell  
The clock pin dbg_hub/inst/BSCANID.u_xsdbm_id/CORE_XSDB.UUT_MASTER/U_XSDB_ADDRESS_CONTROLLER/addr_in_rdy_last_reg/C is not reached by a timing clock
Related violations: <none>

TIMING-17#775 Critical Warning
Non-clocked sequential cell  
The clock pin dbg_hub/inst/BSCANID.u_xsdbm_id/CORE_XSDB.UUT_MASTER/U_XSDB_ADDRESS_CONTROLLER/addr_in_rdy_rise_edge_reg/C is not reached by a timing clock
Related violations: <none>

TIMING-17#776 Critical Warning
Non-clocked sequential cell  
The clock pin dbg_hub/inst/BSCANID.u_xsdbm_id/CORE_XSDB.UUT_MASTER/U_XSDB_ADDRESS_CONTROLLER/addr_reg[0]/C is not reached by a timing clock
Related violations: <none>

TIMING-17#777 Critical Warning
Non-clocked sequential cell  
The clock pin dbg_hub/inst/BSCANID.u_xsdbm_id/CORE_XSDB.UUT_MASTER/U_XSDB_ADDRESS_CONTROLLER/addr_reg[10]/C is not reached by a timing clock
Related violations: <none>

TIMING-17#778 Critical Warning
Non-clocked sequential cell  
The clock pin dbg_hub/inst/BSCANID.u_xsdbm_id/CORE_XSDB.UUT_MASTER/U_XSDB_ADDRESS_CONTROLLER/addr_reg[11]/C is not reached by a timing clock
Related violations: <none>

TIMING-17#779 Critical Warning
Non-clocked sequential cell  
The clock pin dbg_hub/inst/BSCANID.u_xsdbm_id/CORE_XSDB.UUT_MASTER/U_XSDB_ADDRESS_CONTROLLER/addr_reg[12]/C is not reached by a timing clock
Related violations: <none>

TIMING-17#780 Critical Warning
Non-clocked sequential cell  
The clock pin dbg_hub/inst/BSCANID.u_xsdbm_id/CORE_XSDB.UUT_MASTER/U_XSDB_ADDRESS_CONTROLLER/addr_reg[13]/C is not reached by a timing clock
Related violations: <none>

TIMING-17#781 Critical Warning
Non-clocked sequential cell  
The clock pin dbg_hub/inst/BSCANID.u_xsdbm_id/CORE_XSDB.UUT_MASTER/U_XSDB_ADDRESS_CONTROLLER/addr_reg[14]/C is not reached by a timing clock
Related violations: <none>

TIMING-17#782 Critical Warning
Non-clocked sequential cell  
The clock pin dbg_hub/inst/BSCANID.u_xsdbm_id/CORE_XSDB.UUT_MASTER/U_XSDB_ADDRESS_CONTROLLER/addr_reg[15]/C is not reached by a timing clock
Related violations: <none>

TIMING-17#783 Critical Warning
Non-clocked sequential cell  
The clock pin dbg_hub/inst/BSCANID.u_xsdbm_id/CORE_XSDB.UUT_MASTER/U_XSDB_ADDRESS_CONTROLLER/addr_reg[16]/C is not reached by a timing clock
Related violations: <none>

TIMING-17#784 Critical Warning
Non-clocked sequential cell  
The clock pin dbg_hub/inst/BSCANID.u_xsdbm_id/CORE_XSDB.UUT_MASTER/U_XSDB_ADDRESS_CONTROLLER/addr_reg[1]/C is not reached by a timing clock
Related violations: <none>

TIMING-17#785 Critical Warning
Non-clocked sequential cell  
The clock pin dbg_hub/inst/BSCANID.u_xsdbm_id/CORE_XSDB.UUT_MASTER/U_XSDB_ADDRESS_CONTROLLER/addr_reg[2]/C is not reached by a timing clock
Related violations: <none>

TIMING-17#786 Critical Warning
Non-clocked sequential cell  
The clock pin dbg_hub/inst/BSCANID.u_xsdbm_id/CORE_XSDB.UUT_MASTER/U_XSDB_ADDRESS_CONTROLLER/addr_reg[3]/C is not reached by a timing clock
Related violations: <none>

TIMING-17#787 Critical Warning
Non-clocked sequential cell  
The clock pin dbg_hub/inst/BSCANID.u_xsdbm_id/CORE_XSDB.UUT_MASTER/U_XSDB_ADDRESS_CONTROLLER/addr_reg[4]/C is not reached by a timing clock
Related violations: <none>

TIMING-17#788 Critical Warning
Non-clocked sequential cell  
The clock pin dbg_hub/inst/BSCANID.u_xsdbm_id/CORE_XSDB.UUT_MASTER/U_XSDB_ADDRESS_CONTROLLER/addr_reg[5]/C is not reached by a timing clock
Related violations: <none>

TIMING-17#789 Critical Warning
Non-clocked sequential cell  
The clock pin dbg_hub/inst/BSCANID.u_xsdbm_id/CORE_XSDB.UUT_MASTER/U_XSDB_ADDRESS_CONTROLLER/addr_reg[6]/C is not reached by a timing clock
Related violations: <none>

TIMING-17#790 Critical Warning
Non-clocked sequential cell  
The clock pin dbg_hub/inst/BSCANID.u_xsdbm_id/CORE_XSDB.UUT_MASTER/U_XSDB_ADDRESS_CONTROLLER/addr_reg[7]/C is not reached by a timing clock
Related violations: <none>

TIMING-17#791 Critical Warning
Non-clocked sequential cell  
The clock pin dbg_hub/inst/BSCANID.u_xsdbm_id/CORE_XSDB.UUT_MASTER/U_XSDB_ADDRESS_CONTROLLER/addr_reg[8]/C is not reached by a timing clock
Related violations: <none>

TIMING-17#792 Critical Warning
Non-clocked sequential cell  
The clock pin dbg_hub/inst/BSCANID.u_xsdbm_id/CORE_XSDB.UUT_MASTER/U_XSDB_ADDRESS_CONTROLLER/addr_reg[9]/C is not reached by a timing clock
Related violations: <none>

TIMING-17#793 Critical Warning
Non-clocked sequential cell  
The clock pin dbg_hub/inst/BSCANID.u_xsdbm_id/CORE_XSDB.UUT_MASTER/U_XSDB_BURST_WD_LEN_CONTROLLER/burst_wd_in_rdy_last_reg/C is not reached by a timing clock
Related violations: <none>

TIMING-17#794 Critical Warning
Non-clocked sequential cell  
The clock pin dbg_hub/inst/BSCANID.u_xsdbm_id/CORE_XSDB.UUT_MASTER/U_XSDB_BURST_WD_LEN_CONTROLLER/burst_wd_in_rdy_rise_edge_reg/C is not reached by a timing clock
Related violations: <none>

TIMING-17#795 Critical Warning
Non-clocked sequential cell  
The clock pin dbg_hub/inst/BSCANID.u_xsdbm_id/CORE_XSDB.UUT_MASTER/U_XSDB_BURST_WD_LEN_CONTROLLER/burst_wd_reg[0]/C is not reached by a timing clock
Related violations: <none>

TIMING-17#796 Critical Warning
Non-clocked sequential cell  
The clock pin dbg_hub/inst/BSCANID.u_xsdbm_id/CORE_XSDB.UUT_MASTER/U_XSDB_BURST_WD_LEN_CONTROLLER/burst_wd_reg[10]/C is not reached by a timing clock
Related violations: <none>

TIMING-17#797 Critical Warning
Non-clocked sequential cell  
The clock pin dbg_hub/inst/BSCANID.u_xsdbm_id/CORE_XSDB.UUT_MASTER/U_XSDB_BURST_WD_LEN_CONTROLLER/burst_wd_reg[11]/C is not reached by a timing clock
Related violations: <none>

TIMING-17#798 Critical Warning
Non-clocked sequential cell  
The clock pin dbg_hub/inst/BSCANID.u_xsdbm_id/CORE_XSDB.UUT_MASTER/U_XSDB_BURST_WD_LEN_CONTROLLER/burst_wd_reg[12]/C is not reached by a timing clock
Related violations: <none>

TIMING-17#799 Critical Warning
Non-clocked sequential cell  
The clock pin dbg_hub/inst/BSCANID.u_xsdbm_id/CORE_XSDB.UUT_MASTER/U_XSDB_BURST_WD_LEN_CONTROLLER/burst_wd_reg[13]/C is not reached by a timing clock
Related violations: <none>

TIMING-17#800 Critical Warning
Non-clocked sequential cell  
The clock pin dbg_hub/inst/BSCANID.u_xsdbm_id/CORE_XSDB.UUT_MASTER/U_XSDB_BURST_WD_LEN_CONTROLLER/burst_wd_reg[14]/C is not reached by a timing clock
Related violations: <none>

TIMING-17#801 Critical Warning
Non-clocked sequential cell  
The clock pin dbg_hub/inst/BSCANID.u_xsdbm_id/CORE_XSDB.UUT_MASTER/U_XSDB_BURST_WD_LEN_CONTROLLER/burst_wd_reg[15]/C is not reached by a timing clock
Related violations: <none>

TIMING-17#802 Critical Warning
Non-clocked sequential cell  
The clock pin dbg_hub/inst/BSCANID.u_xsdbm_id/CORE_XSDB.UUT_MASTER/U_XSDB_BURST_WD_LEN_CONTROLLER/burst_wd_reg[16]/C is not reached by a timing clock
Related violations: <none>

TIMING-17#803 Critical Warning
Non-clocked sequential cell  
The clock pin dbg_hub/inst/BSCANID.u_xsdbm_id/CORE_XSDB.UUT_MASTER/U_XSDB_BURST_WD_LEN_CONTROLLER/burst_wd_reg[1]/C is not reached by a timing clock
Related violations: <none>

TIMING-17#804 Critical Warning
Non-clocked sequential cell  
The clock pin dbg_hub/inst/BSCANID.u_xsdbm_id/CORE_XSDB.UUT_MASTER/U_XSDB_BURST_WD_LEN_CONTROLLER/burst_wd_reg[2]/C is not reached by a timing clock
Related violations: <none>

TIMING-17#805 Critical Warning
Non-clocked sequential cell  
The clock pin dbg_hub/inst/BSCANID.u_xsdbm_id/CORE_XSDB.UUT_MASTER/U_XSDB_BURST_WD_LEN_CONTROLLER/burst_wd_reg[3]/C is not reached by a timing clock
Related violations: <none>

TIMING-17#806 Critical Warning
Non-clocked sequential cell  
The clock pin dbg_hub/inst/BSCANID.u_xsdbm_id/CORE_XSDB.UUT_MASTER/U_XSDB_BURST_WD_LEN_CONTROLLER/burst_wd_reg[4]/C is not reached by a timing clock
Related violations: <none>

TIMING-17#807 Critical Warning
Non-clocked sequential cell  
The clock pin dbg_hub/inst/BSCANID.u_xsdbm_id/CORE_XSDB.UUT_MASTER/U_XSDB_BURST_WD_LEN_CONTROLLER/burst_wd_reg[5]/C is not reached by a timing clock
Related violations: <none>

TIMING-17#808 Critical Warning
Non-clocked sequential cell  
The clock pin dbg_hub/inst/BSCANID.u_xsdbm_id/CORE_XSDB.UUT_MASTER/U_XSDB_BURST_WD_LEN_CONTROLLER/burst_wd_reg[6]/C is not reached by a timing clock
Related violations: <none>

TIMING-17#809 Critical Warning
Non-clocked sequential cell  
The clock pin dbg_hub/inst/BSCANID.u_xsdbm_id/CORE_XSDB.UUT_MASTER/U_XSDB_BURST_WD_LEN_CONTROLLER/burst_wd_reg[7]/C is not reached by a timing clock
Related violations: <none>

TIMING-17#810 Critical Warning
Non-clocked sequential cell  
The clock pin dbg_hub/inst/BSCANID.u_xsdbm_id/CORE_XSDB.UUT_MASTER/U_XSDB_BURST_WD_LEN_CONTROLLER/burst_wd_reg[8]/C is not reached by a timing clock
Related violations: <none>

TIMING-17#811 Critical Warning
Non-clocked sequential cell  
The clock pin dbg_hub/inst/BSCANID.u_xsdbm_id/CORE_XSDB.UUT_MASTER/U_XSDB_BURST_WD_LEN_CONTROLLER/burst_wd_reg[9]/C is not reached by a timing clock
Related violations: <none>

TIMING-17#812 Critical Warning
Non-clocked sequential cell  
The clock pin dbg_hub/inst/BSCANID.u_xsdbm_id/CORE_XSDB.UUT_MASTER/U_XSDB_BURST_WD_LEN_CONTROLLER/wdc_eq_zero_reg/C is not reached by a timing clock
Related violations: <none>

TIMING-17#813 Critical Warning
Non-clocked sequential cell  
The clock pin dbg_hub/inst/BSCANID.u_xsdbm_id/CORE_XSDB.UUT_MASTER/U_XSDB_BUS_CONTROLLER/U_RD_ABORT_FLAG/G_NEG_EDGE.flag_reg/C is not reached by a timing clock
Related violations: <none>

TIMING-17#814 Critical Warning
Non-clocked sequential cell  
The clock pin dbg_hub/inst/BSCANID.u_xsdbm_id/CORE_XSDB.UUT_MASTER/U_XSDB_BUS_CONTROLLER/U_RD_REQ_FLAG/G_POS_EDGE.flag_reg/C is not reached by a timing clock
Related violations: <none>

TIMING-17#815 Critical Warning
Non-clocked sequential cell  
The clock pin dbg_hub/inst/BSCANID.u_xsdbm_id/CORE_XSDB.UUT_MASTER/U_XSDB_BUS_CONTROLLER/U_RD_REQ_FLAG/last_flag_reg/C is not reached by a timing clock
Related violations: <none>

TIMING-17#816 Critical Warning
Non-clocked sequential cell  
The clock pin dbg_hub/inst/BSCANID.u_xsdbm_id/CORE_XSDB.UUT_MASTER/U_XSDB_BUS_CONTROLLER/U_TIMER/count_reg[0]/C is not reached by a timing clock
Related violations: <none>

TIMING-17#817 Critical Warning
Non-clocked sequential cell  
The clock pin dbg_hub/inst/BSCANID.u_xsdbm_id/CORE_XSDB.UUT_MASTER/U_XSDB_BUS_CONTROLLER/U_TIMER/count_reg[1]/C is not reached by a timing clock
Related violations: <none>

TIMING-17#818 Critical Warning
Non-clocked sequential cell  
The clock pin dbg_hub/inst/BSCANID.u_xsdbm_id/CORE_XSDB.UUT_MASTER/U_XSDB_BUS_CONTROLLER/U_TIMER/count_reg[2]/C is not reached by a timing clock
Related violations: <none>

TIMING-17#819 Critical Warning
Non-clocked sequential cell  
The clock pin dbg_hub/inst/BSCANID.u_xsdbm_id/CORE_XSDB.UUT_MASTER/U_XSDB_BUS_CONTROLLER/U_TIMER/count_reg[3]/C is not reached by a timing clock
Related violations: <none>

TIMING-17#820 Critical Warning
Non-clocked sequential cell  
The clock pin dbg_hub/inst/BSCANID.u_xsdbm_id/CORE_XSDB.UUT_MASTER/U_XSDB_BUS_CONTROLLER/U_TIMER/count_reg[4]/C is not reached by a timing clock
Related violations: <none>

TIMING-17#821 Critical Warning
Non-clocked sequential cell  
The clock pin dbg_hub/inst/BSCANID.u_xsdbm_id/CORE_XSDB.UUT_MASTER/U_XSDB_BUS_CONTROLLER/U_TIMER/count_reg[5]/C is not reached by a timing clock
Related violations: <none>

TIMING-17#822 Critical Warning
Non-clocked sequential cell  
The clock pin dbg_hub/inst/BSCANID.u_xsdbm_id/CORE_XSDB.UUT_MASTER/U_XSDB_BUS_CONTROLLER/U_TIMER/count_reg[6]/C is not reached by a timing clock
Related violations: <none>

TIMING-17#823 Critical Warning
Non-clocked sequential cell  
The clock pin dbg_hub/inst/BSCANID.u_xsdbm_id/CORE_XSDB.UUT_MASTER/U_XSDB_BUS_CONTROLLER/U_TIMER/timeout_reg/C is not reached by a timing clock
Related violations: <none>

TIMING-17#824 Critical Warning
Non-clocked sequential cell  
The clock pin dbg_hub/inst/BSCANID.u_xsdbm_id/CORE_XSDB.UUT_MASTER/U_XSDB_BUS_CONTROLLER/active_sl_den_mask_reg[0]/C is not reached by a timing clock
Related violations: <none>

TIMING-17#825 Critical Warning
Non-clocked sequential cell  
The clock pin dbg_hub/inst/BSCANID.u_xsdbm_id/CORE_XSDB.UUT_MASTER/U_XSDB_BUS_CONTROLLER/auto_sl_drdy_reg/C is not reached by a timing clock
Related violations: <none>

TIMING-17#826 Critical Warning
Non-clocked sequential cell  
The clock pin dbg_hub/inst/BSCANID.u_xsdbm_id/CORE_XSDB.UUT_MASTER/U_XSDB_BUS_CONTROLLER/clr_abort_rd_reg/C is not reached by a timing clock
Related violations: <none>

TIMING-17#827 Critical Warning
Non-clocked sequential cell  
The clock pin dbg_hub/inst/BSCANID.u_xsdbm_id/CORE_XSDB.UUT_MASTER/U_XSDB_BUS_CONTROLLER/clr_rd_req_reg/C is not reached by a timing clock
Related violations: <none>

TIMING-17#828 Critical Warning
Non-clocked sequential cell  
The clock pin dbg_hub/inst/BSCANID.u_xsdbm_id/CORE_XSDB.UUT_MASTER/U_XSDB_BUS_CONTROLLER/current_state_reg[0]/C is not reached by a timing clock
Related violations: <none>

TIMING-17#829 Critical Warning
Non-clocked sequential cell  
The clock pin dbg_hub/inst/BSCANID.u_xsdbm_id/CORE_XSDB.UUT_MASTER/U_XSDB_BUS_CONTROLLER/current_state_reg[1]/C is not reached by a timing clock
Related violations: <none>

TIMING-17#830 Critical Warning
Non-clocked sequential cell  
The clock pin dbg_hub/inst/BSCANID.u_xsdbm_id/CORE_XSDB.UUT_MASTER/U_XSDB_BUS_CONTROLLER/current_state_reg[2]/C is not reached by a timing clock
Related violations: <none>

TIMING-17#831 Critical Warning
Non-clocked sequential cell  
The clock pin dbg_hub/inst/BSCANID.u_xsdbm_id/CORE_XSDB.UUT_MASTER/U_XSDB_BUS_CONTROLLER/current_state_reg[3]/C is not reached by a timing clock
Related violations: <none>

TIMING-17#832 Critical Warning
Non-clocked sequential cell  
The clock pin dbg_hub/inst/BSCANID.u_xsdbm_id/CORE_XSDB.UUT_MASTER/U_XSDB_BUS_CONTROLLER/current_state_reg[4]/C is not reached by a timing clock
Related violations: <none>

TIMING-17#833 Critical Warning
Non-clocked sequential cell  
The clock pin dbg_hub/inst/BSCANID.u_xsdbm_id/CORE_XSDB.UUT_MASTER/U_XSDB_BUS_CONTROLLER/dec_wdc_r_reg/C is not reached by a timing clock
Related violations: <none>

TIMING-17#834 Critical Warning
Non-clocked sequential cell  
The clock pin dbg_hub/inst/BSCANID.u_xsdbm_id/CORE_XSDB.UUT_MASTER/U_XSDB_BUS_CONTROLLER/in_idle_mode_reg/C is not reached by a timing clock
Related violations: <none>

TIMING-17#835 Critical Warning
Non-clocked sequential cell  
The clock pin dbg_hub/inst/BSCANID.u_xsdbm_id/CORE_XSDB.UUT_MASTER/U_XSDB_BUS_CONTROLLER/in_normal_mode_reg/C is not reached by a timing clock
Related violations: <none>

TIMING-17#836 Critical Warning
Non-clocked sequential cell  
The clock pin dbg_hub/inst/BSCANID.u_xsdbm_id/CORE_XSDB.UUT_MASTER/U_XSDB_BUS_CONTROLLER/in_read_mode_reg/C is not reached by a timing clock
Related violations: <none>

TIMING-17#837 Critical Warning
Non-clocked sequential cell  
The clock pin dbg_hub/inst/BSCANID.u_xsdbm_id/CORE_XSDB.UUT_MASTER/U_XSDB_BUS_CONTROLLER/in_write_mode_reg/C is not reached by a timing clock
Related violations: <none>

TIMING-17#838 Critical Warning
Non-clocked sequential cell  
The clock pin dbg_hub/inst/BSCANID.u_xsdbm_id/CORE_XSDB.UUT_MASTER/U_XSDB_BUS_CONTROLLER/inc_addr_r_reg/C is not reached by a timing clock
Related violations: <none>

TIMING-17#839 Critical Warning
Non-clocked sequential cell  
The clock pin dbg_hub/inst/BSCANID.u_xsdbm_id/CORE_XSDB.UUT_MASTER/U_XSDB_BUS_CONTROLLER/ma_err_r_reg[0]/C is not reached by a timing clock
Related violations: <none>

TIMING-17#840 Critical Warning
Non-clocked sequential cell  
The clock pin dbg_hub/inst/BSCANID.u_xsdbm_id/CORE_XSDB.UUT_MASTER/U_XSDB_BUS_CONTROLLER/ma_err_r_reg[1]/C is not reached by a timing clock
Related violations: <none>

TIMING-17#841 Critical Warning
Non-clocked sequential cell  
The clock pin dbg_hub/inst/BSCANID.u_xsdbm_id/CORE_XSDB.UUT_MASTER/U_XSDB_BUS_CONTROLLER/ma_wr_pop_r_reg/C is not reached by a timing clock
Related violations: <none>

TIMING-17#842 Critical Warning
Non-clocked sequential cell  
The clock pin dbg_hub/inst/BSCANID.u_xsdbm_id/CORE_XSDB.UUT_MASTER/U_XSDB_BUS_CONTROLLER/sl_berr_r_reg[0]/C is not reached by a timing clock
Related violations: <none>

TIMING-17#843 Critical Warning
Non-clocked sequential cell  
The clock pin dbg_hub/inst/BSCANID.u_xsdbm_id/CORE_XSDB.UUT_MASTER/U_XSDB_BUS_CONTROLLER/sl_den_r_reg[0]/C is not reached by a timing clock
Related violations: <none>

TIMING-17#844 Critical Warning
Non-clocked sequential cell  
The clock pin dbg_hub/inst/BSCANID.u_xsdbm_id/CORE_XSDB.UUT_MASTER/U_XSDB_BUS_CONTROLLER/sl_dwe_r_reg[0]/C is not reached by a timing clock
Related violations: <none>

TIMING-17#845 Critical Warning
Non-clocked sequential cell  
The clock pin dbg_hub/inst/BSCANID.u_xsdbm_id/CORE_XSDB.UUT_MASTER/U_XSDB_BUS_CONTROLLER/sl_rst_r_reg[0]/C is not reached by a timing clock
Related violations: <none>

TIMING-17#846 Critical Warning
Non-clocked sequential cell  
The clock pin dbg_hub/inst/BSCANID.u_xsdbm_id/CORE_XSDB.UUT_MASTER/U_XSDB_BUS_CONTROLLER/timer_rst_reg/C is not reached by a timing clock
Related violations: <none>

TIMING-17#847 Critical Warning
Non-clocked sequential cell  
The clock pin dbg_hub/inst/BSCANID.u_xsdbm_id/CORE_XSDB.UUT_MASTER/U_XSDB_BUS_MSTR2SL_PORT_IFACE/MA_RD_DIN_O_reg[0]/C is not reached by a timing clock
Related violations: <none>

TIMING-17#848 Critical Warning
Non-clocked sequential cell  
The clock pin dbg_hub/inst/BSCANID.u_xsdbm_id/CORE_XSDB.UUT_MASTER/U_XSDB_BUS_MSTR2SL_PORT_IFACE/MA_RD_DIN_O_reg[10]/C is not reached by a timing clock
Related violations: <none>

TIMING-17#849 Critical Warning
Non-clocked sequential cell  
The clock pin dbg_hub/inst/BSCANID.u_xsdbm_id/CORE_XSDB.UUT_MASTER/U_XSDB_BUS_MSTR2SL_PORT_IFACE/MA_RD_DIN_O_reg[11]/C is not reached by a timing clock
Related violations: <none>

TIMING-17#850 Critical Warning
Non-clocked sequential cell  
The clock pin dbg_hub/inst/BSCANID.u_xsdbm_id/CORE_XSDB.UUT_MASTER/U_XSDB_BUS_MSTR2SL_PORT_IFACE/MA_RD_DIN_O_reg[12]/C is not reached by a timing clock
Related violations: <none>

TIMING-17#851 Critical Warning
Non-clocked sequential cell  
The clock pin dbg_hub/inst/BSCANID.u_xsdbm_id/CORE_XSDB.UUT_MASTER/U_XSDB_BUS_MSTR2SL_PORT_IFACE/MA_RD_DIN_O_reg[13]/C is not reached by a timing clock
Related violations: <none>

TIMING-17#852 Critical Warning
Non-clocked sequential cell  
The clock pin dbg_hub/inst/BSCANID.u_xsdbm_id/CORE_XSDB.UUT_MASTER/U_XSDB_BUS_MSTR2SL_PORT_IFACE/MA_RD_DIN_O_reg[14]/C is not reached by a timing clock
Related violations: <none>

TIMING-17#853 Critical Warning
Non-clocked sequential cell  
The clock pin dbg_hub/inst/BSCANID.u_xsdbm_id/CORE_XSDB.UUT_MASTER/U_XSDB_BUS_MSTR2SL_PORT_IFACE/MA_RD_DIN_O_reg[15]/C is not reached by a timing clock
Related violations: <none>

TIMING-17#854 Critical Warning
Non-clocked sequential cell  
The clock pin dbg_hub/inst/BSCANID.u_xsdbm_id/CORE_XSDB.UUT_MASTER/U_XSDB_BUS_MSTR2SL_PORT_IFACE/MA_RD_DIN_O_reg[1]/C is not reached by a timing clock
Related violations: <none>

TIMING-17#855 Critical Warning
Non-clocked sequential cell  
The clock pin dbg_hub/inst/BSCANID.u_xsdbm_id/CORE_XSDB.UUT_MASTER/U_XSDB_BUS_MSTR2SL_PORT_IFACE/MA_RD_DIN_O_reg[2]/C is not reached by a timing clock
Related violations: <none>

TIMING-17#856 Critical Warning
Non-clocked sequential cell  
The clock pin dbg_hub/inst/BSCANID.u_xsdbm_id/CORE_XSDB.UUT_MASTER/U_XSDB_BUS_MSTR2SL_PORT_IFACE/MA_RD_DIN_O_reg[3]/C is not reached by a timing clock
Related violations: <none>

TIMING-17#857 Critical Warning
Non-clocked sequential cell  
The clock pin dbg_hub/inst/BSCANID.u_xsdbm_id/CORE_XSDB.UUT_MASTER/U_XSDB_BUS_MSTR2SL_PORT_IFACE/MA_RD_DIN_O_reg[4]/C is not reached by a timing clock
Related violations: <none>

TIMING-17#858 Critical Warning
Non-clocked sequential cell  
The clock pin dbg_hub/inst/BSCANID.u_xsdbm_id/CORE_XSDB.UUT_MASTER/U_XSDB_BUS_MSTR2SL_PORT_IFACE/MA_RD_DIN_O_reg[5]/C is not reached by a timing clock
Related violations: <none>

TIMING-17#859 Critical Warning
Non-clocked sequential cell  
The clock pin dbg_hub/inst/BSCANID.u_xsdbm_id/CORE_XSDB.UUT_MASTER/U_XSDB_BUS_MSTR2SL_PORT_IFACE/MA_RD_DIN_O_reg[6]/C is not reached by a timing clock
Related violations: <none>

TIMING-17#860 Critical Warning
Non-clocked sequential cell  
The clock pin dbg_hub/inst/BSCANID.u_xsdbm_id/CORE_XSDB.UUT_MASTER/U_XSDB_BUS_MSTR2SL_PORT_IFACE/MA_RD_DIN_O_reg[7]/C is not reached by a timing clock
Related violations: <none>

TIMING-17#861 Critical Warning
Non-clocked sequential cell  
The clock pin dbg_hub/inst/BSCANID.u_xsdbm_id/CORE_XSDB.UUT_MASTER/U_XSDB_BUS_MSTR2SL_PORT_IFACE/MA_RD_DIN_O_reg[8]/C is not reached by a timing clock
Related violations: <none>

TIMING-17#862 Critical Warning
Non-clocked sequential cell  
The clock pin dbg_hub/inst/BSCANID.u_xsdbm_id/CORE_XSDB.UUT_MASTER/U_XSDB_BUS_MSTR2SL_PORT_IFACE/MA_RD_DIN_O_reg[9]/C is not reached by a timing clock
Related violations: <none>

TIMING-17#863 Critical Warning
Non-clocked sequential cell  
The clock pin dbg_hub/inst/BSCANID.u_xsdbm_id/CORE_XSDB.UUT_MASTER/U_XSDB_BUS_MSTR2SL_PORT_IFACE/SL_DRDY_O_reg/C is not reached by a timing clock
Related violations: <none>

TIMING-27#1 Critical Warning
Invalid primary clock on hierarchical pin  
A primary clock Electric_hook_bd_i/clk_wiz/inst/clk_in1 is created on an inappropriate internal pin Electric_hook_bd_i/clk_wiz/inst/clk_in1. It is not recommended to create a primary clock on a hierarchical pin when its driver pin has a fanout connected to multiple clock pins
Related violations: <none>

LUTAR-1#1 Warning
LUT drives async reset alert  
LUT cell dbg_hub/inst/BSCANID.u_xsdbm_id/CORE_XSDB.UUT_MASTER/U_ICON_INTERFACE/U_CMD6_RD/U_RD_FIFO/SUBCORE_FIFO.xsdbm_v3_0_0_rdfifo_inst/inst_fifo_gen/gconvfifo.rf/grf.rf/rstblk/ngwrdrst.grst.g7serrst.gwrrd_rst_sync_stage[2].rrst_inst/ngwrdrst.grst.g7serrst.rd_rst_reg[2]_i_1, with 2 or more inputs, drives asynchronous preset/clear pin(s) dbg_hub/inst/BSCANID.u_xsdbm_id/CORE_XSDB.UUT_MASTER/U_ICON_INTERFACE/U_CMD6_RD/U_RD_FIFO/SUBCORE_FIFO.xsdbm_v3_0_0_rdfifo_inst/inst_fifo_gen/gconvfifo.rf/grf.rf/rstblk/ngwrdrst.grst.g7serrst.rd_rst_reg_reg[0]/PRE,
dbg_hub/inst/BSCANID.u_xsdbm_id/CORE_XSDB.UUT_MASTER/U_ICON_INTERFACE/U_CMD6_RD/U_RD_FIFO/SUBCORE_FIFO.xsdbm_v3_0_0_rdfifo_inst/inst_fifo_gen/gconvfifo.rf/grf.rf/rstblk/ngwrdrst.grst.g7serrst.rd_rst_reg_reg[1]/PRE,
dbg_hub/inst/BSCANID.u_xsdbm_id/CORE_XSDB.UUT_MASTER/U_ICON_INTERFACE/U_CMD6_RD/U_RD_FIFO/SUBCORE_FIFO.xsdbm_v3_0_0_rdfifo_inst/inst_fifo_gen/gconvfifo.rf/grf.rf/rstblk/ngwrdrst.grst.g7serrst.rd_rst_reg_reg[2]/PRE. The LUT may glitch and trigger an unexpected reset, even if it is a properly timed path.
Related violations: <none>

LUTAR-1#2 Warning
LUT drives async reset alert  
LUT cell dbg_hub/inst/BSCANID.u_xsdbm_id/CORE_XSDB.UUT_MASTER/U_ICON_INTERFACE/U_CMD6_RD/U_RD_FIFO/SUBCORE_FIFO.xsdbm_v3_0_0_rdfifo_inst/inst_fifo_gen/gconvfifo.rf/grf.rf/rstblk/ngwrdrst.grst.g7serrst.gwrrd_rst_sync_stage[2].wrst_inst/ngwrdrst.grst.g7serrst.wr_rst_reg[2]_i_1, with 2 or more inputs, drives asynchronous preset/clear pin(s) dbg_hub/inst/BSCANID.u_xsdbm_id/CORE_XSDB.UUT_MASTER/U_ICON_INTERFACE/U_CMD6_RD/U_RD_FIFO/SUBCORE_FIFO.xsdbm_v3_0_0_rdfifo_inst/inst_fifo_gen/gconvfifo.rf/grf.rf/rstblk/ngwrdrst.grst.g7serrst.wr_rst_reg_reg[0]/PRE,
dbg_hub/inst/BSCANID.u_xsdbm_id/CORE_XSDB.UUT_MASTER/U_ICON_INTERFACE/U_CMD6_RD/U_RD_FIFO/SUBCORE_FIFO.xsdbm_v3_0_0_rdfifo_inst/inst_fifo_gen/gconvfifo.rf/grf.rf/rstblk/ngwrdrst.grst.g7serrst.wr_rst_reg_reg[1]/PRE,
dbg_hub/inst/BSCANID.u_xsdbm_id/CORE_XSDB.UUT_MASTER/U_ICON_INTERFACE/U_CMD6_RD/U_RD_FIFO/SUBCORE_FIFO.xsdbm_v3_0_0_rdfifo_inst/inst_fifo_gen/gconvfifo.rf/grf.rf/rstblk/ngwrdrst.grst.g7serrst.wr_rst_reg_reg[2]/PRE. The LUT may glitch and trigger an unexpected reset, even if it is a properly timed path.
Related violations: <none>

LUTAR-1#3 Warning
LUT drives async reset alert  
LUT cell dbg_hub/inst/BSCANID.u_xsdbm_id/CORE_XSDB.UUT_MASTER/U_ICON_INTERFACE/U_CMD6_WR/U_WR_FIFO/SUBCORE_FIFO.xsdbm_v3_0_0_wrfifo_inst/inst_fifo_gen/gconvfifo.rf/grf.rf/rstblk/ngwrdrst.grst.g7serrst.gwrrd_rst_sync_stage[2].rrst_inst/ngwrdrst.grst.g7serrst.rd_rst_reg[2]_i_1, with 2 or more inputs, drives asynchronous preset/clear pin(s) dbg_hub/inst/BSCANID.u_xsdbm_id/CORE_XSDB.UUT_MASTER/U_ICON_INTERFACE/U_CMD6_WR/U_WR_FIFO/SUBCORE_FIFO.xsdbm_v3_0_0_wrfifo_inst/inst_fifo_gen/gconvfifo.rf/grf.rf/rstblk/ngwrdrst.grst.g7serrst.rd_rst_reg_reg[0]/PRE,
dbg_hub/inst/BSCANID.u_xsdbm_id/CORE_XSDB.UUT_MASTER/U_ICON_INTERFACE/U_CMD6_WR/U_WR_FIFO/SUBCORE_FIFO.xsdbm_v3_0_0_wrfifo_inst/inst_fifo_gen/gconvfifo.rf/grf.rf/rstblk/ngwrdrst.grst.g7serrst.rd_rst_reg_reg[1]/PRE,
dbg_hub/inst/BSCANID.u_xsdbm_id/CORE_XSDB.UUT_MASTER/U_ICON_INTERFACE/U_CMD6_WR/U_WR_FIFO/SUBCORE_FIFO.xsdbm_v3_0_0_wrfifo_inst/inst_fifo_gen/gconvfifo.rf/grf.rf/rstblk/ngwrdrst.grst.g7serrst.rd_rst_reg_reg[2]/PRE. The LUT may glitch and trigger an unexpected reset, even if it is a properly timed path.
Related violations: <none>

LUTAR-1#4 Warning
LUT drives async reset alert  
LUT cell dbg_hub/inst/BSCANID.u_xsdbm_id/CORE_XSDB.UUT_MASTER/U_ICON_INTERFACE/U_CMD6_WR/U_WR_FIFO/SUBCORE_FIFO.xsdbm_v3_0_0_wrfifo_inst/inst_fifo_gen/gconvfifo.rf/grf.rf/rstblk/ngwrdrst.grst.g7serrst.gwrrd_rst_sync_stage[2].wrst_inst/ngwrdrst.grst.g7serrst.wr_rst_reg[2]_i_1, with 2 or more inputs, drives asynchronous preset/clear pin(s) dbg_hub/inst/BSCANID.u_xsdbm_id/CORE_XSDB.UUT_MASTER/U_ICON_INTERFACE/U_CMD6_WR/U_WR_FIFO/SUBCORE_FIFO.xsdbm_v3_0_0_wrfifo_inst/inst_fifo_gen/gconvfifo.rf/grf.rf/rstblk/ngwrdrst.grst.g7serrst.wr_rst_reg_reg[0]/PRE,
dbg_hub/inst/BSCANID.u_xsdbm_id/CORE_XSDB.UUT_MASTER/U_ICON_INTERFACE/U_CMD6_WR/U_WR_FIFO/SUBCORE_FIFO.xsdbm_v3_0_0_wrfifo_inst/inst_fifo_gen/gconvfifo.rf/grf.rf/rstblk/ngwrdrst.grst.g7serrst.wr_rst_reg_reg[1]/PRE,
dbg_hub/inst/BSCANID.u_xsdbm_id/CORE_XSDB.UUT_MASTER/U_ICON_INTERFACE/U_CMD6_WR/U_WR_FIFO/SUBCORE_FIFO.xsdbm_v3_0_0_wrfifo_inst/inst_fifo_gen/gconvfifo.rf/grf.rf/rstblk/ngwrdrst.grst.g7serrst.wr_rst_reg_reg[2]/PRE. The LUT may glitch and trigger an unexpected reset, even if it is a properly timed path.
Related violations: <none>

PDRC-190#1 Warning
Suboptimally placed synchronized register chain  
The FDPE cell Electric_hook_bd_i/axi_traffic_gen_1/inst/ext_st_sync_flop_1/q_reg in site SLICE_X34Y21 is part of a synchronized register chain that is suboptimally placed as the load FDRE cell Electric_hook_bd_i/axi_traffic_gen_1/inst/cdc_stop_sync/GENERATE_LEVEL_P_S_CDC.SINGLE_BIT.CROSS_PLEVEL_IN2SCNDRY_IN_cdc_to is not placed in the same (SLICE) site.
Related violations: <none>

PDRC-190#2 Warning
Suboptimally placed synchronized register chain  
The FDPE cell Electric_hook_bd_i/axi_traffic_gen_1/inst/ext_sync_flop_1/q_reg in site SLICE_X34Y16 is part of a synchronized register chain that is suboptimally placed as the load FDRE cell Electric_hook_bd_i/axi_traffic_gen_1/inst/cdc_start_sync/GENERATE_LEVEL_P_S_CDC.SINGLE_BIT.CROSS_PLEVEL_IN2SCNDRY_IN_cdc_to is not placed in the same (SLICE) site.
Related violations: <none>

PDRC-190#3 Warning
Suboptimally placed synchronized register chain  
The FDRE cell dbg_hub/inst/BSCANID.u_xsdbm_id/CORE_XSDB.UUT_MASTER/U_ICON_INTERFACE/U_CMD2/stat_reg_reg[0] in site SLICE_X12Y3 is part of a synchronized register chain that is suboptimally placed as the load FDRE cell dbg_hub/inst/BSCANID.u_xsdbm_id/CORE_XSDB.UUT_MASTER/U_ICON_INTERFACE/U_CMD2/stat_reg_1_reg[0] is not placed in the same (SLICE) site.
Related violations: <none>

PDRC-190#4 Warning
Suboptimally placed synchronized register chain  
The FDRE cell dbg_hub/inst/BSCANID.u_xsdbm_id/CORE_XSDB.UUT_MASTER/U_ICON_INTERFACE/U_CMD2/stat_reg_reg[1] in site SLICE_X10Y3 is part of a synchronized register chain that is suboptimally placed as the load FDRE cell dbg_hub/inst/BSCANID.u_xsdbm_id/CORE_XSDB.UUT_MASTER/U_ICON_INTERFACE/U_CMD2/stat_reg_1_reg[1] is not placed in the same (SLICE) site.
Related violations: <none>

PDRC-190#5 Warning
Suboptimally placed synchronized register chain  
The FDRE cell dbg_hub/inst/BSCANID.u_xsdbm_id/CORE_XSDB.UUT_MASTER/U_ICON_INTERFACE/U_CMD2/stat_reg_reg[2] in site SLICE_X13Y3 is part of a synchronized register chain that is suboptimally placed as the load FDRE cell dbg_hub/inst/BSCANID.u_xsdbm_id/CORE_XSDB.UUT_MASTER/U_ICON_INTERFACE/U_CMD2/stat_reg_1_reg[2] is not placed in the same (SLICE) site.
Related violations: <none>

PDRC-190#6 Warning
Suboptimally placed synchronized register chain  
The FDRE cell dbg_hub/inst/BSCANID.u_xsdbm_id/CORE_XSDB.UUT_MASTER/U_ICON_INTERFACE/U_CMD2/stat_reg_reg[3] in site SLICE_X11Y3 is part of a synchronized register chain that is suboptimally placed as the load FDRE cell dbg_hub/inst/BSCANID.u_xsdbm_id/CORE_XSDB.UUT_MASTER/U_ICON_INTERFACE/U_CMD2/stat_reg_1_reg[3] is not placed in the same (SLICE) site.
Related violations: <none>

PDRC-190#7 Warning
Suboptimally placed synchronized register chain  
The FDRE cell dbg_hub/inst/BSCANID.u_xsdbm_id/CORE_XSDB.UUT_MASTER/U_ICON_INTERFACE/U_CMD3/stat_reg_reg[0] in site SLICE_X4Y0 is part of a synchronized register chain that is suboptimally placed as the load FDRE cell dbg_hub/inst/BSCANID.u_xsdbm_id/CORE_XSDB.UUT_MASTER/U_ICON_INTERFACE/U_CMD3/stat_reg_1_reg[0] is not placed in the same (SLICE) site.
Related violations: <none>

PDRC-190#8 Warning
Suboptimally placed synchronized register chain  
The FDRE cell dbg_hub/inst/BSCANID.u_xsdbm_id/CORE_XSDB.UUT_MASTER/U_ICON_INTERFACE/U_CMD3/stat_reg_reg[1] in site SLICE_X6Y1 is part of a synchronized register chain that is suboptimally placed as the load FDRE cell dbg_hub/inst/BSCANID.u_xsdbm_id/CORE_XSDB.UUT_MASTER/U_ICON_INTERFACE/U_CMD3/stat_reg_1_reg[1] is not placed in the same (SLICE) site.
Related violations: <none>

PDRC-190#9 Warning
Suboptimally placed synchronized register chain  
The FDRE cell dbg_hub/inst/BSCANID.u_xsdbm_id/CORE_XSDB.UUT_MASTER/U_ICON_INTERFACE/U_CMD3/stat_reg_reg[2] in site SLICE_X5Y1 is part of a synchronized register chain that is suboptimally placed as the load FDRE cell dbg_hub/inst/BSCANID.u_xsdbm_id/CORE_XSDB.UUT_MASTER/U_ICON_INTERFACE/U_CMD3/stat_reg_1_reg[2] is not placed in the same (SLICE) site.
Related violations: <none>

PDRC-190#10 Warning
Suboptimally placed synchronized register chain  
The FDRE cell dbg_hub/inst/BSCANID.u_xsdbm_id/CORE_XSDB.UUT_MASTER/U_ICON_INTERFACE/U_CMD7_STAT/stat_reg_reg[0] in site SLICE_X2Y2 is part of a synchronized register chain that is suboptimally placed as the load FDRE cell dbg_hub/inst/BSCANID.u_xsdbm_id/CORE_XSDB.UUT_MASTER/U_ICON_INTERFACE/U_CMD7_STAT/stat_reg_1_reg[0] is not placed in the same (SLICE) site.
Related violations: <none>

PDRC-190#11 Warning
Suboptimally placed synchronized register chain  
The FDRE cell dbg_hub/inst/BSCANID.u_xsdbm_id/CORE_XSDB.UUT_MASTER/U_ICON_INTERFACE/U_CMD7_STAT/stat_reg_reg[1] in site SLICE_X1Y3 is part of a synchronized register chain that is suboptimally placed as the load FDRE cell dbg_hub/inst/BSCANID.u_xsdbm_id/CORE_XSDB.UUT_MASTER/U_ICON_INTERFACE/U_CMD7_STAT/stat_reg_1_reg[1] is not placed in the same (SLICE) site.
Related violations: <none>

PDRC-190#12 Warning
Suboptimally placed synchronized register chain  
The FDRE cell dbg_hub/inst/BSCANID.u_xsdbm_id/CORE_XSDB.UUT_MASTER/U_ICON_INTERFACE/U_CMD7_STAT/stat_reg_reg[2] in site SLICE_X5Y3 is part of a synchronized register chain that is suboptimally placed as the load FDRE cell dbg_hub/inst/BSCANID.u_xsdbm_id/CORE_XSDB.UUT_MASTER/U_ICON_INTERFACE/U_CMD7_STAT/stat_reg_1_reg[2] is not placed in the same (SLICE) site.
Related violations: <none>

TIMING-46#1 Warning
Multicycle path with tied CE pins  
One or more multicycle paths are defined between registers Electric_hook_bd_i/axi_traffic_gen_1/inst/ATG_MODE_AXI_BASIC_FULL.basic_n_full_top/ATG_PARARAM_INST_YES.paramram_blk/PARAMRAM_ON_1.paramram_r_regslice/datapath_reg[0][20]/Q and Electric_hook_bd_i/axi_traffic_gen_1/inst/ATG_MODE_AXI_BASIC_FULL.basic_n_full_top/ATG_PARARAM_INST_YES.paramram_blk/PARAMRAM_ON_1.param_cmdr_addrrandrange_encoded_reg[0]/D with a direct connection and the CE pins connected to VCC (see constraint position 3 in the Timing Constraint window in Vivado IDE).  This may result in an inaccurate path requirement.
Related violations: <none>

TIMING-46#2 Warning
Multicycle path with tied CE pins  
One or more multicycle paths are defined between registers Electric_hook_bd_i/axi_traffic_gen_1/inst/ATG_MODE_AXI_BASIC_FULL.basic_n_full_top/ATG_PARARAM_INST_YES.paramram_blk/PARAMRAM_ON_1.paramram_r_regslice/datapath_reg[0][21]/Q and Electric_hook_bd_i/axi_traffic_gen_1/inst/ATG_MODE_AXI_BASIC_FULL.basic_n_full_top/ATG_PARARAM_INST_YES.paramram_blk/PARAMRAM_ON_1.param_cmdr_addrrandrange_encoded_reg[1]/D with a direct connection and the CE pins connected to VCC (see constraint position 3 in the Timing Constraint window in Vivado IDE).  This may result in an inaccurate path requirement.
Related violations: <none>

TIMING-46#3 Warning
Multicycle path with tied CE pins  
One or more multicycle paths are defined between registers Electric_hook_bd_i/axi_traffic_gen_1/inst/ATG_MODE_AXI_BASIC_FULL.basic_n_full_top/ATG_PARARAM_INST_YES.paramram_blk/PARAMRAM_ON_1.paramram_r_regslice/datapath_reg[0][22]/Q and Electric_hook_bd_i/axi_traffic_gen_1/inst/ATG_MODE_AXI_BASIC_FULL.basic_n_full_top/ATG_PARARAM_INST_YES.paramram_blk/PARAMRAM_ON_1.param_cmdr_addrrandrange_encoded_reg[2]/D with a direct connection and the CE pins connected to VCC (see constraint position 3 in the Timing Constraint window in Vivado IDE).  This may result in an inaccurate path requirement.
Related violations: <none>

TIMING-46#4 Warning
Multicycle path with tied CE pins  
One or more multicycle paths are defined between registers Electric_hook_bd_i/axi_traffic_gen_1/inst/ATG_MODE_AXI_BASIC_FULL.basic_n_full_top/ATG_PARARAM_INST_YES.paramram_blk/PARAMRAM_ON_1.paramram_r_regslice/datapath_reg[0][23]/Q and Electric_hook_bd_i/axi_traffic_gen_1/inst/ATG_MODE_AXI_BASIC_FULL.basic_n_full_top/ATG_PARARAM_INST_YES.paramram_blk/PARAMRAM_ON_1.param_cmdr_addrrandrange_encoded_reg[3]/D with a direct connection and the CE pins connected to VCC (see constraint position 3 in the Timing Constraint window in Vivado IDE).  This may result in an inaccurate path requirement.
Related violations: <none>

TIMING-46#5 Warning
Multicycle path with tied CE pins  
One or more multicycle paths are defined between registers Electric_hook_bd_i/axi_traffic_gen_1/inst/ATG_MODE_AXI_BASIC_FULL.basic_n_full_top/ATG_PARARAM_INST_YES.paramram_blk/PARAMRAM_ON_1.paramram_r_regslice/datapath_reg[0][24]/Q and Electric_hook_bd_i/axi_traffic_gen_1/inst/ATG_MODE_AXI_BASIC_FULL.basic_n_full_top/ATG_PARARAM_INST_YES.paramram_blk/PARAMRAM_ON_1.param_cmdr_addrmode_ff_reg[0]/D with a direct connection and the CE pins connected to VCC (see constraint position 3 in the Timing Constraint window in Vivado IDE).  This may result in an inaccurate path requirement.
Related violations: <none>

TIMING-46#6 Warning
Multicycle path with tied CE pins  
One or more multicycle paths are defined between registers Electric_hook_bd_i/axi_traffic_gen_1/inst/ATG_MODE_AXI_BASIC_FULL.basic_n_full_top/ATG_PARARAM_INST_YES.paramram_blk/PARAMRAM_ON_1.paramram_r_regslice/datapath_reg[0][25]/Q and Electric_hook_bd_i/axi_traffic_gen_1/inst/ATG_MODE_AXI_BASIC_FULL.basic_n_full_top/ATG_PARARAM_INST_YES.paramram_blk/PARAMRAM_ON_1.param_cmdr_addrmode_ff_reg[1]/D with a direct connection and the CE pins connected to VCC (see constraint position 3 in the Timing Constraint window in Vivado IDE).  This may result in an inaccurate path requirement.
Related violations: <none>

TIMING-46#7 Warning
Multicycle path with tied CE pins  
One or more multicycle paths are defined between registers Electric_hook_bd_i/axi_traffic_gen_1/inst/ATG_MODE_AXI_BASIC_FULL.basic_n_full_top/ATG_PARARAM_INST_YES.paramram_blk/PARAMRAM_ON_1.paramram_w_regslice/datapath_reg[0][20]/Q and Electric_hook_bd_i/axi_traffic_gen_1/inst/ATG_MODE_AXI_BASIC_FULL.basic_n_full_top/ATG_PARARAM_INST_YES.paramram_blk/PARAMRAM_ON_2.param_cmdw_addrrandrange_encoded_reg[0]/D with a direct connection and the CE pins connected to VCC (see constraint position 3 in the Timing Constraint window in Vivado IDE).  This may result in an inaccurate path requirement.
Related violations: <none>

TIMING-46#8 Warning
Multicycle path with tied CE pins  
One or more multicycle paths are defined between registers Electric_hook_bd_i/axi_traffic_gen_1/inst/ATG_MODE_AXI_BASIC_FULL.basic_n_full_top/ATG_PARARAM_INST_YES.paramram_blk/PARAMRAM_ON_1.paramram_w_regslice/datapath_reg[0][21]/Q and Electric_hook_bd_i/axi_traffic_gen_1/inst/ATG_MODE_AXI_BASIC_FULL.basic_n_full_top/ATG_PARARAM_INST_YES.paramram_blk/PARAMRAM_ON_2.param_cmdw_addrrandrange_encoded_reg[1]/D with a direct connection and the CE pins connected to VCC (see constraint position 3 in the Timing Constraint window in Vivado IDE).  This may result in an inaccurate path requirement.
Related violations: <none>

TIMING-46#9 Warning
Multicycle path with tied CE pins  
One or more multicycle paths are defined between registers Electric_hook_bd_i/axi_traffic_gen_1/inst/ATG_MODE_AXI_BASIC_FULL.basic_n_full_top/ATG_PARARAM_INST_YES.paramram_blk/PARAMRAM_ON_1.paramram_w_regslice/datapath_reg[0][22]/Q and Electric_hook_bd_i/axi_traffic_gen_1/inst/ATG_MODE_AXI_BASIC_FULL.basic_n_full_top/ATG_PARARAM_INST_YES.paramram_blk/PARAMRAM_ON_2.param_cmdw_addrrandrange_encoded_reg[2]/D with a direct connection and the CE pins connected to VCC (see constraint position 3 in the Timing Constraint window in Vivado IDE).  This may result in an inaccurate path requirement.
Related violations: <none>

TIMING-46#10 Warning
Multicycle path with tied CE pins  
One or more multicycle paths are defined between registers Electric_hook_bd_i/axi_traffic_gen_1/inst/ATG_MODE_AXI_BASIC_FULL.basic_n_full_top/ATG_PARARAM_INST_YES.paramram_blk/PARAMRAM_ON_1.paramram_w_regslice/datapath_reg[0][23]/Q and Electric_hook_bd_i/axi_traffic_gen_1/inst/ATG_MODE_AXI_BASIC_FULL.basic_n_full_top/ATG_PARARAM_INST_YES.paramram_blk/PARAMRAM_ON_2.param_cmdw_addrrandrange_encoded_reg[3]/D with a direct connection and the CE pins connected to VCC (see constraint position 3 in the Timing Constraint window in Vivado IDE).  This may result in an inaccurate path requirement.
Related violations: <none>

TIMING-46#11 Warning
Multicycle path with tied CE pins  
One or more multicycle paths are defined between registers Electric_hook_bd_i/axi_traffic_gen_1/inst/ATG_MODE_AXI_BASIC_FULL.basic_n_full_top/ATG_PARARAM_INST_YES.paramram_blk/PARAMRAM_ON_1.paramram_w_regslice/datapath_reg[0][24]/Q and Electric_hook_bd_i/axi_traffic_gen_1/inst/ATG_MODE_AXI_BASIC_FULL.basic_n_full_top/ATG_PARARAM_INST_YES.paramram_blk/PARAMRAM_ON_2.param_cmdw_addrmode_ff_reg[0]/D with a direct connection and the CE pins connected to VCC (see constraint position 3 in the Timing Constraint window in Vivado IDE).  This may result in an inaccurate path requirement.
Related violations: <none>

TIMING-46#12 Warning
Multicycle path with tied CE pins  
One or more multicycle paths are defined between registers Electric_hook_bd_i/axi_traffic_gen_1/inst/ATG_MODE_AXI_BASIC_FULL.basic_n_full_top/ATG_PARARAM_INST_YES.paramram_blk/PARAMRAM_ON_1.paramram_w_regslice/datapath_reg[0][25]/Q and Electric_hook_bd_i/axi_traffic_gen_1/inst/ATG_MODE_AXI_BASIC_FULL.basic_n_full_top/ATG_PARARAM_INST_YES.paramram_blk/PARAMRAM_ON_2.param_cmdw_addrmode_ff_reg[1]/D with a direct connection and the CE pins connected to VCC (see constraint position 3 in the Timing Constraint window in Vivado IDE).  This may result in an inaccurate path requirement.
Related violations: <none>

TIMING-46#13 Warning
Multicycle path with tied CE pins  
One or more multicycle paths are defined between registers Electric_hook_bd_i/axi_traffic_gen_1/inst/ATG_MODE_AXI_BASIC_FULL.basic_n_full_top/cmd_blk/cmdram_regslice_r/datapath_reg[1][0]/Q and Electric_hook_bd_i/axi_traffic_gen_1/inst/ATG_MODE_AXI_BASIC_FULL.basic_n_full_top/ATG_PARARAM_INST_YES.paramram_blk/PARAMRAM_ON_2.cmd_out_mr_comp_reg[0]/D with a direct connection and the CE pins connected to VCC (see constraint position 3 in the Timing Constraint window in Vivado IDE).  This may result in an inaccurate path requirement.
Related violations: <none>

TIMING-46#14 Warning
Multicycle path with tied CE pins  
One or more multicycle paths are defined between registers Electric_hook_bd_i/axi_traffic_gen_1/inst/ATG_MODE_AXI_BASIC_FULL.basic_n_full_top/cmd_blk/cmdram_regslice_r/datapath_reg[1][0]/Q and Electric_hook_bd_i/axi_traffic_gen_1/inst/ATG_MODE_AXI_BASIC_FULL.basic_n_full_top/cmd_blk/cmdram_regslice_r/datapath_reg[0][0]/D with a direct connection and the CE pins connected to VCC (see constraint position 3 in the Timing Constraint window in Vivado IDE).  This may result in an inaccurate path requirement.
Related violations: <none>

TIMING-46#15 Warning
Multicycle path with tied CE pins  
One or more multicycle paths are defined between registers Electric_hook_bd_i/axi_traffic_gen_1/inst/ATG_MODE_AXI_BASIC_FULL.basic_n_full_top/cmd_blk/cmdram_regslice_r/datapath_reg[1][101]/Q and Electric_hook_bd_i/axi_traffic_gen_1/inst/ATG_MODE_AXI_BASIC_FULL.basic_n_full_top/ATG_PARARAM_INST_YES.paramram_blk/PARAMRAM_ON_2.cmd_out_mr_reg[101]/D with a direct connection and the CE pins connected to VCC (see constraint position 3 in the Timing Constraint window in Vivado IDE).  This may result in an inaccurate path requirement.
Related violations: <none>

TIMING-46#16 Warning
Multicycle path with tied CE pins  
One or more multicycle paths are defined between registers Electric_hook_bd_i/axi_traffic_gen_1/inst/ATG_MODE_AXI_BASIC_FULL.basic_n_full_top/cmd_blk/cmdram_regslice_r/datapath_reg[1][102]/Q and Electric_hook_bd_i/axi_traffic_gen_1/inst/ATG_MODE_AXI_BASIC_FULL.basic_n_full_top/ATG_PARARAM_INST_YES.paramram_blk/PARAMRAM_ON_2.cmd_out_mr_reg[102]/D with a direct connection and the CE pins connected to VCC (see constraint position 3 in the Timing Constraint window in Vivado IDE).  This may result in an inaccurate path requirement.
Related violations: <none>

TIMING-46#17 Warning
Multicycle path with tied CE pins  
One or more multicycle paths are defined between registers Electric_hook_bd_i/axi_traffic_gen_1/inst/ATG_MODE_AXI_BASIC_FULL.basic_n_full_top/cmd_blk/cmdram_regslice_r/datapath_reg[1][103]/Q and Electric_hook_bd_i/axi_traffic_gen_1/inst/ATG_MODE_AXI_BASIC_FULL.basic_n_full_top/ATG_PARARAM_INST_YES.paramram_blk/PARAMRAM_ON_2.cmd_out_mr_reg[103]/D with a direct connection and the CE pins connected to VCC (see constraint position 3 in the Timing Constraint window in Vivado IDE).  This may result in an inaccurate path requirement.
Related violations: <none>

TIMING-46#18 Warning
Multicycle path with tied CE pins  
One or more multicycle paths are defined between registers Electric_hook_bd_i/axi_traffic_gen_1/inst/ATG_MODE_AXI_BASIC_FULL.basic_n_full_top/cmd_blk/cmdram_regslice_r/datapath_reg[1][104]/Q and Electric_hook_bd_i/axi_traffic_gen_1/inst/ATG_MODE_AXI_BASIC_FULL.basic_n_full_top/ATG_PARARAM_INST_YES.paramram_blk/PARAMRAM_ON_2.cmd_out_mr_reg[104]/D with a direct connection and the CE pins connected to VCC (see constraint position 3 in the Timing Constraint window in Vivado IDE).  This may result in an inaccurate path requirement.
Related violations: <none>

TIMING-46#19 Warning
Multicycle path with tied CE pins  
One or more multicycle paths are defined between registers Electric_hook_bd_i/axi_traffic_gen_1/inst/ATG_MODE_AXI_BASIC_FULL.basic_n_full_top/cmd_blk/cmdram_regslice_r/datapath_reg[1][105]/Q and Electric_hook_bd_i/axi_traffic_gen_1/inst/ATG_MODE_AXI_BASIC_FULL.basic_n_full_top/ATG_PARARAM_INST_YES.paramram_blk/PARAMRAM_ON_2.cmd_out_mr_reg[105]/D with a direct connection and the CE pins connected to VCC (see constraint position 3 in the Timing Constraint window in Vivado IDE).  This may result in an inaccurate path requirement.
Related violations: <none>

TIMING-46#20 Warning
Multicycle path with tied CE pins  
One or more multicycle paths are defined between registers Electric_hook_bd_i/axi_traffic_gen_1/inst/ATG_MODE_AXI_BASIC_FULL.basic_n_full_top/cmd_blk/cmdram_regslice_r/datapath_reg[1][106]/Q and Electric_hook_bd_i/axi_traffic_gen_1/inst/ATG_MODE_AXI_BASIC_FULL.basic_n_full_top/ATG_PARARAM_INST_YES.paramram_blk/PARAMRAM_ON_2.cmd_out_mr_reg[106]/D with a direct connection and the CE pins connected to VCC (see constraint position 3 in the Timing Constraint window in Vivado IDE).  This may result in an inaccurate path requirement.
Related violations: <none>

TIMING-46#21 Warning
Multicycle path with tied CE pins  
One or more multicycle paths are defined between registers Electric_hook_bd_i/axi_traffic_gen_1/inst/ATG_MODE_AXI_BASIC_FULL.basic_n_full_top/cmd_blk/cmdram_regslice_r/datapath_reg[1][107]/Q and Electric_hook_bd_i/axi_traffic_gen_1/inst/ATG_MODE_AXI_BASIC_FULL.basic_n_full_top/ATG_PARARAM_INST_YES.paramram_blk/PARAMRAM_ON_2.cmd_out_mr_reg[107]/D with a direct connection and the CE pins connected to VCC (see constraint position 3 in the Timing Constraint window in Vivado IDE).  This may result in an inaccurate path requirement.
Related violations: <none>

TIMING-46#22 Warning
Multicycle path with tied CE pins  
One or more multicycle paths are defined between registers Electric_hook_bd_i/axi_traffic_gen_1/inst/ATG_MODE_AXI_BASIC_FULL.basic_n_full_top/cmd_blk/cmdram_regslice_r/datapath_reg[1][108]/Q and Electric_hook_bd_i/axi_traffic_gen_1/inst/ATG_MODE_AXI_BASIC_FULL.basic_n_full_top/ATG_PARARAM_INST_YES.paramram_blk/PARAMRAM_ON_2.cmd_out_mr_reg[108]/D with a direct connection and the CE pins connected to VCC (see constraint position 3 in the Timing Constraint window in Vivado IDE).  This may result in an inaccurate path requirement.
Related violations: <none>

TIMING-46#23 Warning
Multicycle path with tied CE pins  
One or more multicycle paths are defined between registers Electric_hook_bd_i/axi_traffic_gen_1/inst/ATG_MODE_AXI_BASIC_FULL.basic_n_full_top/cmd_blk/cmdram_regslice_r/datapath_reg[1][109]/Q and Electric_hook_bd_i/axi_traffic_gen_1/inst/ATG_MODE_AXI_BASIC_FULL.basic_n_full_top/ATG_PARARAM_INST_YES.paramram_blk/PARAMRAM_ON_2.cmd_out_mr_reg[109]/D with a direct connection and the CE pins connected to VCC (see constraint position 3 in the Timing Constraint window in Vivado IDE).  This may result in an inaccurate path requirement.
Related violations: <none>

TIMING-46#24 Warning
Multicycle path with tied CE pins  
One or more multicycle paths are defined between registers Electric_hook_bd_i/axi_traffic_gen_1/inst/ATG_MODE_AXI_BASIC_FULL.basic_n_full_top/cmd_blk/cmdram_regslice_r/datapath_reg[1][10]/Q and Electric_hook_bd_i/axi_traffic_gen_1/inst/ATG_MODE_AXI_BASIC_FULL.basic_n_full_top/cmd_blk/cmdram_regslice_r/datapath_reg[0][10]/D with a direct connection and the CE pins connected to VCC (see constraint position 3 in the Timing Constraint window in Vivado IDE).  This may result in an inaccurate path requirement.
Related violations: <none>

TIMING-46#25 Warning
Multicycle path with tied CE pins  
One or more multicycle paths are defined between registers Electric_hook_bd_i/axi_traffic_gen_1/inst/ATG_MODE_AXI_BASIC_FULL.basic_n_full_top/cmd_blk/cmdram_regslice_r/datapath_reg[1][110]/Q and Electric_hook_bd_i/axi_traffic_gen_1/inst/ATG_MODE_AXI_BASIC_FULL.basic_n_full_top/ATG_PARARAM_INST_YES.paramram_blk/PARAMRAM_ON_2.cmd_out_mr_reg[110]/D with a direct connection and the CE pins connected to VCC (see constraint position 3 in the Timing Constraint window in Vivado IDE).  This may result in an inaccurate path requirement.
Related violations: <none>

TIMING-46#26 Warning
Multicycle path with tied CE pins  
One or more multicycle paths are defined between registers Electric_hook_bd_i/axi_traffic_gen_1/inst/ATG_MODE_AXI_BASIC_FULL.basic_n_full_top/cmd_blk/cmdram_regslice_r/datapath_reg[1][111]/Q and Electric_hook_bd_i/axi_traffic_gen_1/inst/ATG_MODE_AXI_BASIC_FULL.basic_n_full_top/ATG_PARARAM_INST_YES.paramram_blk/PARAMRAM_ON_2.cmd_out_mr_reg[111]/D with a direct connection and the CE pins connected to VCC (see constraint position 3 in the Timing Constraint window in Vivado IDE).  This may result in an inaccurate path requirement.
Related violations: <none>

TIMING-46#27 Warning
Multicycle path with tied CE pins  
One or more multicycle paths are defined between registers Electric_hook_bd_i/axi_traffic_gen_1/inst/ATG_MODE_AXI_BASIC_FULL.basic_n_full_top/cmd_blk/cmdram_regslice_r/datapath_reg[1][112]/Q and Electric_hook_bd_i/axi_traffic_gen_1/inst/ATG_MODE_AXI_BASIC_FULL.basic_n_full_top/ATG_PARARAM_INST_YES.paramram_blk/PARAMRAM_ON_2.cmd_out_mr_reg[112]/D with a direct connection and the CE pins connected to VCC (see constraint position 3 in the Timing Constraint window in Vivado IDE).  This may result in an inaccurate path requirement.
Related violations: <none>

TIMING-46#28 Warning
Multicycle path with tied CE pins  
One or more multicycle paths are defined between registers Electric_hook_bd_i/axi_traffic_gen_1/inst/ATG_MODE_AXI_BASIC_FULL.basic_n_full_top/cmd_blk/cmdram_regslice_r/datapath_reg[1][11]/Q and Electric_hook_bd_i/axi_traffic_gen_1/inst/ATG_MODE_AXI_BASIC_FULL.basic_n_full_top/cmd_blk/cmdram_regslice_r/datapath_reg[0][11]/D with a direct connection and the CE pins connected to VCC (see constraint position 3 in the Timing Constraint window in Vivado IDE).  This may result in an inaccurate path requirement.
Related violations: <none>

TIMING-46#29 Warning
Multicycle path with tied CE pins  
One or more multicycle paths are defined between registers Electric_hook_bd_i/axi_traffic_gen_1/inst/ATG_MODE_AXI_BASIC_FULL.basic_n_full_top/cmd_blk/cmdram_regslice_r/datapath_reg[1][12]/Q and Electric_hook_bd_i/axi_traffic_gen_1/inst/ATG_MODE_AXI_BASIC_FULL.basic_n_full_top/cmd_blk/cmdram_regslice_r/datapath_reg[0][12]/D with a direct connection and the CE pins connected to VCC (see constraint position 3 in the Timing Constraint window in Vivado IDE).  This may result in an inaccurate path requirement.
Related violations: <none>

TIMING-46#30 Warning
Multicycle path with tied CE pins  
One or more multicycle paths are defined between registers Electric_hook_bd_i/axi_traffic_gen_1/inst/ATG_MODE_AXI_BASIC_FULL.basic_n_full_top/cmd_blk/cmdram_regslice_r/datapath_reg[1][13]/Q and Electric_hook_bd_i/axi_traffic_gen_1/inst/ATG_MODE_AXI_BASIC_FULL.basic_n_full_top/cmd_blk/cmdram_regslice_r/datapath_reg[0][13]/D with a direct connection and the CE pins connected to VCC (see constraint position 3 in the Timing Constraint window in Vivado IDE).  This may result in an inaccurate path requirement.
Related violations: <none>

TIMING-46#31 Warning
Multicycle path with tied CE pins  
One or more multicycle paths are defined between registers Electric_hook_bd_i/axi_traffic_gen_1/inst/ATG_MODE_AXI_BASIC_FULL.basic_n_full_top/cmd_blk/cmdram_regslice_r/datapath_reg[1][14]/Q and Electric_hook_bd_i/axi_traffic_gen_1/inst/ATG_MODE_AXI_BASIC_FULL.basic_n_full_top/cmd_blk/cmdram_regslice_r/datapath_reg[0][14]/D with a direct connection and the CE pins connected to VCC (see constraint position 3 in the Timing Constraint window in Vivado IDE).  This may result in an inaccurate path requirement.
Related violations: <none>

TIMING-46#32 Warning
Multicycle path with tied CE pins  
One or more multicycle paths are defined between registers Electric_hook_bd_i/axi_traffic_gen_1/inst/ATG_MODE_AXI_BASIC_FULL.basic_n_full_top/cmd_blk/cmdram_regslice_r/datapath_reg[1][15]/Q and Electric_hook_bd_i/axi_traffic_gen_1/inst/ATG_MODE_AXI_BASIC_FULL.basic_n_full_top/cmd_blk/cmdram_regslice_r/datapath_reg[0][15]/D with a direct connection and the CE pins connected to VCC (see constraint position 3 in the Timing Constraint window in Vivado IDE).  This may result in an inaccurate path requirement.
Related violations: <none>

TIMING-46#33 Warning
Multicycle path with tied CE pins  
One or more multicycle paths are defined between registers Electric_hook_bd_i/axi_traffic_gen_1/inst/ATG_MODE_AXI_BASIC_FULL.basic_n_full_top/cmd_blk/cmdram_regslice_r/datapath_reg[1][16]/Q and Electric_hook_bd_i/axi_traffic_gen_1/inst/ATG_MODE_AXI_BASIC_FULL.basic_n_full_top/cmd_blk/cmdram_regslice_r/datapath_reg[0][16]/D with a direct connection and the CE pins connected to VCC (see constraint position 3 in the Timing Constraint window in Vivado IDE).  This may result in an inaccurate path requirement.
Related violations: <none>

TIMING-46#34 Warning
Multicycle path with tied CE pins  
One or more multicycle paths are defined between registers Electric_hook_bd_i/axi_traffic_gen_1/inst/ATG_MODE_AXI_BASIC_FULL.basic_n_full_top/cmd_blk/cmdram_regslice_r/datapath_reg[1][17]/Q and Electric_hook_bd_i/axi_traffic_gen_1/inst/ATG_MODE_AXI_BASIC_FULL.basic_n_full_top/cmd_blk/cmdram_regslice_r/datapath_reg[0][17]/D with a direct connection and the CE pins connected to VCC (see constraint position 3 in the Timing Constraint window in Vivado IDE).  This may result in an inaccurate path requirement.
Related violations: <none>

TIMING-46#35 Warning
Multicycle path with tied CE pins  
One or more multicycle paths are defined between registers Electric_hook_bd_i/axi_traffic_gen_1/inst/ATG_MODE_AXI_BASIC_FULL.basic_n_full_top/cmd_blk/cmdram_regslice_r/datapath_reg[1][18]/Q and Electric_hook_bd_i/axi_traffic_gen_1/inst/ATG_MODE_AXI_BASIC_FULL.basic_n_full_top/cmd_blk/cmdram_regslice_r/datapath_reg[0][18]/D with a direct connection and the CE pins connected to VCC (see constraint position 3 in the Timing Constraint window in Vivado IDE).  This may result in an inaccurate path requirement.
Related violations: <none>

TIMING-46#36 Warning
Multicycle path with tied CE pins  
One or more multicycle paths are defined between registers Electric_hook_bd_i/axi_traffic_gen_1/inst/ATG_MODE_AXI_BASIC_FULL.basic_n_full_top/cmd_blk/cmdram_regslice_r/datapath_reg[1][19]/Q and Electric_hook_bd_i/axi_traffic_gen_1/inst/ATG_MODE_AXI_BASIC_FULL.basic_n_full_top/cmd_blk/cmdram_regslice_r/datapath_reg[0][19]/D with a direct connection and the CE pins connected to VCC (see constraint position 3 in the Timing Constraint window in Vivado IDE).  This may result in an inaccurate path requirement.
Related violations: <none>

TIMING-46#37 Warning
Multicycle path with tied CE pins  
One or more multicycle paths are defined between registers Electric_hook_bd_i/axi_traffic_gen_1/inst/ATG_MODE_AXI_BASIC_FULL.basic_n_full_top/cmd_blk/cmdram_regslice_r/datapath_reg[1][1]/Q and Electric_hook_bd_i/axi_traffic_gen_1/inst/ATG_MODE_AXI_BASIC_FULL.basic_n_full_top/ATG_PARARAM_INST_YES.paramram_blk/PARAMRAM_RD_ADVANCED_400_OFF.rand_base_chkr_t_ff_reg[1]/D with a direct connection and the CE pins connected to VCC (see constraint position 3 in the Timing Constraint window in Vivado IDE).  This may result in an inaccurate path requirement.
Related violations: <none>

TIMING-46#38 Warning
Multicycle path with tied CE pins  
One or more multicycle paths are defined between registers Electric_hook_bd_i/axi_traffic_gen_1/inst/ATG_MODE_AXI_BASIC_FULL.basic_n_full_top/cmd_blk/cmdram_regslice_r/datapath_reg[1][1]/Q and Electric_hook_bd_i/axi_traffic_gen_1/inst/ATG_MODE_AXI_BASIC_FULL.basic_n_full_top/cmd_blk/cmdram_regslice_r/datapath_reg[0][1]/D with a direct connection and the CE pins connected to VCC (see constraint position 3 in the Timing Constraint window in Vivado IDE).  This may result in an inaccurate path requirement.
Related violations: <none>

TIMING-46#39 Warning
Multicycle path with tied CE pins  
One or more multicycle paths are defined between registers Electric_hook_bd_i/axi_traffic_gen_1/inst/ATG_MODE_AXI_BASIC_FULL.basic_n_full_top/cmd_blk/cmdram_regslice_r/datapath_reg[1][20]/Q and Electric_hook_bd_i/axi_traffic_gen_1/inst/ATG_MODE_AXI_BASIC_FULL.basic_n_full_top/cmd_blk/cmdram_regslice_r/datapath_reg[0][20]/D with a direct connection and the CE pins connected to VCC (see constraint position 3 in the Timing Constraint window in Vivado IDE).  This may result in an inaccurate path requirement.
Related violations: <none>

TIMING-46#40 Warning
Multicycle path with tied CE pins  
One or more multicycle paths are defined between registers Electric_hook_bd_i/axi_traffic_gen_1/inst/ATG_MODE_AXI_BASIC_FULL.basic_n_full_top/cmd_blk/cmdram_regslice_r/datapath_reg[1][21]/Q and Electric_hook_bd_i/axi_traffic_gen_1/inst/ATG_MODE_AXI_BASIC_FULL.basic_n_full_top/cmd_blk/cmdram_regslice_r/datapath_reg[0][21]/D with a direct connection and the CE pins connected to VCC (see constraint position 3 in the Timing Constraint window in Vivado IDE).  This may result in an inaccurate path requirement.
Related violations: <none>

TIMING-46#41 Warning
Multicycle path with tied CE pins  
One or more multicycle paths are defined between registers Electric_hook_bd_i/axi_traffic_gen_1/inst/ATG_MODE_AXI_BASIC_FULL.basic_n_full_top/cmd_blk/cmdram_regslice_r/datapath_reg[1][22]/Q and Electric_hook_bd_i/axi_traffic_gen_1/inst/ATG_MODE_AXI_BASIC_FULL.basic_n_full_top/cmd_blk/cmdram_regslice_r/datapath_reg[0][22]/D with a direct connection and the CE pins connected to VCC (see constraint position 3 in the Timing Constraint window in Vivado IDE).  This may result in an inaccurate path requirement.
Related violations: <none>

TIMING-46#42 Warning
Multicycle path with tied CE pins  
One or more multicycle paths are defined between registers Electric_hook_bd_i/axi_traffic_gen_1/inst/ATG_MODE_AXI_BASIC_FULL.basic_n_full_top/cmd_blk/cmdram_regslice_r/datapath_reg[1][23]/Q and Electric_hook_bd_i/axi_traffic_gen_1/inst/ATG_MODE_AXI_BASIC_FULL.basic_n_full_top/cmd_blk/cmdram_regslice_r/datapath_reg[0][23]/D with a direct connection and the CE pins connected to VCC (see constraint position 3 in the Timing Constraint window in Vivado IDE).  This may result in an inaccurate path requirement.
Related violations: <none>

TIMING-46#43 Warning
Multicycle path with tied CE pins  
One or more multicycle paths are defined between registers Electric_hook_bd_i/axi_traffic_gen_1/inst/ATG_MODE_AXI_BASIC_FULL.basic_n_full_top/cmd_blk/cmdram_regslice_r/datapath_reg[1][24]/Q and Electric_hook_bd_i/axi_traffic_gen_1/inst/ATG_MODE_AXI_BASIC_FULL.basic_n_full_top/cmd_blk/cmdram_regslice_r/datapath_reg[0][24]/D with a direct connection and the CE pins connected to VCC (see constraint position 3 in the Timing Constraint window in Vivado IDE).  This may result in an inaccurate path requirement.
Related violations: <none>

TIMING-46#44 Warning
Multicycle path with tied CE pins  
One or more multicycle paths are defined between registers Electric_hook_bd_i/axi_traffic_gen_1/inst/ATG_MODE_AXI_BASIC_FULL.basic_n_full_top/cmd_blk/cmdram_regslice_r/datapath_reg[1][25]/Q and Electric_hook_bd_i/axi_traffic_gen_1/inst/ATG_MODE_AXI_BASIC_FULL.basic_n_full_top/cmd_blk/cmdram_regslice_r/datapath_reg[0][25]/D with a direct connection and the CE pins connected to VCC (see constraint position 3 in the Timing Constraint window in Vivado IDE).  This may result in an inaccurate path requirement.
Related violations: <none>

TIMING-46#45 Warning
Multicycle path with tied CE pins  
One or more multicycle paths are defined between registers Electric_hook_bd_i/axi_traffic_gen_1/inst/ATG_MODE_AXI_BASIC_FULL.basic_n_full_top/cmd_blk/cmdram_regslice_r/datapath_reg[1][26]/Q and Electric_hook_bd_i/axi_traffic_gen_1/inst/ATG_MODE_AXI_BASIC_FULL.basic_n_full_top/cmd_blk/cmdram_regslice_r/datapath_reg[0][26]/D with a direct connection and the CE pins connected to VCC (see constraint position 3 in the Timing Constraint window in Vivado IDE).  This may result in an inaccurate path requirement.
Related violations: <none>

TIMING-46#46 Warning
Multicycle path with tied CE pins  
One or more multicycle paths are defined between registers Electric_hook_bd_i/axi_traffic_gen_1/inst/ATG_MODE_AXI_BASIC_FULL.basic_n_full_top/cmd_blk/cmdram_regslice_r/datapath_reg[1][27]/Q and Electric_hook_bd_i/axi_traffic_gen_1/inst/ATG_MODE_AXI_BASIC_FULL.basic_n_full_top/cmd_blk/cmdram_regslice_r/datapath_reg[0][27]/D with a direct connection and the CE pins connected to VCC (see constraint position 3 in the Timing Constraint window in Vivado IDE).  This may result in an inaccurate path requirement.
Related violations: <none>

TIMING-46#47 Warning
Multicycle path with tied CE pins  
One or more multicycle paths are defined between registers Electric_hook_bd_i/axi_traffic_gen_1/inst/ATG_MODE_AXI_BASIC_FULL.basic_n_full_top/cmd_blk/cmdram_regslice_r/datapath_reg[1][28]/Q and Electric_hook_bd_i/axi_traffic_gen_1/inst/ATG_MODE_AXI_BASIC_FULL.basic_n_full_top/cmd_blk/cmdram_regslice_r/datapath_reg[0][28]/D with a direct connection and the CE pins connected to VCC (see constraint position 3 in the Timing Constraint window in Vivado IDE).  This may result in an inaccurate path requirement.
Related violations: <none>

TIMING-46#48 Warning
Multicycle path with tied CE pins  
One or more multicycle paths are defined between registers Electric_hook_bd_i/axi_traffic_gen_1/inst/ATG_MODE_AXI_BASIC_FULL.basic_n_full_top/cmd_blk/cmdram_regslice_r/datapath_reg[1][29]/Q and Electric_hook_bd_i/axi_traffic_gen_1/inst/ATG_MODE_AXI_BASIC_FULL.basic_n_full_top/cmd_blk/cmdram_regslice_r/datapath_reg[0][29]/D with a direct connection and the CE pins connected to VCC (see constraint position 3 in the Timing Constraint window in Vivado IDE).  This may result in an inaccurate path requirement.
Related violations: <none>

TIMING-46#49 Warning
Multicycle path with tied CE pins  
One or more multicycle paths are defined between registers Electric_hook_bd_i/axi_traffic_gen_1/inst/ATG_MODE_AXI_BASIC_FULL.basic_n_full_top/cmd_blk/cmdram_regslice_r/datapath_reg[1][2]/Q and Electric_hook_bd_i/axi_traffic_gen_1/inst/ATG_MODE_AXI_BASIC_FULL.basic_n_full_top/cmd_blk/cmdram_regslice_r/datapath_reg[0][2]/D with a direct connection and the CE pins connected to VCC (see constraint position 3 in the Timing Constraint window in Vivado IDE).  This may result in an inaccurate path requirement.
Related violations: <none>

TIMING-46#50 Warning
Multicycle path with tied CE pins  
One or more multicycle paths are defined between registers Electric_hook_bd_i/axi_traffic_gen_1/inst/ATG_MODE_AXI_BASIC_FULL.basic_n_full_top/cmd_blk/cmdram_regslice_r/datapath_reg[1][30]/Q and Electric_hook_bd_i/axi_traffic_gen_1/inst/ATG_MODE_AXI_BASIC_FULL.basic_n_full_top/cmd_blk/cmdram_regslice_r/datapath_reg[0][30]/D with a direct connection and the CE pins connected to VCC (see constraint position 3 in the Timing Constraint window in Vivado IDE).  This may result in an inaccurate path requirement.
Related violations: <none>

TIMING-46#51 Warning
Multicycle path with tied CE pins  
One or more multicycle paths are defined between registers Electric_hook_bd_i/axi_traffic_gen_1/inst/ATG_MODE_AXI_BASIC_FULL.basic_n_full_top/cmd_blk/cmdram_regslice_r/datapath_reg[1][31]/Q and Electric_hook_bd_i/axi_traffic_gen_1/inst/ATG_MODE_AXI_BASIC_FULL.basic_n_full_top/cmd_blk/cmdram_regslice_r/datapath_reg[0][31]/D with a direct connection and the CE pins connected to VCC (see constraint position 3 in the Timing Constraint window in Vivado IDE).  This may result in an inaccurate path requirement.
Related violations: <none>

TIMING-46#52 Warning
Multicycle path with tied CE pins  
One or more multicycle paths are defined between registers Electric_hook_bd_i/axi_traffic_gen_1/inst/ATG_MODE_AXI_BASIC_FULL.basic_n_full_top/cmd_blk/cmdram_regslice_r/datapath_reg[1][32]/Q and Electric_hook_bd_i/axi_traffic_gen_1/inst/ATG_MODE_AXI_BASIC_FULL.basic_n_full_top/ATG_PARARAM_INST_YES.paramram_blk/PARAMRAM_ON_2.cmd_out_mr_reg[32]/D with a direct connection and the CE pins connected to VCC (see constraint position 3 in the Timing Constraint window in Vivado IDE).  This may result in an inaccurate path requirement.
Related violations: <none>

TIMING-46#53 Warning
Multicycle path with tied CE pins  
One or more multicycle paths are defined between registers Electric_hook_bd_i/axi_traffic_gen_1/inst/ATG_MODE_AXI_BASIC_FULL.basic_n_full_top/cmd_blk/cmdram_regslice_r/datapath_reg[1][33]/Q and Electric_hook_bd_i/axi_traffic_gen_1/inst/ATG_MODE_AXI_BASIC_FULL.basic_n_full_top/ATG_PARARAM_INST_YES.paramram_blk/PARAMRAM_ON_2.cmd_out_mr_reg[33]/D with a direct connection and the CE pins connected to VCC (see constraint position 3 in the Timing Constraint window in Vivado IDE).  This may result in an inaccurate path requirement.
Related violations: <none>

TIMING-46#54 Warning
Multicycle path with tied CE pins  
One or more multicycle paths are defined between registers Electric_hook_bd_i/axi_traffic_gen_1/inst/ATG_MODE_AXI_BASIC_FULL.basic_n_full_top/cmd_blk/cmdram_regslice_r/datapath_reg[1][34]/Q and Electric_hook_bd_i/axi_traffic_gen_1/inst/ATG_MODE_AXI_BASIC_FULL.basic_n_full_top/ATG_PARARAM_INST_YES.paramram_blk/PARAMRAM_ON_2.cmd_out_mr_reg[34]/D with a direct connection and the CE pins connected to VCC (see constraint position 3 in the Timing Constraint window in Vivado IDE).  This may result in an inaccurate path requirement.
Related violations: <none>

TIMING-46#55 Warning
Multicycle path with tied CE pins  
One or more multicycle paths are defined between registers Electric_hook_bd_i/axi_traffic_gen_1/inst/ATG_MODE_AXI_BASIC_FULL.basic_n_full_top/cmd_blk/cmdram_regslice_r/datapath_reg[1][35]/Q and Electric_hook_bd_i/axi_traffic_gen_1/inst/ATG_MODE_AXI_BASIC_FULL.basic_n_full_top/ATG_PARARAM_INST_YES.paramram_blk/PARAMRAM_ON_2.cmd_out_mr_reg[35]/D with a direct connection and the CE pins connected to VCC (see constraint position 3 in the Timing Constraint window in Vivado IDE).  This may result in an inaccurate path requirement.
Related violations: <none>

TIMING-46#56 Warning
Multicycle path with tied CE pins  
One or more multicycle paths are defined between registers Electric_hook_bd_i/axi_traffic_gen_1/inst/ATG_MODE_AXI_BASIC_FULL.basic_n_full_top/cmd_blk/cmdram_regslice_r/datapath_reg[1][36]/Q and Electric_hook_bd_i/axi_traffic_gen_1/inst/ATG_MODE_AXI_BASIC_FULL.basic_n_full_top/ATG_PARARAM_INST_YES.paramram_blk/PARAMRAM_ON_2.cmd_out_mr_reg[36]/D with a direct connection and the CE pins connected to VCC (see constraint position 3 in the Timing Constraint window in Vivado IDE).  This may result in an inaccurate path requirement.
Related violations: <none>

TIMING-46#57 Warning
Multicycle path with tied CE pins  
One or more multicycle paths are defined between registers Electric_hook_bd_i/axi_traffic_gen_1/inst/ATG_MODE_AXI_BASIC_FULL.basic_n_full_top/cmd_blk/cmdram_regslice_r/datapath_reg[1][37]/Q and Electric_hook_bd_i/axi_traffic_gen_1/inst/ATG_MODE_AXI_BASIC_FULL.basic_n_full_top/ATG_PARARAM_INST_YES.paramram_blk/PARAMRAM_ON_2.cmd_out_mr_reg[37]/D with a direct connection and the CE pins connected to VCC (see constraint position 3 in the Timing Constraint window in Vivado IDE).  This may result in an inaccurate path requirement.
Related violations: <none>

TIMING-46#58 Warning
Multicycle path with tied CE pins  
One or more multicycle paths are defined between registers Electric_hook_bd_i/axi_traffic_gen_1/inst/ATG_MODE_AXI_BASIC_FULL.basic_n_full_top/cmd_blk/cmdram_regslice_r/datapath_reg[1][38]/Q and Electric_hook_bd_i/axi_traffic_gen_1/inst/ATG_MODE_AXI_BASIC_FULL.basic_n_full_top/ATG_PARARAM_INST_YES.paramram_blk/PARAMRAM_ON_2.cmd_out_mr_reg[38]/D with a direct connection and the CE pins connected to VCC (see constraint position 3 in the Timing Constraint window in Vivado IDE).  This may result in an inaccurate path requirement.
Related violations: <none>

TIMING-46#59 Warning
Multicycle path with tied CE pins  
One or more multicycle paths are defined between registers Electric_hook_bd_i/axi_traffic_gen_1/inst/ATG_MODE_AXI_BASIC_FULL.basic_n_full_top/cmd_blk/cmdram_regslice_r/datapath_reg[1][39]/Q and Electric_hook_bd_i/axi_traffic_gen_1/inst/ATG_MODE_AXI_BASIC_FULL.basic_n_full_top/ATG_PARARAM_INST_YES.paramram_blk/PARAMRAM_ON_2.cmd_out_mr_reg[39]/D with a direct connection and the CE pins connected to VCC (see constraint position 3 in the Timing Constraint window in Vivado IDE).  This may result in an inaccurate path requirement.
Related violations: <none>

TIMING-46#60 Warning
Multicycle path with tied CE pins  
One or more multicycle paths are defined between registers Electric_hook_bd_i/axi_traffic_gen_1/inst/ATG_MODE_AXI_BASIC_FULL.basic_n_full_top/cmd_blk/cmdram_regslice_r/datapath_reg[1][3]/Q and Electric_hook_bd_i/axi_traffic_gen_1/inst/ATG_MODE_AXI_BASIC_FULL.basic_n_full_top/cmd_blk/cmdram_regslice_r/datapath_reg[0][3]/D with a direct connection and the CE pins connected to VCC (see constraint position 3 in the Timing Constraint window in Vivado IDE).  This may result in an inaccurate path requirement.
Related violations: <none>

TIMING-46#61 Warning
Multicycle path with tied CE pins  
One or more multicycle paths are defined between registers Electric_hook_bd_i/axi_traffic_gen_1/inst/ATG_MODE_AXI_BASIC_FULL.basic_n_full_top/cmd_blk/cmdram_regslice_r/datapath_reg[1][40]/Q and Electric_hook_bd_i/axi_traffic_gen_1/inst/ATG_MODE_AXI_BASIC_FULL.basic_n_full_top/ATG_PARARAM_INST_YES.paramram_blk/PARAMRAM_ON_2.cmd_out_mr_reg[40]/D with a direct connection and the CE pins connected to VCC (see constraint position 3 in the Timing Constraint window in Vivado IDE).  This may result in an inaccurate path requirement.
Related violations: <none>

TIMING-46#62 Warning
Multicycle path with tied CE pins  
One or more multicycle paths are defined between registers Electric_hook_bd_i/axi_traffic_gen_1/inst/ATG_MODE_AXI_BASIC_FULL.basic_n_full_top/cmd_blk/cmdram_regslice_r/datapath_reg[1][41]/Q and Electric_hook_bd_i/axi_traffic_gen_1/inst/ATG_MODE_AXI_BASIC_FULL.basic_n_full_top/ATG_PARARAM_INST_YES.paramram_blk/PARAMRAM_ON_2.cmd_out_mr_reg[41]/D with a direct connection and the CE pins connected to VCC (see constraint position 3 in the Timing Constraint window in Vivado IDE).  This may result in an inaccurate path requirement.
Related violations: <none>

TIMING-46#63 Warning
Multicycle path with tied CE pins  
One or more multicycle paths are defined between registers Electric_hook_bd_i/axi_traffic_gen_1/inst/ATG_MODE_AXI_BASIC_FULL.basic_n_full_top/cmd_blk/cmdram_regslice_r/datapath_reg[1][42]/Q and Electric_hook_bd_i/axi_traffic_gen_1/inst/ATG_MODE_AXI_BASIC_FULL.basic_n_full_top/ATG_PARARAM_INST_YES.paramram_blk/PARAMRAM_ON_2.cmd_out_mr_reg[42]/D with a direct connection and the CE pins connected to VCC (see constraint position 3 in the Timing Constraint window in Vivado IDE).  This may result in an inaccurate path requirement.
Related violations: <none>

TIMING-46#64 Warning
Multicycle path with tied CE pins  
One or more multicycle paths are defined between registers Electric_hook_bd_i/axi_traffic_gen_1/inst/ATG_MODE_AXI_BASIC_FULL.basic_n_full_top/cmd_blk/cmdram_regslice_r/datapath_reg[1][43]/Q and Electric_hook_bd_i/axi_traffic_gen_1/inst/ATG_MODE_AXI_BASIC_FULL.basic_n_full_top/ATG_PARARAM_INST_YES.paramram_blk/PARAMRAM_ON_2.cmd_out_mr_reg[43]/D with a direct connection and the CE pins connected to VCC (see constraint position 3 in the Timing Constraint window in Vivado IDE).  This may result in an inaccurate path requirement.
Related violations: <none>

TIMING-46#65 Warning
Multicycle path with tied CE pins  
One or more multicycle paths are defined between registers Electric_hook_bd_i/axi_traffic_gen_1/inst/ATG_MODE_AXI_BASIC_FULL.basic_n_full_top/cmd_blk/cmdram_regslice_r/datapath_reg[1][44]/Q and Electric_hook_bd_i/axi_traffic_gen_1/inst/ATG_MODE_AXI_BASIC_FULL.basic_n_full_top/ATG_PARARAM_INST_YES.paramram_blk/PARAMRAM_ON_2.cmd_out_mr_reg[44]/D with a direct connection and the CE pins connected to VCC (see constraint position 3 in the Timing Constraint window in Vivado IDE).  This may result in an inaccurate path requirement.
Related violations: <none>

TIMING-46#66 Warning
Multicycle path with tied CE pins  
One or more multicycle paths are defined between registers Electric_hook_bd_i/axi_traffic_gen_1/inst/ATG_MODE_AXI_BASIC_FULL.basic_n_full_top/cmd_blk/cmdram_regslice_r/datapath_reg[1][45]/Q and Electric_hook_bd_i/axi_traffic_gen_1/inst/ATG_MODE_AXI_BASIC_FULL.basic_n_full_top/ATG_PARARAM_INST_YES.paramram_blk/PARAMRAM_ON_2.cmd_out_mr_reg[45]/D with a direct connection and the CE pins connected to VCC (see constraint position 3 in the Timing Constraint window in Vivado IDE).  This may result in an inaccurate path requirement.
Related violations: <none>

TIMING-46#67 Warning
Multicycle path with tied CE pins  
One or more multicycle paths are defined between registers Electric_hook_bd_i/axi_traffic_gen_1/inst/ATG_MODE_AXI_BASIC_FULL.basic_n_full_top/cmd_blk/cmdram_regslice_r/datapath_reg[1][46]/Q and Electric_hook_bd_i/axi_traffic_gen_1/inst/ATG_MODE_AXI_BASIC_FULL.basic_n_full_top/ATG_PARARAM_INST_YES.paramram_blk/PARAMRAM_ON_2.cmd_out_mr_reg[46]/D with a direct connection and the CE pins connected to VCC (see constraint position 3 in the Timing Constraint window in Vivado IDE).  This may result in an inaccurate path requirement.
Related violations: <none>

TIMING-46#68 Warning
Multicycle path with tied CE pins  
One or more multicycle paths are defined between registers Electric_hook_bd_i/axi_traffic_gen_1/inst/ATG_MODE_AXI_BASIC_FULL.basic_n_full_top/cmd_blk/cmdram_regslice_r/datapath_reg[1][47]/Q and Electric_hook_bd_i/axi_traffic_gen_1/inst/ATG_MODE_AXI_BASIC_FULL.basic_n_full_top/ATG_PARARAM_INST_YES.paramram_blk/PARAMRAM_ON_2.cmd_out_mr_reg[47]/D with a direct connection and the CE pins connected to VCC (see constraint position 3 in the Timing Constraint window in Vivado IDE).  This may result in an inaccurate path requirement.
Related violations: <none>

TIMING-46#69 Warning
Multicycle path with tied CE pins  
One or more multicycle paths are defined between registers Electric_hook_bd_i/axi_traffic_gen_1/inst/ATG_MODE_AXI_BASIC_FULL.basic_n_full_top/cmd_blk/cmdram_regslice_r/datapath_reg[1][4]/Q and Electric_hook_bd_i/axi_traffic_gen_1/inst/ATG_MODE_AXI_BASIC_FULL.basic_n_full_top/cmd_blk/cmdram_regslice_r/datapath_reg[0][4]/D with a direct connection and the CE pins connected to VCC (see constraint position 3 in the Timing Constraint window in Vivado IDE).  This may result in an inaccurate path requirement.
Related violations: <none>

TIMING-46#70 Warning
Multicycle path with tied CE pins  
One or more multicycle paths are defined between registers Electric_hook_bd_i/axi_traffic_gen_1/inst/ATG_MODE_AXI_BASIC_FULL.basic_n_full_top/cmd_blk/cmdram_regslice_r/datapath_reg[1][56]/Q and Electric_hook_bd_i/axi_traffic_gen_1/inst/ATG_MODE_AXI_BASIC_FULL.basic_n_full_top/ATG_PARARAM_INST_YES.paramram_blk/PARAMRAM_ON_2.cmd_out_mr_reg[56]/D with a direct connection and the CE pins connected to VCC (see constraint position 3 in the Timing Constraint window in Vivado IDE).  This may result in an inaccurate path requirement.
Related violations: <none>

TIMING-46#71 Warning
Multicycle path with tied CE pins  
One or more multicycle paths are defined between registers Electric_hook_bd_i/axi_traffic_gen_1/inst/ATG_MODE_AXI_BASIC_FULL.basic_n_full_top/cmd_blk/cmdram_regslice_r/datapath_reg[1][57]/Q and Electric_hook_bd_i/axi_traffic_gen_1/inst/ATG_MODE_AXI_BASIC_FULL.basic_n_full_top/ATG_PARARAM_INST_YES.paramram_blk/PARAMRAM_ON_2.cmd_out_mr_reg[57]/D with a direct connection and the CE pins connected to VCC (see constraint position 3 in the Timing Constraint window in Vivado IDE).  This may result in an inaccurate path requirement.
Related violations: <none>

TIMING-46#72 Warning
Multicycle path with tied CE pins  
One or more multicycle paths are defined between registers Electric_hook_bd_i/axi_traffic_gen_1/inst/ATG_MODE_AXI_BASIC_FULL.basic_n_full_top/cmd_blk/cmdram_regslice_r/datapath_reg[1][58]/Q and Electric_hook_bd_i/axi_traffic_gen_1/inst/ATG_MODE_AXI_BASIC_FULL.basic_n_full_top/ATG_PARARAM_INST_YES.paramram_blk/PARAMRAM_ON_2.cmd_out_mr_reg[58]/D with a direct connection and the CE pins connected to VCC (see constraint position 3 in the Timing Constraint window in Vivado IDE).  This may result in an inaccurate path requirement.
Related violations: <none>

TIMING-46#73 Warning
Multicycle path with tied CE pins  
One or more multicycle paths are defined between registers Electric_hook_bd_i/axi_traffic_gen_1/inst/ATG_MODE_AXI_BASIC_FULL.basic_n_full_top/cmd_blk/cmdram_regslice_r/datapath_reg[1][59]/Q and Electric_hook_bd_i/axi_traffic_gen_1/inst/ATG_MODE_AXI_BASIC_FULL.basic_n_full_top/ATG_PARARAM_INST_YES.paramram_blk/PARAMRAM_ON_2.cmd_out_mr_reg[59]/D with a direct connection and the CE pins connected to VCC (see constraint position 3 in the Timing Constraint window in Vivado IDE).  This may result in an inaccurate path requirement.
Related violations: <none>

TIMING-46#74 Warning
Multicycle path with tied CE pins  
One or more multicycle paths are defined between registers Electric_hook_bd_i/axi_traffic_gen_1/inst/ATG_MODE_AXI_BASIC_FULL.basic_n_full_top/cmd_blk/cmdram_regslice_r/datapath_reg[1][5]/Q and Electric_hook_bd_i/axi_traffic_gen_1/inst/ATG_MODE_AXI_BASIC_FULL.basic_n_full_top/cmd_blk/cmdram_regslice_r/datapath_reg[0][5]/D with a direct connection and the CE pins connected to VCC (see constraint position 3 in the Timing Constraint window in Vivado IDE).  This may result in an inaccurate path requirement.
Related violations: <none>

TIMING-46#75 Warning
Multicycle path with tied CE pins  
One or more multicycle paths are defined between registers Electric_hook_bd_i/axi_traffic_gen_1/inst/ATG_MODE_AXI_BASIC_FULL.basic_n_full_top/cmd_blk/cmdram_regslice_r/datapath_reg[1][60]/Q and Electric_hook_bd_i/axi_traffic_gen_1/inst/ATG_MODE_AXI_BASIC_FULL.basic_n_full_top/ATG_PARARAM_INST_YES.paramram_blk/PARAMRAM_ON_2.cmd_out_mr_reg[60]/D with a direct connection and the CE pins connected to VCC (see constraint position 3 in the Timing Constraint window in Vivado IDE).  This may result in an inaccurate path requirement.
Related violations: <none>

TIMING-46#76 Warning
Multicycle path with tied CE pins  
One or more multicycle paths are defined between registers Electric_hook_bd_i/axi_traffic_gen_1/inst/ATG_MODE_AXI_BASIC_FULL.basic_n_full_top/cmd_blk/cmdram_regslice_r/datapath_reg[1][61]/Q and Electric_hook_bd_i/axi_traffic_gen_1/inst/ATG_MODE_AXI_BASIC_FULL.basic_n_full_top/ATG_PARARAM_INST_YES.paramram_blk/PARAMRAM_ON_2.cmd_out_mr_reg[61]/D with a direct connection and the CE pins connected to VCC (see constraint position 3 in the Timing Constraint window in Vivado IDE).  This may result in an inaccurate path requirement.
Related violations: <none>

TIMING-46#77 Warning
Multicycle path with tied CE pins  
One or more multicycle paths are defined between registers Electric_hook_bd_i/axi_traffic_gen_1/inst/ATG_MODE_AXI_BASIC_FULL.basic_n_full_top/cmd_blk/cmdram_regslice_r/datapath_reg[1][62]/Q and Electric_hook_bd_i/axi_traffic_gen_1/inst/ATG_MODE_AXI_BASIC_FULL.basic_n_full_top/ATG_PARARAM_INST_YES.paramram_blk/PARAMRAM_ON_2.cmd_out_mr_reg[62]/D with a direct connection and the CE pins connected to VCC (see constraint position 3 in the Timing Constraint window in Vivado IDE).  This may result in an inaccurate path requirement.
Related violations: <none>

TIMING-46#78 Warning
Multicycle path with tied CE pins  
One or more multicycle paths are defined between registers Electric_hook_bd_i/axi_traffic_gen_1/inst/ATG_MODE_AXI_BASIC_FULL.basic_n_full_top/cmd_blk/cmdram_regslice_r/datapath_reg[1][63]/Q and Electric_hook_bd_i/axi_traffic_gen_1/inst/ATG_MODE_AXI_BASIC_FULL.basic_n_full_top/ATG_PARARAM_INST_YES.paramram_blk/PARAMRAM_ON_2.cmd_out_mr_reg[63]/D with a direct connection and the CE pins connected to VCC (see constraint position 3 in the Timing Constraint window in Vivado IDE).  This may result in an inaccurate path requirement.
Related violations: <none>

TIMING-46#79 Warning
Multicycle path with tied CE pins  
One or more multicycle paths are defined between registers Electric_hook_bd_i/axi_traffic_gen_1/inst/ATG_MODE_AXI_BASIC_FULL.basic_n_full_top/cmd_blk/cmdram_regslice_r/datapath_reg[1][64]/Q and Electric_hook_bd_i/axi_traffic_gen_1/inst/ATG_MODE_AXI_BASIC_FULL.basic_n_full_top/ATG_PARARAM_INST_YES.paramram_blk/PARAMRAM_ON_2.cmd_out_mr_reg[64]/D with a direct connection and the CE pins connected to VCC (see constraint position 3 in the Timing Constraint window in Vivado IDE).  This may result in an inaccurate path requirement.
Related violations: <none>

TIMING-46#80 Warning
Multicycle path with tied CE pins  
One or more multicycle paths are defined between registers Electric_hook_bd_i/axi_traffic_gen_1/inst/ATG_MODE_AXI_BASIC_FULL.basic_n_full_top/cmd_blk/cmdram_regslice_r/datapath_reg[1][65]/Q and Electric_hook_bd_i/axi_traffic_gen_1/inst/ATG_MODE_AXI_BASIC_FULL.basic_n_full_top/ATG_PARARAM_INST_YES.paramram_blk/PARAMRAM_ON_2.cmd_out_mr_reg[65]/D with a direct connection and the CE pins connected to VCC (see constraint position 3 in the Timing Constraint window in Vivado IDE).  This may result in an inaccurate path requirement.
Related violations: <none>

TIMING-46#81 Warning
Multicycle path with tied CE pins  
One or more multicycle paths are defined between registers Electric_hook_bd_i/axi_traffic_gen_1/inst/ATG_MODE_AXI_BASIC_FULL.basic_n_full_top/cmd_blk/cmdram_regslice_r/datapath_reg[1][66]/Q and Electric_hook_bd_i/axi_traffic_gen_1/inst/ATG_MODE_AXI_BASIC_FULL.basic_n_full_top/ATG_PARARAM_INST_YES.paramram_blk/PARAMRAM_ON_2.cmd_out_mr_reg[66]/D with a direct connection and the CE pins connected to VCC (see constraint position 3 in the Timing Constraint window in Vivado IDE).  This may result in an inaccurate path requirement.
Related violations: <none>

TIMING-46#82 Warning
Multicycle path with tied CE pins  
One or more multicycle paths are defined between registers Electric_hook_bd_i/axi_traffic_gen_1/inst/ATG_MODE_AXI_BASIC_FULL.basic_n_full_top/cmd_blk/cmdram_regslice_r/datapath_reg[1][67]/Q and Electric_hook_bd_i/axi_traffic_gen_1/inst/ATG_MODE_AXI_BASIC_FULL.basic_n_full_top/ATG_PARARAM_INST_YES.paramram_blk/PARAMRAM_ON_2.cmd_out_mr_reg[67]/D with a direct connection and the CE pins connected to VCC (see constraint position 3 in the Timing Constraint window in Vivado IDE).  This may result in an inaccurate path requirement.
Related violations: <none>

TIMING-46#83 Warning
Multicycle path with tied CE pins  
One or more multicycle paths are defined between registers Electric_hook_bd_i/axi_traffic_gen_1/inst/ATG_MODE_AXI_BASIC_FULL.basic_n_full_top/cmd_blk/cmdram_regslice_r/datapath_reg[1][68]/Q and Electric_hook_bd_i/axi_traffic_gen_1/inst/ATG_MODE_AXI_BASIC_FULL.basic_n_full_top/ATG_PARARAM_INST_YES.paramram_blk/PARAMRAM_ON_2.cmd_out_mr_reg[68]/D with a direct connection and the CE pins connected to VCC (see constraint position 3 in the Timing Constraint window in Vivado IDE).  This may result in an inaccurate path requirement.
Related violations: <none>

TIMING-46#84 Warning
Multicycle path with tied CE pins  
One or more multicycle paths are defined between registers Electric_hook_bd_i/axi_traffic_gen_1/inst/ATG_MODE_AXI_BASIC_FULL.basic_n_full_top/cmd_blk/cmdram_regslice_r/datapath_reg[1][69]/Q and Electric_hook_bd_i/axi_traffic_gen_1/inst/ATG_MODE_AXI_BASIC_FULL.basic_n_full_top/ATG_PARARAM_INST_YES.paramram_blk/PARAMRAM_ON_2.cmd_out_mr_reg[69]/D with a direct connection and the CE pins connected to VCC (see constraint position 3 in the Timing Constraint window in Vivado IDE).  This may result in an inaccurate path requirement.
Related violations: <none>

TIMING-46#85 Warning
Multicycle path with tied CE pins  
One or more multicycle paths are defined between registers Electric_hook_bd_i/axi_traffic_gen_1/inst/ATG_MODE_AXI_BASIC_FULL.basic_n_full_top/cmd_blk/cmdram_regslice_r/datapath_reg[1][6]/Q and Electric_hook_bd_i/axi_traffic_gen_1/inst/ATG_MODE_AXI_BASIC_FULL.basic_n_full_top/cmd_blk/cmdram_regslice_r/datapath_reg[0][6]/D with a direct connection and the CE pins connected to VCC (see constraint position 3 in the Timing Constraint window in Vivado IDE).  This may result in an inaccurate path requirement.
Related violations: <none>

TIMING-46#86 Warning
Multicycle path with tied CE pins  
One or more multicycle paths are defined between registers Electric_hook_bd_i/axi_traffic_gen_1/inst/ATG_MODE_AXI_BASIC_FULL.basic_n_full_top/cmd_blk/cmdram_regslice_r/datapath_reg[1][70]/Q and Electric_hook_bd_i/axi_traffic_gen_1/inst/ATG_MODE_AXI_BASIC_FULL.basic_n_full_top/ATG_PARARAM_INST_YES.paramram_blk/PARAMRAM_ON_2.cmd_out_mr_reg[70]/D with a direct connection and the CE pins connected to VCC (see constraint position 3 in the Timing Constraint window in Vivado IDE).  This may result in an inaccurate path requirement.
Related violations: <none>

TIMING-46#87 Warning
Multicycle path with tied CE pins  
One or more multicycle paths are defined between registers Electric_hook_bd_i/axi_traffic_gen_1/inst/ATG_MODE_AXI_BASIC_FULL.basic_n_full_top/cmd_blk/cmdram_regslice_r/datapath_reg[1][71]/Q and Electric_hook_bd_i/axi_traffic_gen_1/inst/ATG_MODE_AXI_BASIC_FULL.basic_n_full_top/ATG_PARARAM_INST_YES.paramram_blk/PARAMRAM_ON_2.cmd_out_mr_reg[71]/D with a direct connection and the CE pins connected to VCC (see constraint position 3 in the Timing Constraint window in Vivado IDE).  This may result in an inaccurate path requirement.
Related violations: <none>

TIMING-46#88 Warning
Multicycle path with tied CE pins  
One or more multicycle paths are defined between registers Electric_hook_bd_i/axi_traffic_gen_1/inst/ATG_MODE_AXI_BASIC_FULL.basic_n_full_top/cmd_blk/cmdram_regslice_r/datapath_reg[1][72]/Q and Electric_hook_bd_i/axi_traffic_gen_1/inst/ATG_MODE_AXI_BASIC_FULL.basic_n_full_top/ATG_PARARAM_INST_YES.paramram_blk/PARAMRAM_ON_2.cmd_out_mr_reg[72]/D with a direct connection and the CE pins connected to VCC (see constraint position 3 in the Timing Constraint window in Vivado IDE).  This may result in an inaccurate path requirement.
Related violations: <none>

TIMING-46#89 Warning
Multicycle path with tied CE pins  
One or more multicycle paths are defined between registers Electric_hook_bd_i/axi_traffic_gen_1/inst/ATG_MODE_AXI_BASIC_FULL.basic_n_full_top/cmd_blk/cmdram_regslice_r/datapath_reg[1][73]/Q and Electric_hook_bd_i/axi_traffic_gen_1/inst/ATG_MODE_AXI_BASIC_FULL.basic_n_full_top/ATG_PARARAM_INST_YES.paramram_blk/PARAMRAM_ON_2.cmd_out_mr_reg[73]/D with a direct connection and the CE pins connected to VCC (see constraint position 3 in the Timing Constraint window in Vivado IDE).  This may result in an inaccurate path requirement.
Related violations: <none>

TIMING-46#90 Warning
Multicycle path with tied CE pins  
One or more multicycle paths are defined between registers Electric_hook_bd_i/axi_traffic_gen_1/inst/ATG_MODE_AXI_BASIC_FULL.basic_n_full_top/cmd_blk/cmdram_regslice_r/datapath_reg[1][74]/Q and Electric_hook_bd_i/axi_traffic_gen_1/inst/ATG_MODE_AXI_BASIC_FULL.basic_n_full_top/ATG_PARARAM_INST_YES.paramram_blk/PARAMRAM_ON_2.cmd_out_mr_reg[74]/D with a direct connection and the CE pins connected to VCC (see constraint position 3 in the Timing Constraint window in Vivado IDE).  This may result in an inaccurate path requirement.
Related violations: <none>

TIMING-46#91 Warning
Multicycle path with tied CE pins  
One or more multicycle paths are defined between registers Electric_hook_bd_i/axi_traffic_gen_1/inst/ATG_MODE_AXI_BASIC_FULL.basic_n_full_top/cmd_blk/cmdram_regslice_r/datapath_reg[1][75]/Q and Electric_hook_bd_i/axi_traffic_gen_1/inst/ATG_MODE_AXI_BASIC_FULL.basic_n_full_top/ATG_PARARAM_INST_YES.paramram_blk/PARAMRAM_ON_2.cmd_out_mr_reg[75]/D with a direct connection and the CE pins connected to VCC (see constraint position 3 in the Timing Constraint window in Vivado IDE).  This may result in an inaccurate path requirement.
Related violations: <none>

TIMING-46#92 Warning
Multicycle path with tied CE pins  
One or more multicycle paths are defined between registers Electric_hook_bd_i/axi_traffic_gen_1/inst/ATG_MODE_AXI_BASIC_FULL.basic_n_full_top/cmd_blk/cmdram_regslice_r/datapath_reg[1][76]/Q and Electric_hook_bd_i/axi_traffic_gen_1/inst/ATG_MODE_AXI_BASIC_FULL.basic_n_full_top/ATG_PARARAM_INST_YES.paramram_blk/PARAMRAM_ON_2.cmd_out_mr_reg[76]/D with a direct connection and the CE pins connected to VCC (see constraint position 3 in the Timing Constraint window in Vivado IDE).  This may result in an inaccurate path requirement.
Related violations: <none>

TIMING-46#93 Warning
Multicycle path with tied CE pins  
One or more multicycle paths are defined between registers Electric_hook_bd_i/axi_traffic_gen_1/inst/ATG_MODE_AXI_BASIC_FULL.basic_n_full_top/cmd_blk/cmdram_regslice_r/datapath_reg[1][77]/Q and Electric_hook_bd_i/axi_traffic_gen_1/inst/ATG_MODE_AXI_BASIC_FULL.basic_n_full_top/ATG_PARARAM_INST_YES.paramram_blk/PARAMRAM_ON_2.cmd_out_mr_reg[77]/D with a direct connection and the CE pins connected to VCC (see constraint position 3 in the Timing Constraint window in Vivado IDE).  This may result in an inaccurate path requirement.
Related violations: <none>

TIMING-46#94 Warning
Multicycle path with tied CE pins  
One or more multicycle paths are defined between registers Electric_hook_bd_i/axi_traffic_gen_1/inst/ATG_MODE_AXI_BASIC_FULL.basic_n_full_top/cmd_blk/cmdram_regslice_r/datapath_reg[1][78]/Q and Electric_hook_bd_i/axi_traffic_gen_1/inst/ATG_MODE_AXI_BASIC_FULL.basic_n_full_top/ATG_PARARAM_INST_YES.paramram_blk/PARAMRAM_ON_2.cmd_out_mr_reg[78]/D with a direct connection and the CE pins connected to VCC (see constraint position 3 in the Timing Constraint window in Vivado IDE).  This may result in an inaccurate path requirement.
Related violations: <none>

TIMING-46#95 Warning
Multicycle path with tied CE pins  
One or more multicycle paths are defined between registers Electric_hook_bd_i/axi_traffic_gen_1/inst/ATG_MODE_AXI_BASIC_FULL.basic_n_full_top/cmd_blk/cmdram_regslice_r/datapath_reg[1][79]/Q and Electric_hook_bd_i/axi_traffic_gen_1/inst/ATG_MODE_AXI_BASIC_FULL.basic_n_full_top/ATG_PARARAM_INST_YES.paramram_blk/PARAMRAM_ON_2.cmd_out_mr_reg[79]/D with a direct connection and the CE pins connected to VCC (see constraint position 3 in the Timing Constraint window in Vivado IDE).  This may result in an inaccurate path requirement.
Related violations: <none>

TIMING-46#96 Warning
Multicycle path with tied CE pins  
One or more multicycle paths are defined between registers Electric_hook_bd_i/axi_traffic_gen_1/inst/ATG_MODE_AXI_BASIC_FULL.basic_n_full_top/cmd_blk/cmdram_regslice_r/datapath_reg[1][7]/Q and Electric_hook_bd_i/axi_traffic_gen_1/inst/ATG_MODE_AXI_BASIC_FULL.basic_n_full_top/cmd_blk/cmdram_regslice_r/datapath_reg[0][7]/D with a direct connection and the CE pins connected to VCC (see constraint position 3 in the Timing Constraint window in Vivado IDE).  This may result in an inaccurate path requirement.
Related violations: <none>

TIMING-46#97 Warning
Multicycle path with tied CE pins  
One or more multicycle paths are defined between registers Electric_hook_bd_i/axi_traffic_gen_1/inst/ATG_MODE_AXI_BASIC_FULL.basic_n_full_top/cmd_blk/cmdram_regslice_r/datapath_reg[1][80]/Q and Electric_hook_bd_i/axi_traffic_gen_1/inst/ATG_MODE_AXI_BASIC_FULL.basic_n_full_top/ATG_PARARAM_INST_YES.paramram_blk/PARAMRAM_ON_2.cmd_out_mr_reg[80]/D with a direct connection and the CE pins connected to VCC (see constraint position 3 in the Timing Constraint window in Vivado IDE).  This may result in an inaccurate path requirement.
Related violations: <none>

TIMING-46#98 Warning
Multicycle path with tied CE pins  
One or more multicycle paths are defined between registers Electric_hook_bd_i/axi_traffic_gen_1/inst/ATG_MODE_AXI_BASIC_FULL.basic_n_full_top/cmd_blk/cmdram_regslice_r/datapath_reg[1][81]/Q and Electric_hook_bd_i/axi_traffic_gen_1/inst/ATG_MODE_AXI_BASIC_FULL.basic_n_full_top/ATG_PARARAM_INST_YES.paramram_blk/PARAMRAM_ON_2.cmd_out_mr_reg[81]/D with a direct connection and the CE pins connected to VCC (see constraint position 3 in the Timing Constraint window in Vivado IDE).  This may result in an inaccurate path requirement.
Related violations: <none>

TIMING-46#99 Warning
Multicycle path with tied CE pins  
One or more multicycle paths are defined between registers Electric_hook_bd_i/axi_traffic_gen_1/inst/ATG_MODE_AXI_BASIC_FULL.basic_n_full_top/cmd_blk/cmdram_regslice_r/datapath_reg[1][82]/Q and Electric_hook_bd_i/axi_traffic_gen_1/inst/ATG_MODE_AXI_BASIC_FULL.basic_n_full_top/ATG_PARARAM_INST_YES.paramram_blk/PARAMRAM_ON_2.cmd_out_mr_reg[82]/D with a direct connection and the CE pins connected to VCC (see constraint position 3 in the Timing Constraint window in Vivado IDE).  This may result in an inaccurate path requirement.
Related violations: <none>

TIMING-46#100 Warning
Multicycle path with tied CE pins  
One or more multicycle paths are defined between registers Electric_hook_bd_i/axi_traffic_gen_1/inst/ATG_MODE_AXI_BASIC_FULL.basic_n_full_top/cmd_blk/cmdram_regslice_r/datapath_reg[1][83]/Q and Electric_hook_bd_i/axi_traffic_gen_1/inst/ATG_MODE_AXI_BASIC_FULL.basic_n_full_top/ATG_PARARAM_INST_YES.paramram_blk/PARAMRAM_ON_2.cmd_out_mr_reg[83]/D with a direct connection and the CE pins connected to VCC (see constraint position 3 in the Timing Constraint window in Vivado IDE).  This may result in an inaccurate path requirement.
Related violations: <none>

TIMING-46#101 Warning
Multicycle path with tied CE pins  
One or more multicycle paths are defined between registers Electric_hook_bd_i/axi_traffic_gen_1/inst/ATG_MODE_AXI_BASIC_FULL.basic_n_full_top/cmd_blk/cmdram_regslice_r/datapath_reg[1][84]/Q and Electric_hook_bd_i/axi_traffic_gen_1/inst/ATG_MODE_AXI_BASIC_FULL.basic_n_full_top/ATG_PARARAM_INST_YES.paramram_blk/PARAMRAM_ON_2.cmd_out_mr_reg[84]/D with a direct connection and the CE pins connected to VCC (see constraint position 3 in the Timing Constraint window in Vivado IDE).  This may result in an inaccurate path requirement.
Related violations: <none>

TIMING-46#102 Warning
Multicycle path with tied CE pins  
One or more multicycle paths are defined between registers Electric_hook_bd_i/axi_traffic_gen_1/inst/ATG_MODE_AXI_BASIC_FULL.basic_n_full_top/cmd_blk/cmdram_regslice_r/datapath_reg[1][85]/Q and Electric_hook_bd_i/axi_traffic_gen_1/inst/ATG_MODE_AXI_BASIC_FULL.basic_n_full_top/ATG_PARARAM_INST_YES.paramram_blk/PARAMRAM_ON_2.cmd_out_mr_reg[85]/D with a direct connection and the CE pins connected to VCC (see constraint position 3 in the Timing Constraint window in Vivado IDE).  This may result in an inaccurate path requirement.
Related violations: <none>

TIMING-46#103 Warning
Multicycle path with tied CE pins  
One or more multicycle paths are defined between registers Electric_hook_bd_i/axi_traffic_gen_1/inst/ATG_MODE_AXI_BASIC_FULL.basic_n_full_top/cmd_blk/cmdram_regslice_r/datapath_reg[1][86]/Q and Electric_hook_bd_i/axi_traffic_gen_1/inst/ATG_MODE_AXI_BASIC_FULL.basic_n_full_top/ATG_PARARAM_INST_YES.paramram_blk/PARAMRAM_ON_2.cmd_out_mr_reg[86]/D with a direct connection and the CE pins connected to VCC (see constraint position 3 in the Timing Constraint window in Vivado IDE).  This may result in an inaccurate path requirement.
Related violations: <none>

TIMING-46#104 Warning
Multicycle path with tied CE pins  
One or more multicycle paths are defined between registers Electric_hook_bd_i/axi_traffic_gen_1/inst/ATG_MODE_AXI_BASIC_FULL.basic_n_full_top/cmd_blk/cmdram_regslice_r/datapath_reg[1][87]/Q and Electric_hook_bd_i/axi_traffic_gen_1/inst/ATG_MODE_AXI_BASIC_FULL.basic_n_full_top/ATG_PARARAM_INST_YES.paramram_blk/PARAMRAM_ON_2.cmd_out_mr_reg[87]/D with a direct connection and the CE pins connected to VCC (see constraint position 3 in the Timing Constraint window in Vivado IDE).  This may result in an inaccurate path requirement.
Related violations: <none>

TIMING-46#105 Warning
Multicycle path with tied CE pins  
One or more multicycle paths are defined between registers Electric_hook_bd_i/axi_traffic_gen_1/inst/ATG_MODE_AXI_BASIC_FULL.basic_n_full_top/cmd_blk/cmdram_regslice_r/datapath_reg[1][88]/Q and Electric_hook_bd_i/axi_traffic_gen_1/inst/ATG_MODE_AXI_BASIC_FULL.basic_n_full_top/ATG_PARARAM_INST_YES.paramram_blk/PARAMRAM_ON_2.cmd_out_mr_reg[88]/D with a direct connection and the CE pins connected to VCC (see constraint position 3 in the Timing Constraint window in Vivado IDE).  This may result in an inaccurate path requirement.
Related violations: <none>

TIMING-46#106 Warning
Multicycle path with tied CE pins  
One or more multicycle paths are defined between registers Electric_hook_bd_i/axi_traffic_gen_1/inst/ATG_MODE_AXI_BASIC_FULL.basic_n_full_top/cmd_blk/cmdram_regslice_r/datapath_reg[1][89]/Q and Electric_hook_bd_i/axi_traffic_gen_1/inst/ATG_MODE_AXI_BASIC_FULL.basic_n_full_top/ATG_PARARAM_INST_YES.paramram_blk/PARAMRAM_ON_2.cmd_out_mr_reg[89]/D with a direct connection and the CE pins connected to VCC (see constraint position 3 in the Timing Constraint window in Vivado IDE).  This may result in an inaccurate path requirement.
Related violations: <none>

TIMING-46#107 Warning
Multicycle path with tied CE pins  
One or more multicycle paths are defined between registers Electric_hook_bd_i/axi_traffic_gen_1/inst/ATG_MODE_AXI_BASIC_FULL.basic_n_full_top/cmd_blk/cmdram_regslice_r/datapath_reg[1][8]/Q and Electric_hook_bd_i/axi_traffic_gen_1/inst/ATG_MODE_AXI_BASIC_FULL.basic_n_full_top/cmd_blk/cmdram_regslice_r/datapath_reg[0][8]/D with a direct connection and the CE pins connected to VCC (see constraint position 3 in the Timing Constraint window in Vivado IDE).  This may result in an inaccurate path requirement.
Related violations: <none>

TIMING-46#108 Warning
Multicycle path with tied CE pins  
One or more multicycle paths are defined between registers Electric_hook_bd_i/axi_traffic_gen_1/inst/ATG_MODE_AXI_BASIC_FULL.basic_n_full_top/cmd_blk/cmdram_regslice_r/datapath_reg[1][90]/Q and Electric_hook_bd_i/axi_traffic_gen_1/inst/ATG_MODE_AXI_BASIC_FULL.basic_n_full_top/ATG_PARARAM_INST_YES.paramram_blk/PARAMRAM_ON_2.cmd_out_mr_reg[90]/D with a direct connection and the CE pins connected to VCC (see constraint position 3 in the Timing Constraint window in Vivado IDE).  This may result in an inaccurate path requirement.
Related violations: <none>

TIMING-46#109 Warning
Multicycle path with tied CE pins  
One or more multicycle paths are defined between registers Electric_hook_bd_i/axi_traffic_gen_1/inst/ATG_MODE_AXI_BASIC_FULL.basic_n_full_top/cmd_blk/cmdram_regslice_r/datapath_reg[1][91]/Q and Electric_hook_bd_i/axi_traffic_gen_1/inst/ATG_MODE_AXI_BASIC_FULL.basic_n_full_top/ATG_PARARAM_INST_YES.paramram_blk/PARAMRAM_ON_2.cmd_out_mr_reg[91]/D with a direct connection and the CE pins connected to VCC (see constraint position 3 in the Timing Constraint window in Vivado IDE).  This may result in an inaccurate path requirement.
Related violations: <none>

TIMING-46#110 Warning
Multicycle path with tied CE pins  
One or more multicycle paths are defined between registers Electric_hook_bd_i/axi_traffic_gen_1/inst/ATG_MODE_AXI_BASIC_FULL.basic_n_full_top/cmd_blk/cmdram_regslice_r/datapath_reg[1][92]/Q and Electric_hook_bd_i/axi_traffic_gen_1/inst/ATG_MODE_AXI_BASIC_FULL.basic_n_full_top/ATG_PARARAM_INST_YES.paramram_blk/PARAMRAM_ON_2.cmd_out_mr_reg[92]/D with a direct connection and the CE pins connected to VCC (see constraint position 3 in the Timing Constraint window in Vivado IDE).  This may result in an inaccurate path requirement.
Related violations: <none>

TIMING-46#111 Warning
Multicycle path with tied CE pins  
One or more multicycle paths are defined between registers Electric_hook_bd_i/axi_traffic_gen_1/inst/ATG_MODE_AXI_BASIC_FULL.basic_n_full_top/cmd_blk/cmdram_regslice_r/datapath_reg[1][93]/Q and Electric_hook_bd_i/axi_traffic_gen_1/inst/ATG_MODE_AXI_BASIC_FULL.basic_n_full_top/ATG_PARARAM_INST_YES.paramram_blk/PARAMRAM_ON_2.cmd_out_mr_reg[93]/D with a direct connection and the CE pins connected to VCC (see constraint position 3 in the Timing Constraint window in Vivado IDE).  This may result in an inaccurate path requirement.
Related violations: <none>

TIMING-46#112 Warning
Multicycle path with tied CE pins  
One or more multicycle paths are defined between registers Electric_hook_bd_i/axi_traffic_gen_1/inst/ATG_MODE_AXI_BASIC_FULL.basic_n_full_top/cmd_blk/cmdram_regslice_r/datapath_reg[1][94]/Q and Electric_hook_bd_i/axi_traffic_gen_1/inst/ATG_MODE_AXI_BASIC_FULL.basic_n_full_top/ATG_PARARAM_INST_YES.paramram_blk/PARAMRAM_ON_2.cmd_out_mr_reg[94]/D with a direct connection and the CE pins connected to VCC (see constraint position 3 in the Timing Constraint window in Vivado IDE).  This may result in an inaccurate path requirement.
Related violations: <none>

TIMING-46#113 Warning
Multicycle path with tied CE pins  
One or more multicycle paths are defined between registers Electric_hook_bd_i/axi_traffic_gen_1/inst/ATG_MODE_AXI_BASIC_FULL.basic_n_full_top/cmd_blk/cmdram_regslice_r/datapath_reg[1][96]/Q and Electric_hook_bd_i/axi_traffic_gen_1/inst/ATG_MODE_AXI_BASIC_FULL.basic_n_full_top/ATG_PARARAM_INST_YES.paramram_blk/PARAMRAM_ON_2.cmd_out_mr_reg[96]/D with a direct connection and the CE pins connected to VCC (see constraint position 3 in the Timing Constraint window in Vivado IDE).  This may result in an inaccurate path requirement.
Related violations: <none>

TIMING-46#114 Warning
Multicycle path with tied CE pins  
One or more multicycle paths are defined between registers Electric_hook_bd_i/axi_traffic_gen_1/inst/ATG_MODE_AXI_BASIC_FULL.basic_n_full_top/cmd_blk/cmdram_regslice_r/datapath_reg[1][97]/Q and Electric_hook_bd_i/axi_traffic_gen_1/inst/ATG_MODE_AXI_BASIC_FULL.basic_n_full_top/ATG_PARARAM_INST_YES.paramram_blk/PARAMRAM_ON_2.cmd_out_mr_reg[97]/D with a direct connection and the CE pins connected to VCC (see constraint position 3 in the Timing Constraint window in Vivado IDE).  This may result in an inaccurate path requirement.
Related violations: <none>

TIMING-46#115 Warning
Multicycle path with tied CE pins  
One or more multicycle paths are defined between registers Electric_hook_bd_i/axi_traffic_gen_1/inst/ATG_MODE_AXI_BASIC_FULL.basic_n_full_top/cmd_blk/cmdram_regslice_r/datapath_reg[1][98]/Q and Electric_hook_bd_i/axi_traffic_gen_1/inst/ATG_MODE_AXI_BASIC_FULL.basic_n_full_top/ATG_PARARAM_INST_YES.paramram_blk/PARAMRAM_ON_2.cmd_out_mr_reg[98]/D with a direct connection and the CE pins connected to VCC (see constraint position 3 in the Timing Constraint window in Vivado IDE).  This may result in an inaccurate path requirement.
Related violations: <none>

TIMING-46#116 Warning
Multicycle path with tied CE pins  
One or more multicycle paths are defined between registers Electric_hook_bd_i/axi_traffic_gen_1/inst/ATG_MODE_AXI_BASIC_FULL.basic_n_full_top/cmd_blk/cmdram_regslice_r/datapath_reg[1][9]/Q and Electric_hook_bd_i/axi_traffic_gen_1/inst/ATG_MODE_AXI_BASIC_FULL.basic_n_full_top/cmd_blk/cmdram_regslice_r/datapath_reg[0][9]/D with a direct connection and the CE pins connected to VCC (see constraint position 3 in the Timing Constraint window in Vivado IDE).  This may result in an inaccurate path requirement.
Related violations: <none>

TIMING-46#117 Warning
Multicycle path with tied CE pins  
One or more multicycle paths are defined between registers Electric_hook_bd_i/axi_traffic_gen_1/inst/ATG_MODE_AXI_BASIC_FULL.basic_n_full_top/cmd_blk/cmdram_regslice_w/datapath_reg[1][0]/Q and Electric_hook_bd_i/axi_traffic_gen_1/inst/ATG_MODE_AXI_BASIC_FULL.basic_n_full_top/ATG_PARARAM_INST_YES.paramram_blk/PARAMRAM_ON_3.cmd_out_mw_comp_reg[0]/D with a direct connection and the CE pins connected to VCC (see constraint position 3 in the Timing Constraint window in Vivado IDE).  This may result in an inaccurate path requirement.
Related violations: <none>

TIMING-46#118 Warning
Multicycle path with tied CE pins  
One or more multicycle paths are defined between registers Electric_hook_bd_i/axi_traffic_gen_1/inst/ATG_MODE_AXI_BASIC_FULL.basic_n_full_top/cmd_blk/cmdram_regslice_w/datapath_reg[1][0]/Q and Electric_hook_bd_i/axi_traffic_gen_1/inst/ATG_MODE_AXI_BASIC_FULL.basic_n_full_top/cmd_blk/cmdram_regslice_w/datapath_reg[0][0]/D with a direct connection and the CE pins connected to VCC (see constraint position 3 in the Timing Constraint window in Vivado IDE).  This may result in an inaccurate path requirement.
Related violations: <none>

TIMING-46#119 Warning
Multicycle path with tied CE pins  
One or more multicycle paths are defined between registers Electric_hook_bd_i/axi_traffic_gen_1/inst/ATG_MODE_AXI_BASIC_FULL.basic_n_full_top/cmd_blk/cmdram_regslice_w/datapath_reg[1][107]/Q and Electric_hook_bd_i/axi_traffic_gen_1/inst/ATG_MODE_AXI_BASIC_FULL.basic_n_full_top/ATG_PARARAM_INST_YES.paramram_blk/PARAMRAM_ON_3.cmd_out_mw_reg[107]/D with a direct connection and the CE pins connected to VCC (see constraint position 3 in the Timing Constraint window in Vivado IDE).  This may result in an inaccurate path requirement.
Related violations: <none>

TIMING-46#120 Warning
Multicycle path with tied CE pins  
One or more multicycle paths are defined between registers Electric_hook_bd_i/axi_traffic_gen_1/inst/ATG_MODE_AXI_BASIC_FULL.basic_n_full_top/cmd_blk/cmdram_regslice_w/datapath_reg[1][108]/Q and Electric_hook_bd_i/axi_traffic_gen_1/inst/ATG_MODE_AXI_BASIC_FULL.basic_n_full_top/ATG_PARARAM_INST_YES.paramram_blk/PARAMRAM_ON_3.cmd_out_mw_reg[108]/D with a direct connection and the CE pins connected to VCC (see constraint position 3 in the Timing Constraint window in Vivado IDE).  This may result in an inaccurate path requirement.
Related violations: <none>

TIMING-46#121 Warning
Multicycle path with tied CE pins  
One or more multicycle paths are defined between registers Electric_hook_bd_i/axi_traffic_gen_1/inst/ATG_MODE_AXI_BASIC_FULL.basic_n_full_top/cmd_blk/cmdram_regslice_w/datapath_reg[1][109]/Q and Electric_hook_bd_i/axi_traffic_gen_1/inst/ATG_MODE_AXI_BASIC_FULL.basic_n_full_top/ATG_PARARAM_INST_YES.paramram_blk/PARAMRAM_ON_3.cmd_out_mw_reg[109]/D with a direct connection and the CE pins connected to VCC (see constraint position 3 in the Timing Constraint window in Vivado IDE).  This may result in an inaccurate path requirement.
Related violations: <none>

TIMING-46#122 Warning
Multicycle path with tied CE pins  
One or more multicycle paths are defined between registers Electric_hook_bd_i/axi_traffic_gen_1/inst/ATG_MODE_AXI_BASIC_FULL.basic_n_full_top/cmd_blk/cmdram_regslice_w/datapath_reg[1][10]/Q and Electric_hook_bd_i/axi_traffic_gen_1/inst/ATG_MODE_AXI_BASIC_FULL.basic_n_full_top/cmd_blk/cmdram_regslice_w/datapath_reg[0][10]/D with a direct connection and the CE pins connected to VCC (see constraint position 3 in the Timing Constraint window in Vivado IDE).  This may result in an inaccurate path requirement.
Related violations: <none>

TIMING-46#123 Warning
Multicycle path with tied CE pins  
One or more multicycle paths are defined between registers Electric_hook_bd_i/axi_traffic_gen_1/inst/ATG_MODE_AXI_BASIC_FULL.basic_n_full_top/cmd_blk/cmdram_regslice_w/datapath_reg[1][110]/Q and Electric_hook_bd_i/axi_traffic_gen_1/inst/ATG_MODE_AXI_BASIC_FULL.basic_n_full_top/ATG_PARARAM_INST_YES.paramram_blk/PARAMRAM_ON_3.cmd_out_mw_reg[110]/D with a direct connection and the CE pins connected to VCC (see constraint position 3 in the Timing Constraint window in Vivado IDE).  This may result in an inaccurate path requirement.
Related violations: <none>

TIMING-46#124 Warning
Multicycle path with tied CE pins  
One or more multicycle paths are defined between registers Electric_hook_bd_i/axi_traffic_gen_1/inst/ATG_MODE_AXI_BASIC_FULL.basic_n_full_top/cmd_blk/cmdram_regslice_w/datapath_reg[1][111]/Q and Electric_hook_bd_i/axi_traffic_gen_1/inst/ATG_MODE_AXI_BASIC_FULL.basic_n_full_top/ATG_PARARAM_INST_YES.paramram_blk/PARAMRAM_ON_3.cmd_out_mw_reg[111]/D with a direct connection and the CE pins connected to VCC (see constraint position 3 in the Timing Constraint window in Vivado IDE).  This may result in an inaccurate path requirement.
Related violations: <none>

TIMING-46#125 Warning
Multicycle path with tied CE pins  
One or more multicycle paths are defined between registers Electric_hook_bd_i/axi_traffic_gen_1/inst/ATG_MODE_AXI_BASIC_FULL.basic_n_full_top/cmd_blk/cmdram_regslice_w/datapath_reg[1][112]/Q and Electric_hook_bd_i/axi_traffic_gen_1/inst/ATG_MODE_AXI_BASIC_FULL.basic_n_full_top/ATG_PARARAM_INST_YES.paramram_blk/PARAMRAM_ON_3.cmd_out_mw_reg[112]/D with a direct connection and the CE pins connected to VCC (see constraint position 3 in the Timing Constraint window in Vivado IDE).  This may result in an inaccurate path requirement.
Related violations: <none>

TIMING-46#126 Warning
Multicycle path with tied CE pins  
One or more multicycle paths are defined between registers Electric_hook_bd_i/axi_traffic_gen_1/inst/ATG_MODE_AXI_BASIC_FULL.basic_n_full_top/cmd_blk/cmdram_regslice_w/datapath_reg[1][11]/Q and Electric_hook_bd_i/axi_traffic_gen_1/inst/ATG_MODE_AXI_BASIC_FULL.basic_n_full_top/cmd_blk/cmdram_regslice_w/datapath_reg[0][11]/D with a direct connection and the CE pins connected to VCC (see constraint position 3 in the Timing Constraint window in Vivado IDE).  This may result in an inaccurate path requirement.
Related violations: <none>

TIMING-46#127 Warning
Multicycle path with tied CE pins  
One or more multicycle paths are defined between registers Electric_hook_bd_i/axi_traffic_gen_1/inst/ATG_MODE_AXI_BASIC_FULL.basic_n_full_top/cmd_blk/cmdram_regslice_w/datapath_reg[1][12]/Q and Electric_hook_bd_i/axi_traffic_gen_1/inst/ATG_MODE_AXI_BASIC_FULL.basic_n_full_top/cmd_blk/cmdram_regslice_w/datapath_reg[0][12]/D with a direct connection and the CE pins connected to VCC (see constraint position 3 in the Timing Constraint window in Vivado IDE).  This may result in an inaccurate path requirement.
Related violations: <none>

TIMING-46#128 Warning
Multicycle path with tied CE pins  
One or more multicycle paths are defined between registers Electric_hook_bd_i/axi_traffic_gen_1/inst/ATG_MODE_AXI_BASIC_FULL.basic_n_full_top/cmd_blk/cmdram_regslice_w/datapath_reg[1][13]/Q and Electric_hook_bd_i/axi_traffic_gen_1/inst/ATG_MODE_AXI_BASIC_FULL.basic_n_full_top/cmd_blk/cmdram_regslice_w/datapath_reg[0][13]/D with a direct connection and the CE pins connected to VCC (see constraint position 3 in the Timing Constraint window in Vivado IDE).  This may result in an inaccurate path requirement.
Related violations: <none>

TIMING-46#129 Warning
Multicycle path with tied CE pins  
One or more multicycle paths are defined between registers Electric_hook_bd_i/axi_traffic_gen_1/inst/ATG_MODE_AXI_BASIC_FULL.basic_n_full_top/cmd_blk/cmdram_regslice_w/datapath_reg[1][14]/Q and Electric_hook_bd_i/axi_traffic_gen_1/inst/ATG_MODE_AXI_BASIC_FULL.basic_n_full_top/cmd_blk/cmdram_regslice_w/datapath_reg[0][14]/D with a direct connection and the CE pins connected to VCC (see constraint position 3 in the Timing Constraint window in Vivado IDE).  This may result in an inaccurate path requirement.
Related violations: <none>

TIMING-46#130 Warning
Multicycle path with tied CE pins  
One or more multicycle paths are defined between registers Electric_hook_bd_i/axi_traffic_gen_1/inst/ATG_MODE_AXI_BASIC_FULL.basic_n_full_top/cmd_blk/cmdram_regslice_w/datapath_reg[1][15]/Q and Electric_hook_bd_i/axi_traffic_gen_1/inst/ATG_MODE_AXI_BASIC_FULL.basic_n_full_top/cmd_blk/cmdram_regslice_w/datapath_reg[0][15]/D with a direct connection and the CE pins connected to VCC (see constraint position 3 in the Timing Constraint window in Vivado IDE).  This may result in an inaccurate path requirement.
Related violations: <none>

TIMING-46#131 Warning
Multicycle path with tied CE pins  
One or more multicycle paths are defined between registers Electric_hook_bd_i/axi_traffic_gen_1/inst/ATG_MODE_AXI_BASIC_FULL.basic_n_full_top/cmd_blk/cmdram_regslice_w/datapath_reg[1][16]/Q and Electric_hook_bd_i/axi_traffic_gen_1/inst/ATG_MODE_AXI_BASIC_FULL.basic_n_full_top/cmd_blk/cmdram_regslice_w/datapath_reg[0][16]/D with a direct connection and the CE pins connected to VCC (see constraint position 3 in the Timing Constraint window in Vivado IDE).  This may result in an inaccurate path requirement.
Related violations: <none>

TIMING-46#132 Warning
Multicycle path with tied CE pins  
One or more multicycle paths are defined between registers Electric_hook_bd_i/axi_traffic_gen_1/inst/ATG_MODE_AXI_BASIC_FULL.basic_n_full_top/cmd_blk/cmdram_regslice_w/datapath_reg[1][17]/Q and Electric_hook_bd_i/axi_traffic_gen_1/inst/ATG_MODE_AXI_BASIC_FULL.basic_n_full_top/cmd_blk/cmdram_regslice_w/datapath_reg[0][17]/D with a direct connection and the CE pins connected to VCC (see constraint position 3 in the Timing Constraint window in Vivado IDE).  This may result in an inaccurate path requirement.
Related violations: <none>

TIMING-46#133 Warning
Multicycle path with tied CE pins  
One or more multicycle paths are defined between registers Electric_hook_bd_i/axi_traffic_gen_1/inst/ATG_MODE_AXI_BASIC_FULL.basic_n_full_top/cmd_blk/cmdram_regslice_w/datapath_reg[1][18]/Q and Electric_hook_bd_i/axi_traffic_gen_1/inst/ATG_MODE_AXI_BASIC_FULL.basic_n_full_top/cmd_blk/cmdram_regslice_w/datapath_reg[0][18]/D with a direct connection and the CE pins connected to VCC (see constraint position 3 in the Timing Constraint window in Vivado IDE).  This may result in an inaccurate path requirement.
Related violations: <none>

TIMING-46#134 Warning
Multicycle path with tied CE pins  
One or more multicycle paths are defined between registers Electric_hook_bd_i/axi_traffic_gen_1/inst/ATG_MODE_AXI_BASIC_FULL.basic_n_full_top/cmd_blk/cmdram_regslice_w/datapath_reg[1][19]/Q and Electric_hook_bd_i/axi_traffic_gen_1/inst/ATG_MODE_AXI_BASIC_FULL.basic_n_full_top/cmd_blk/cmdram_regslice_w/datapath_reg[0][19]/D with a direct connection and the CE pins connected to VCC (see constraint position 3 in the Timing Constraint window in Vivado IDE).  This may result in an inaccurate path requirement.
Related violations: <none>

TIMING-46#135 Warning
Multicycle path with tied CE pins  
One or more multicycle paths are defined between registers Electric_hook_bd_i/axi_traffic_gen_1/inst/ATG_MODE_AXI_BASIC_FULL.basic_n_full_top/cmd_blk/cmdram_regslice_w/datapath_reg[1][1]/Q and Electric_hook_bd_i/axi_traffic_gen_1/inst/ATG_MODE_AXI_BASIC_FULL.basic_n_full_top/ATG_PARARAM_INST_YES.paramram_blk/PARAMRAM_WR_ADVANCED_400_OFF.rand_base_chkw_t_ff_reg[1]/D with a direct connection and the CE pins connected to VCC (see constraint position 3 in the Timing Constraint window in Vivado IDE).  This may result in an inaccurate path requirement.
Related violations: <none>

TIMING-46#136 Warning
Multicycle path with tied CE pins  
One or more multicycle paths are defined between registers Electric_hook_bd_i/axi_traffic_gen_1/inst/ATG_MODE_AXI_BASIC_FULL.basic_n_full_top/cmd_blk/cmdram_regslice_w/datapath_reg[1][1]/Q and Electric_hook_bd_i/axi_traffic_gen_1/inst/ATG_MODE_AXI_BASIC_FULL.basic_n_full_top/cmd_blk/cmdram_regslice_w/datapath_reg[0][1]/D with a direct connection and the CE pins connected to VCC (see constraint position 3 in the Timing Constraint window in Vivado IDE).  This may result in an inaccurate path requirement.
Related violations: <none>

TIMING-46#137 Warning
Multicycle path with tied CE pins  
One or more multicycle paths are defined between registers Electric_hook_bd_i/axi_traffic_gen_1/inst/ATG_MODE_AXI_BASIC_FULL.basic_n_full_top/cmd_blk/cmdram_regslice_w/datapath_reg[1][20]/Q and Electric_hook_bd_i/axi_traffic_gen_1/inst/ATG_MODE_AXI_BASIC_FULL.basic_n_full_top/cmd_blk/cmdram_regslice_w/datapath_reg[0][20]/D with a direct connection and the CE pins connected to VCC (see constraint position 3 in the Timing Constraint window in Vivado IDE).  This may result in an inaccurate path requirement.
Related violations: <none>

TIMING-46#138 Warning
Multicycle path with tied CE pins  
One or more multicycle paths are defined between registers Electric_hook_bd_i/axi_traffic_gen_1/inst/ATG_MODE_AXI_BASIC_FULL.basic_n_full_top/cmd_blk/cmdram_regslice_w/datapath_reg[1][21]/Q and Electric_hook_bd_i/axi_traffic_gen_1/inst/ATG_MODE_AXI_BASIC_FULL.basic_n_full_top/cmd_blk/cmdram_regslice_w/datapath_reg[0][21]/D with a direct connection and the CE pins connected to VCC (see constraint position 3 in the Timing Constraint window in Vivado IDE).  This may result in an inaccurate path requirement.
Related violations: <none>

TIMING-46#139 Warning
Multicycle path with tied CE pins  
One or more multicycle paths are defined between registers Electric_hook_bd_i/axi_traffic_gen_1/inst/ATG_MODE_AXI_BASIC_FULL.basic_n_full_top/cmd_blk/cmdram_regslice_w/datapath_reg[1][22]/Q and Electric_hook_bd_i/axi_traffic_gen_1/inst/ATG_MODE_AXI_BASIC_FULL.basic_n_full_top/cmd_blk/cmdram_regslice_w/datapath_reg[0][22]/D with a direct connection and the CE pins connected to VCC (see constraint position 3 in the Timing Constraint window in Vivado IDE).  This may result in an inaccurate path requirement.
Related violations: <none>

TIMING-46#140 Warning
Multicycle path with tied CE pins  
One or more multicycle paths are defined between registers Electric_hook_bd_i/axi_traffic_gen_1/inst/ATG_MODE_AXI_BASIC_FULL.basic_n_full_top/cmd_blk/cmdram_regslice_w/datapath_reg[1][23]/Q and Electric_hook_bd_i/axi_traffic_gen_1/inst/ATG_MODE_AXI_BASIC_FULL.basic_n_full_top/cmd_blk/cmdram_regslice_w/datapath_reg[0][23]/D with a direct connection and the CE pins connected to VCC (see constraint position 3 in the Timing Constraint window in Vivado IDE).  This may result in an inaccurate path requirement.
Related violations: <none>

TIMING-46#141 Warning
Multicycle path with tied CE pins  
One or more multicycle paths are defined between registers Electric_hook_bd_i/axi_traffic_gen_1/inst/ATG_MODE_AXI_BASIC_FULL.basic_n_full_top/cmd_blk/cmdram_regslice_w/datapath_reg[1][24]/Q and Electric_hook_bd_i/axi_traffic_gen_1/inst/ATG_MODE_AXI_BASIC_FULL.basic_n_full_top/cmd_blk/cmdram_regslice_w/datapath_reg[0][24]/D with a direct connection and the CE pins connected to VCC (see constraint position 3 in the Timing Constraint window in Vivado IDE).  This may result in an inaccurate path requirement.
Related violations: <none>

TIMING-46#142 Warning
Multicycle path with tied CE pins  
One or more multicycle paths are defined between registers Electric_hook_bd_i/axi_traffic_gen_1/inst/ATG_MODE_AXI_BASIC_FULL.basic_n_full_top/cmd_blk/cmdram_regslice_w/datapath_reg[1][25]/Q and Electric_hook_bd_i/axi_traffic_gen_1/inst/ATG_MODE_AXI_BASIC_FULL.basic_n_full_top/cmd_blk/cmdram_regslice_w/datapath_reg[0][25]/D with a direct connection and the CE pins connected to VCC (see constraint position 3 in the Timing Constraint window in Vivado IDE).  This may result in an inaccurate path requirement.
Related violations: <none>

TIMING-46#143 Warning
Multicycle path with tied CE pins  
One or more multicycle paths are defined between registers Electric_hook_bd_i/axi_traffic_gen_1/inst/ATG_MODE_AXI_BASIC_FULL.basic_n_full_top/cmd_blk/cmdram_regslice_w/datapath_reg[1][26]/Q and Electric_hook_bd_i/axi_traffic_gen_1/inst/ATG_MODE_AXI_BASIC_FULL.basic_n_full_top/cmd_blk/cmdram_regslice_w/datapath_reg[0][26]/D with a direct connection and the CE pins connected to VCC (see constraint position 3 in the Timing Constraint window in Vivado IDE).  This may result in an inaccurate path requirement.
Related violations: <none>

TIMING-46#144 Warning
Multicycle path with tied CE pins  
One or more multicycle paths are defined between registers Electric_hook_bd_i/axi_traffic_gen_1/inst/ATG_MODE_AXI_BASIC_FULL.basic_n_full_top/cmd_blk/cmdram_regslice_w/datapath_reg[1][27]/Q and Electric_hook_bd_i/axi_traffic_gen_1/inst/ATG_MODE_AXI_BASIC_FULL.basic_n_full_top/cmd_blk/cmdram_regslice_w/datapath_reg[0][27]/D with a direct connection and the CE pins connected to VCC (see constraint position 3 in the Timing Constraint window in Vivado IDE).  This may result in an inaccurate path requirement.
Related violations: <none>

TIMING-46#145 Warning
Multicycle path with tied CE pins  
One or more multicycle paths are defined between registers Electric_hook_bd_i/axi_traffic_gen_1/inst/ATG_MODE_AXI_BASIC_FULL.basic_n_full_top/cmd_blk/cmdram_regslice_w/datapath_reg[1][28]/Q and Electric_hook_bd_i/axi_traffic_gen_1/inst/ATG_MODE_AXI_BASIC_FULL.basic_n_full_top/cmd_blk/cmdram_regslice_w/datapath_reg[0][28]/D with a direct connection and the CE pins connected to VCC (see constraint position 3 in the Timing Constraint window in Vivado IDE).  This may result in an inaccurate path requirement.
Related violations: <none>

TIMING-46#146 Warning
Multicycle path with tied CE pins  
One or more multicycle paths are defined between registers Electric_hook_bd_i/axi_traffic_gen_1/inst/ATG_MODE_AXI_BASIC_FULL.basic_n_full_top/cmd_blk/cmdram_regslice_w/datapath_reg[1][29]/Q and Electric_hook_bd_i/axi_traffic_gen_1/inst/ATG_MODE_AXI_BASIC_FULL.basic_n_full_top/cmd_blk/cmdram_regslice_w/datapath_reg[0][29]/D with a direct connection and the CE pins connected to VCC (see constraint position 3 in the Timing Constraint window in Vivado IDE).  This may result in an inaccurate path requirement.
Related violations: <none>

TIMING-46#147 Warning
Multicycle path with tied CE pins  
One or more multicycle paths are defined between registers Electric_hook_bd_i/axi_traffic_gen_1/inst/ATG_MODE_AXI_BASIC_FULL.basic_n_full_top/cmd_blk/cmdram_regslice_w/datapath_reg[1][2]/Q and Electric_hook_bd_i/axi_traffic_gen_1/inst/ATG_MODE_AXI_BASIC_FULL.basic_n_full_top/cmd_blk/cmdram_regslice_w/datapath_reg[0][2]/D with a direct connection and the CE pins connected to VCC (see constraint position 3 in the Timing Constraint window in Vivado IDE).  This may result in an inaccurate path requirement.
Related violations: <none>

TIMING-46#148 Warning
Multicycle path with tied CE pins  
One or more multicycle paths are defined between registers Electric_hook_bd_i/axi_traffic_gen_1/inst/ATG_MODE_AXI_BASIC_FULL.basic_n_full_top/cmd_blk/cmdram_regslice_w/datapath_reg[1][30]/Q and Electric_hook_bd_i/axi_traffic_gen_1/inst/ATG_MODE_AXI_BASIC_FULL.basic_n_full_top/cmd_blk/cmdram_regslice_w/datapath_reg[0][30]/D with a direct connection and the CE pins connected to VCC (see constraint position 3 in the Timing Constraint window in Vivado IDE).  This may result in an inaccurate path requirement.
Related violations: <none>

TIMING-46#149 Warning
Multicycle path with tied CE pins  
One or more multicycle paths are defined between registers Electric_hook_bd_i/axi_traffic_gen_1/inst/ATG_MODE_AXI_BASIC_FULL.basic_n_full_top/cmd_blk/cmdram_regslice_w/datapath_reg[1][31]/Q and Electric_hook_bd_i/axi_traffic_gen_1/inst/ATG_MODE_AXI_BASIC_FULL.basic_n_full_top/cmd_blk/cmdram_regslice_w/datapath_reg[0][31]/D with a direct connection and the CE pins connected to VCC (see constraint position 3 in the Timing Constraint window in Vivado IDE).  This may result in an inaccurate path requirement.
Related violations: <none>

TIMING-46#150 Warning
Multicycle path with tied CE pins  
One or more multicycle paths are defined between registers Electric_hook_bd_i/axi_traffic_gen_1/inst/ATG_MODE_AXI_BASIC_FULL.basic_n_full_top/cmd_blk/cmdram_regslice_w/datapath_reg[1][32]/Q and Electric_hook_bd_i/axi_traffic_gen_1/inst/ATG_MODE_AXI_BASIC_FULL.basic_n_full_top/ATG_PARARAM_INST_YES.paramram_blk/PARAMRAM_ON_3.cmd_out_mw_reg[32]/D with a direct connection and the CE pins connected to VCC (see constraint position 3 in the Timing Constraint window in Vivado IDE).  This may result in an inaccurate path requirement.
Related violations: <none>

TIMING-46#151 Warning
Multicycle path with tied CE pins  
One or more multicycle paths are defined between registers Electric_hook_bd_i/axi_traffic_gen_1/inst/ATG_MODE_AXI_BASIC_FULL.basic_n_full_top/cmd_blk/cmdram_regslice_w/datapath_reg[1][33]/Q and Electric_hook_bd_i/axi_traffic_gen_1/inst/ATG_MODE_AXI_BASIC_FULL.basic_n_full_top/ATG_PARARAM_INST_YES.paramram_blk/PARAMRAM_ON_3.cmd_out_mw_reg[33]/D with a direct connection and the CE pins connected to VCC (see constraint position 3 in the Timing Constraint window in Vivado IDE).  This may result in an inaccurate path requirement.
Related violations: <none>

TIMING-46#152 Warning
Multicycle path with tied CE pins  
One or more multicycle paths are defined between registers Electric_hook_bd_i/axi_traffic_gen_1/inst/ATG_MODE_AXI_BASIC_FULL.basic_n_full_top/cmd_blk/cmdram_regslice_w/datapath_reg[1][34]/Q and Electric_hook_bd_i/axi_traffic_gen_1/inst/ATG_MODE_AXI_BASIC_FULL.basic_n_full_top/ATG_PARARAM_INST_YES.paramram_blk/PARAMRAM_ON_3.cmd_out_mw_reg[34]/D with a direct connection and the CE pins connected to VCC (see constraint position 3 in the Timing Constraint window in Vivado IDE).  This may result in an inaccurate path requirement.
Related violations: <none>

TIMING-46#153 Warning
Multicycle path with tied CE pins  
One or more multicycle paths are defined between registers Electric_hook_bd_i/axi_traffic_gen_1/inst/ATG_MODE_AXI_BASIC_FULL.basic_n_full_top/cmd_blk/cmdram_regslice_w/datapath_reg[1][35]/Q and Electric_hook_bd_i/axi_traffic_gen_1/inst/ATG_MODE_AXI_BASIC_FULL.basic_n_full_top/ATG_PARARAM_INST_YES.paramram_blk/PARAMRAM_ON_3.cmd_out_mw_reg[35]/D with a direct connection and the CE pins connected to VCC (see constraint position 3 in the Timing Constraint window in Vivado IDE).  This may result in an inaccurate path requirement.
Related violations: <none>

TIMING-46#154 Warning
Multicycle path with tied CE pins  
One or more multicycle paths are defined between registers Electric_hook_bd_i/axi_traffic_gen_1/inst/ATG_MODE_AXI_BASIC_FULL.basic_n_full_top/cmd_blk/cmdram_regslice_w/datapath_reg[1][36]/Q and Electric_hook_bd_i/axi_traffic_gen_1/inst/ATG_MODE_AXI_BASIC_FULL.basic_n_full_top/ATG_PARARAM_INST_YES.paramram_blk/PARAMRAM_ON_3.cmd_out_mw_reg[36]/D with a direct connection and the CE pins connected to VCC (see constraint position 3 in the Timing Constraint window in Vivado IDE).  This may result in an inaccurate path requirement.
Related violations: <none>

TIMING-46#155 Warning
Multicycle path with tied CE pins  
One or more multicycle paths are defined between registers Electric_hook_bd_i/axi_traffic_gen_1/inst/ATG_MODE_AXI_BASIC_FULL.basic_n_full_top/cmd_blk/cmdram_regslice_w/datapath_reg[1][37]/Q and Electric_hook_bd_i/axi_traffic_gen_1/inst/ATG_MODE_AXI_BASIC_FULL.basic_n_full_top/ATG_PARARAM_INST_YES.paramram_blk/PARAMRAM_ON_3.cmd_out_mw_reg[37]/D with a direct connection and the CE pins connected to VCC (see constraint position 3 in the Timing Constraint window in Vivado IDE).  This may result in an inaccurate path requirement.
Related violations: <none>

TIMING-46#156 Warning
Multicycle path with tied CE pins  
One or more multicycle paths are defined between registers Electric_hook_bd_i/axi_traffic_gen_1/inst/ATG_MODE_AXI_BASIC_FULL.basic_n_full_top/cmd_blk/cmdram_regslice_w/datapath_reg[1][38]/Q and Electric_hook_bd_i/axi_traffic_gen_1/inst/ATG_MODE_AXI_BASIC_FULL.basic_n_full_top/ATG_PARARAM_INST_YES.paramram_blk/PARAMRAM_ON_3.cmd_out_mw_reg[38]/D with a direct connection and the CE pins connected to VCC (see constraint position 3 in the Timing Constraint window in Vivado IDE).  This may result in an inaccurate path requirement.
Related violations: <none>

TIMING-46#157 Warning
Multicycle path with tied CE pins  
One or more multicycle paths are defined between registers Electric_hook_bd_i/axi_traffic_gen_1/inst/ATG_MODE_AXI_BASIC_FULL.basic_n_full_top/cmd_blk/cmdram_regslice_w/datapath_reg[1][39]/Q and Electric_hook_bd_i/axi_traffic_gen_1/inst/ATG_MODE_AXI_BASIC_FULL.basic_n_full_top/ATG_PARARAM_INST_YES.paramram_blk/PARAMRAM_ON_3.cmd_out_mw_reg[39]/D with a direct connection and the CE pins connected to VCC (see constraint position 3 in the Timing Constraint window in Vivado IDE).  This may result in an inaccurate path requirement.
Related violations: <none>

TIMING-46#158 Warning
Multicycle path with tied CE pins  
One or more multicycle paths are defined between registers Electric_hook_bd_i/axi_traffic_gen_1/inst/ATG_MODE_AXI_BASIC_FULL.basic_n_full_top/cmd_blk/cmdram_regslice_w/datapath_reg[1][3]/Q and Electric_hook_bd_i/axi_traffic_gen_1/inst/ATG_MODE_AXI_BASIC_FULL.basic_n_full_top/cmd_blk/cmdram_regslice_w/datapath_reg[0][3]/D with a direct connection and the CE pins connected to VCC (see constraint position 3 in the Timing Constraint window in Vivado IDE).  This may result in an inaccurate path requirement.
Related violations: <none>

TIMING-46#159 Warning
Multicycle path with tied CE pins  
One or more multicycle paths are defined between registers Electric_hook_bd_i/axi_traffic_gen_1/inst/ATG_MODE_AXI_BASIC_FULL.basic_n_full_top/cmd_blk/cmdram_regslice_w/datapath_reg[1][40]/Q and Electric_hook_bd_i/axi_traffic_gen_1/inst/ATG_MODE_AXI_BASIC_FULL.basic_n_full_top/ATG_PARARAM_INST_YES.paramram_blk/PARAMRAM_ON_3.cmd_out_mw_reg[40]/D with a direct connection and the CE pins connected to VCC (see constraint position 3 in the Timing Constraint window in Vivado IDE).  This may result in an inaccurate path requirement.
Related violations: <none>

TIMING-46#160 Warning
Multicycle path with tied CE pins  
One or more multicycle paths are defined between registers Electric_hook_bd_i/axi_traffic_gen_1/inst/ATG_MODE_AXI_BASIC_FULL.basic_n_full_top/cmd_blk/cmdram_regslice_w/datapath_reg[1][41]/Q and Electric_hook_bd_i/axi_traffic_gen_1/inst/ATG_MODE_AXI_BASIC_FULL.basic_n_full_top/ATG_PARARAM_INST_YES.paramram_blk/PARAMRAM_ON_3.cmd_out_mw_reg[41]/D with a direct connection and the CE pins connected to VCC (see constraint position 3 in the Timing Constraint window in Vivado IDE).  This may result in an inaccurate path requirement.
Related violations: <none>

TIMING-46#161 Warning
Multicycle path with tied CE pins  
One or more multicycle paths are defined between registers Electric_hook_bd_i/axi_traffic_gen_1/inst/ATG_MODE_AXI_BASIC_FULL.basic_n_full_top/cmd_blk/cmdram_regslice_w/datapath_reg[1][42]/Q and Electric_hook_bd_i/axi_traffic_gen_1/inst/ATG_MODE_AXI_BASIC_FULL.basic_n_full_top/ATG_PARARAM_INST_YES.paramram_blk/PARAMRAM_ON_3.cmd_out_mw_reg[42]/D with a direct connection and the CE pins connected to VCC (see constraint position 3 in the Timing Constraint window in Vivado IDE).  This may result in an inaccurate path requirement.
Related violations: <none>

TIMING-46#162 Warning
Multicycle path with tied CE pins  
One or more multicycle paths are defined between registers Electric_hook_bd_i/axi_traffic_gen_1/inst/ATG_MODE_AXI_BASIC_FULL.basic_n_full_top/cmd_blk/cmdram_regslice_w/datapath_reg[1][43]/Q and Electric_hook_bd_i/axi_traffic_gen_1/inst/ATG_MODE_AXI_BASIC_FULL.basic_n_full_top/ATG_PARARAM_INST_YES.paramram_blk/PARAMRAM_ON_3.cmd_out_mw_reg[43]/D with a direct connection and the CE pins connected to VCC (see constraint position 3 in the Timing Constraint window in Vivado IDE).  This may result in an inaccurate path requirement.
Related violations: <none>

TIMING-46#163 Warning
Multicycle path with tied CE pins  
One or more multicycle paths are defined between registers Electric_hook_bd_i/axi_traffic_gen_1/inst/ATG_MODE_AXI_BASIC_FULL.basic_n_full_top/cmd_blk/cmdram_regslice_w/datapath_reg[1][44]/Q and Electric_hook_bd_i/axi_traffic_gen_1/inst/ATG_MODE_AXI_BASIC_FULL.basic_n_full_top/ATG_PARARAM_INST_YES.paramram_blk/PARAMRAM_ON_3.cmd_out_mw_reg[44]/D with a direct connection and the CE pins connected to VCC (see constraint position 3 in the Timing Constraint window in Vivado IDE).  This may result in an inaccurate path requirement.
Related violations: <none>

TIMING-46#164 Warning
Multicycle path with tied CE pins  
One or more multicycle paths are defined between registers Electric_hook_bd_i/axi_traffic_gen_1/inst/ATG_MODE_AXI_BASIC_FULL.basic_n_full_top/cmd_blk/cmdram_regslice_w/datapath_reg[1][45]/Q and Electric_hook_bd_i/axi_traffic_gen_1/inst/ATG_MODE_AXI_BASIC_FULL.basic_n_full_top/ATG_PARARAM_INST_YES.paramram_blk/PARAMRAM_ON_3.cmd_out_mw_reg[45]/D with a direct connection and the CE pins connected to VCC (see constraint position 3 in the Timing Constraint window in Vivado IDE).  This may result in an inaccurate path requirement.
Related violations: <none>

TIMING-46#165 Warning
Multicycle path with tied CE pins  
One or more multicycle paths are defined between registers Electric_hook_bd_i/axi_traffic_gen_1/inst/ATG_MODE_AXI_BASIC_FULL.basic_n_full_top/cmd_blk/cmdram_regslice_w/datapath_reg[1][46]/Q and Electric_hook_bd_i/axi_traffic_gen_1/inst/ATG_MODE_AXI_BASIC_FULL.basic_n_full_top/ATG_PARARAM_INST_YES.paramram_blk/PARAMRAM_ON_3.cmd_out_mw_reg[46]/D with a direct connection and the CE pins connected to VCC (see constraint position 3 in the Timing Constraint window in Vivado IDE).  This may result in an inaccurate path requirement.
Related violations: <none>

TIMING-46#166 Warning
Multicycle path with tied CE pins  
One or more multicycle paths are defined between registers Electric_hook_bd_i/axi_traffic_gen_1/inst/ATG_MODE_AXI_BASIC_FULL.basic_n_full_top/cmd_blk/cmdram_regslice_w/datapath_reg[1][47]/Q and Electric_hook_bd_i/axi_traffic_gen_1/inst/ATG_MODE_AXI_BASIC_FULL.basic_n_full_top/ATG_PARARAM_INST_YES.paramram_blk/PARAMRAM_ON_3.cmd_out_mw_reg[47]/D with a direct connection and the CE pins connected to VCC (see constraint position 3 in the Timing Constraint window in Vivado IDE).  This may result in an inaccurate path requirement.
Related violations: <none>

TIMING-46#167 Warning
Multicycle path with tied CE pins  
One or more multicycle paths are defined between registers Electric_hook_bd_i/axi_traffic_gen_1/inst/ATG_MODE_AXI_BASIC_FULL.basic_n_full_top/cmd_blk/cmdram_regslice_w/datapath_reg[1][48]/Q and Electric_hook_bd_i/axi_traffic_gen_1/inst/ATG_MODE_AXI_BASIC_FULL.basic_n_full_top/ATG_PARARAM_INST_YES.paramram_blk/PARAMRAM_ON_3.cmd_out_mw_reg[48]/D with a direct connection and the CE pins connected to VCC (see constraint position 3 in the Timing Constraint window in Vivado IDE).  This may result in an inaccurate path requirement.
Related violations: <none>

TIMING-46#168 Warning
Multicycle path with tied CE pins  
One or more multicycle paths are defined between registers Electric_hook_bd_i/axi_traffic_gen_1/inst/ATG_MODE_AXI_BASIC_FULL.basic_n_full_top/cmd_blk/cmdram_regslice_w/datapath_reg[1][49]/Q and Electric_hook_bd_i/axi_traffic_gen_1/inst/ATG_MODE_AXI_BASIC_FULL.basic_n_full_top/ATG_PARARAM_INST_YES.paramram_blk/PARAMRAM_ON_3.cmd_out_mw_reg[49]/D with a direct connection and the CE pins connected to VCC (see constraint position 3 in the Timing Constraint window in Vivado IDE).  This may result in an inaccurate path requirement.
Related violations: <none>

TIMING-46#169 Warning
Multicycle path with tied CE pins  
One or more multicycle paths are defined between registers Electric_hook_bd_i/axi_traffic_gen_1/inst/ATG_MODE_AXI_BASIC_FULL.basic_n_full_top/cmd_blk/cmdram_regslice_w/datapath_reg[1][4]/Q and Electric_hook_bd_i/axi_traffic_gen_1/inst/ATG_MODE_AXI_BASIC_FULL.basic_n_full_top/cmd_blk/cmdram_regslice_w/datapath_reg[0][4]/D with a direct connection and the CE pins connected to VCC (see constraint position 3 in the Timing Constraint window in Vivado IDE).  This may result in an inaccurate path requirement.
Related violations: <none>

TIMING-46#170 Warning
Multicycle path with tied CE pins  
One or more multicycle paths are defined between registers Electric_hook_bd_i/axi_traffic_gen_1/inst/ATG_MODE_AXI_BASIC_FULL.basic_n_full_top/cmd_blk/cmdram_regslice_w/datapath_reg[1][50]/Q and Electric_hook_bd_i/axi_traffic_gen_1/inst/ATG_MODE_AXI_BASIC_FULL.basic_n_full_top/ATG_PARARAM_INST_YES.paramram_blk/PARAMRAM_ON_3.cmd_out_mw_reg[50]/D with a direct connection and the CE pins connected to VCC (see constraint position 3 in the Timing Constraint window in Vivado IDE).  This may result in an inaccurate path requirement.
Related violations: <none>

TIMING-46#171 Warning
Multicycle path with tied CE pins  
One or more multicycle paths are defined between registers Electric_hook_bd_i/axi_traffic_gen_1/inst/ATG_MODE_AXI_BASIC_FULL.basic_n_full_top/cmd_blk/cmdram_regslice_w/datapath_reg[1][51]/Q and Electric_hook_bd_i/axi_traffic_gen_1/inst/ATG_MODE_AXI_BASIC_FULL.basic_n_full_top/ATG_PARARAM_INST_YES.paramram_blk/PARAMRAM_ON_3.cmd_out_mw_reg[51]/D with a direct connection and the CE pins connected to VCC (see constraint position 3 in the Timing Constraint window in Vivado IDE).  This may result in an inaccurate path requirement.
Related violations: <none>

TIMING-46#172 Warning
Multicycle path with tied CE pins  
One or more multicycle paths are defined between registers Electric_hook_bd_i/axi_traffic_gen_1/inst/ATG_MODE_AXI_BASIC_FULL.basic_n_full_top/cmd_blk/cmdram_regslice_w/datapath_reg[1][52]/Q and Electric_hook_bd_i/axi_traffic_gen_1/inst/ATG_MODE_AXI_BASIC_FULL.basic_n_full_top/ATG_PARARAM_INST_YES.paramram_blk/PARAMRAM_ON_3.cmd_out_mw_reg[52]/D with a direct connection and the CE pins connected to VCC (see constraint position 3 in the Timing Constraint window in Vivado IDE).  This may result in an inaccurate path requirement.
Related violations: <none>

TIMING-46#173 Warning
Multicycle path with tied CE pins  
One or more multicycle paths are defined between registers Electric_hook_bd_i/axi_traffic_gen_1/inst/ATG_MODE_AXI_BASIC_FULL.basic_n_full_top/cmd_blk/cmdram_regslice_w/datapath_reg[1][53]/Q and Electric_hook_bd_i/axi_traffic_gen_1/inst/ATG_MODE_AXI_BASIC_FULL.basic_n_full_top/ATG_PARARAM_INST_YES.paramram_blk/PARAMRAM_ON_3.cmd_out_mw_reg[53]/D with a direct connection and the CE pins connected to VCC (see constraint position 3 in the Timing Constraint window in Vivado IDE).  This may result in an inaccurate path requirement.
Related violations: <none>

TIMING-46#174 Warning
Multicycle path with tied CE pins  
One or more multicycle paths are defined between registers Electric_hook_bd_i/axi_traffic_gen_1/inst/ATG_MODE_AXI_BASIC_FULL.basic_n_full_top/cmd_blk/cmdram_regslice_w/datapath_reg[1][56]/Q and Electric_hook_bd_i/axi_traffic_gen_1/inst/ATG_MODE_AXI_BASIC_FULL.basic_n_full_top/ATG_PARARAM_INST_YES.paramram_blk/PARAMRAM_ON_3.cmd_out_mw_reg[56]/D with a direct connection and the CE pins connected to VCC (see constraint position 3 in the Timing Constraint window in Vivado IDE).  This may result in an inaccurate path requirement.
Related violations: <none>

TIMING-46#175 Warning
Multicycle path with tied CE pins  
One or more multicycle paths are defined between registers Electric_hook_bd_i/axi_traffic_gen_1/inst/ATG_MODE_AXI_BASIC_FULL.basic_n_full_top/cmd_blk/cmdram_regslice_w/datapath_reg[1][57]/Q and Electric_hook_bd_i/axi_traffic_gen_1/inst/ATG_MODE_AXI_BASIC_FULL.basic_n_full_top/ATG_PARARAM_INST_YES.paramram_blk/PARAMRAM_ON_3.cmd_out_mw_reg[57]/D with a direct connection and the CE pins connected to VCC (see constraint position 3 in the Timing Constraint window in Vivado IDE).  This may result in an inaccurate path requirement.
Related violations: <none>

TIMING-46#176 Warning
Multicycle path with tied CE pins  
One or more multicycle paths are defined between registers Electric_hook_bd_i/axi_traffic_gen_1/inst/ATG_MODE_AXI_BASIC_FULL.basic_n_full_top/cmd_blk/cmdram_regslice_w/datapath_reg[1][58]/Q and Electric_hook_bd_i/axi_traffic_gen_1/inst/ATG_MODE_AXI_BASIC_FULL.basic_n_full_top/ATG_PARARAM_INST_YES.paramram_blk/PARAMRAM_ON_3.cmd_out_mw_reg[58]/D with a direct connection and the CE pins connected to VCC (see constraint position 3 in the Timing Constraint window in Vivado IDE).  This may result in an inaccurate path requirement.
Related violations: <none>

TIMING-46#177 Warning
Multicycle path with tied CE pins  
One or more multicycle paths are defined between registers Electric_hook_bd_i/axi_traffic_gen_1/inst/ATG_MODE_AXI_BASIC_FULL.basic_n_full_top/cmd_blk/cmdram_regslice_w/datapath_reg[1][59]/Q and Electric_hook_bd_i/axi_traffic_gen_1/inst/ATG_MODE_AXI_BASIC_FULL.basic_n_full_top/ATG_PARARAM_INST_YES.paramram_blk/PARAMRAM_ON_3.cmd_out_mw_reg[59]/D with a direct connection and the CE pins connected to VCC (see constraint position 3 in the Timing Constraint window in Vivado IDE).  This may result in an inaccurate path requirement.
Related violations: <none>

TIMING-46#178 Warning
Multicycle path with tied CE pins  
One or more multicycle paths are defined between registers Electric_hook_bd_i/axi_traffic_gen_1/inst/ATG_MODE_AXI_BASIC_FULL.basic_n_full_top/cmd_blk/cmdram_regslice_w/datapath_reg[1][5]/Q and Electric_hook_bd_i/axi_traffic_gen_1/inst/ATG_MODE_AXI_BASIC_FULL.basic_n_full_top/cmd_blk/cmdram_regslice_w/datapath_reg[0][5]/D with a direct connection and the CE pins connected to VCC (see constraint position 3 in the Timing Constraint window in Vivado IDE).  This may result in an inaccurate path requirement.
Related violations: <none>

TIMING-46#179 Warning
Multicycle path with tied CE pins  
One or more multicycle paths are defined between registers Electric_hook_bd_i/axi_traffic_gen_1/inst/ATG_MODE_AXI_BASIC_FULL.basic_n_full_top/cmd_blk/cmdram_regslice_w/datapath_reg[1][60]/Q and Electric_hook_bd_i/axi_traffic_gen_1/inst/ATG_MODE_AXI_BASIC_FULL.basic_n_full_top/ATG_PARARAM_INST_YES.paramram_blk/PARAMRAM_ON_3.cmd_out_mw_reg[60]/D with a direct connection and the CE pins connected to VCC (see constraint position 3 in the Timing Constraint window in Vivado IDE).  This may result in an inaccurate path requirement.
Related violations: <none>

TIMING-46#180 Warning
Multicycle path with tied CE pins  
One or more multicycle paths are defined between registers Electric_hook_bd_i/axi_traffic_gen_1/inst/ATG_MODE_AXI_BASIC_FULL.basic_n_full_top/cmd_blk/cmdram_regslice_w/datapath_reg[1][61]/Q and Electric_hook_bd_i/axi_traffic_gen_1/inst/ATG_MODE_AXI_BASIC_FULL.basic_n_full_top/ATG_PARARAM_INST_YES.paramram_blk/PARAMRAM_ON_3.cmd_out_mw_reg[61]/D with a direct connection and the CE pins connected to VCC (see constraint position 3 in the Timing Constraint window in Vivado IDE).  This may result in an inaccurate path requirement.
Related violations: <none>

TIMING-46#181 Warning
Multicycle path with tied CE pins  
One or more multicycle paths are defined between registers Electric_hook_bd_i/axi_traffic_gen_1/inst/ATG_MODE_AXI_BASIC_FULL.basic_n_full_top/cmd_blk/cmdram_regslice_w/datapath_reg[1][62]/Q and Electric_hook_bd_i/axi_traffic_gen_1/inst/ATG_MODE_AXI_BASIC_FULL.basic_n_full_top/ATG_PARARAM_INST_YES.paramram_blk/PARAMRAM_ON_3.cmd_out_mw_reg[62]/D with a direct connection and the CE pins connected to VCC (see constraint position 3 in the Timing Constraint window in Vivado IDE).  This may result in an inaccurate path requirement.
Related violations: <none>

TIMING-46#182 Warning
Multicycle path with tied CE pins  
One or more multicycle paths are defined between registers Electric_hook_bd_i/axi_traffic_gen_1/inst/ATG_MODE_AXI_BASIC_FULL.basic_n_full_top/cmd_blk/cmdram_regslice_w/datapath_reg[1][63]/Q and Electric_hook_bd_i/axi_traffic_gen_1/inst/ATG_MODE_AXI_BASIC_FULL.basic_n_full_top/ATG_PARARAM_INST_YES.paramram_blk/PARAMRAM_ON_3.cmd_out_mw_reg[63]/D with a direct connection and the CE pins connected to VCC (see constraint position 3 in the Timing Constraint window in Vivado IDE).  This may result in an inaccurate path requirement.
Related violations: <none>

TIMING-46#183 Warning
Multicycle path with tied CE pins  
One or more multicycle paths are defined between registers Electric_hook_bd_i/axi_traffic_gen_1/inst/ATG_MODE_AXI_BASIC_FULL.basic_n_full_top/cmd_blk/cmdram_regslice_w/datapath_reg[1][64]/Q and Electric_hook_bd_i/axi_traffic_gen_1/inst/ATG_MODE_AXI_BASIC_FULL.basic_n_full_top/ATG_PARARAM_INST_YES.paramram_blk/PARAMRAM_ON_3.cmd_out_mw_reg[64]/D with a direct connection and the CE pins connected to VCC (see constraint position 3 in the Timing Constraint window in Vivado IDE).  This may result in an inaccurate path requirement.
Related violations: <none>

TIMING-46#184 Warning
Multicycle path with tied CE pins  
One or more multicycle paths are defined between registers Electric_hook_bd_i/axi_traffic_gen_1/inst/ATG_MODE_AXI_BASIC_FULL.basic_n_full_top/cmd_blk/cmdram_regslice_w/datapath_reg[1][65]/Q and Electric_hook_bd_i/axi_traffic_gen_1/inst/ATG_MODE_AXI_BASIC_FULL.basic_n_full_top/ATG_PARARAM_INST_YES.paramram_blk/PARAMRAM_ON_3.cmd_out_mw_reg[65]/D with a direct connection and the CE pins connected to VCC (see constraint position 3 in the Timing Constraint window in Vivado IDE).  This may result in an inaccurate path requirement.
Related violations: <none>

TIMING-46#185 Warning
Multicycle path with tied CE pins  
One or more multicycle paths are defined between registers Electric_hook_bd_i/axi_traffic_gen_1/inst/ATG_MODE_AXI_BASIC_FULL.basic_n_full_top/cmd_blk/cmdram_regslice_w/datapath_reg[1][66]/Q and Electric_hook_bd_i/axi_traffic_gen_1/inst/ATG_MODE_AXI_BASIC_FULL.basic_n_full_top/ATG_PARARAM_INST_YES.paramram_blk/PARAMRAM_ON_3.cmd_out_mw_reg[66]/D with a direct connection and the CE pins connected to VCC (see constraint position 3 in the Timing Constraint window in Vivado IDE).  This may result in an inaccurate path requirement.
Related violations: <none>

TIMING-46#186 Warning
Multicycle path with tied CE pins  
One or more multicycle paths are defined between registers Electric_hook_bd_i/axi_traffic_gen_1/inst/ATG_MODE_AXI_BASIC_FULL.basic_n_full_top/cmd_blk/cmdram_regslice_w/datapath_reg[1][67]/Q and Electric_hook_bd_i/axi_traffic_gen_1/inst/ATG_MODE_AXI_BASIC_FULL.basic_n_full_top/ATG_PARARAM_INST_YES.paramram_blk/PARAMRAM_ON_3.cmd_out_mw_reg[67]/D with a direct connection and the CE pins connected to VCC (see constraint position 3 in the Timing Constraint window in Vivado IDE).  This may result in an inaccurate path requirement.
Related violations: <none>

TIMING-46#187 Warning
Multicycle path with tied CE pins  
One or more multicycle paths are defined between registers Electric_hook_bd_i/axi_traffic_gen_1/inst/ATG_MODE_AXI_BASIC_FULL.basic_n_full_top/cmd_blk/cmdram_regslice_w/datapath_reg[1][68]/Q and Electric_hook_bd_i/axi_traffic_gen_1/inst/ATG_MODE_AXI_BASIC_FULL.basic_n_full_top/ATG_PARARAM_INST_YES.paramram_blk/PARAMRAM_ON_3.cmd_out_mw_reg[68]/D with a direct connection and the CE pins connected to VCC (see constraint position 3 in the Timing Constraint window in Vivado IDE).  This may result in an inaccurate path requirement.
Related violations: <none>

TIMING-46#188 Warning
Multicycle path with tied CE pins  
One or more multicycle paths are defined between registers Electric_hook_bd_i/axi_traffic_gen_1/inst/ATG_MODE_AXI_BASIC_FULL.basic_n_full_top/cmd_blk/cmdram_regslice_w/datapath_reg[1][69]/Q and Electric_hook_bd_i/axi_traffic_gen_1/inst/ATG_MODE_AXI_BASIC_FULL.basic_n_full_top/ATG_PARARAM_INST_YES.paramram_blk/PARAMRAM_ON_3.cmd_out_mw_reg[69]/D with a direct connection and the CE pins connected to VCC (see constraint position 3 in the Timing Constraint window in Vivado IDE).  This may result in an inaccurate path requirement.
Related violations: <none>

TIMING-46#189 Warning
Multicycle path with tied CE pins  
One or more multicycle paths are defined between registers Electric_hook_bd_i/axi_traffic_gen_1/inst/ATG_MODE_AXI_BASIC_FULL.basic_n_full_top/cmd_blk/cmdram_regslice_w/datapath_reg[1][6]/Q and Electric_hook_bd_i/axi_traffic_gen_1/inst/ATG_MODE_AXI_BASIC_FULL.basic_n_full_top/cmd_blk/cmdram_regslice_w/datapath_reg[0][6]/D with a direct connection and the CE pins connected to VCC (see constraint position 3 in the Timing Constraint window in Vivado IDE).  This may result in an inaccurate path requirement.
Related violations: <none>

TIMING-46#190 Warning
Multicycle path with tied CE pins  
One or more multicycle paths are defined between registers Electric_hook_bd_i/axi_traffic_gen_1/inst/ATG_MODE_AXI_BASIC_FULL.basic_n_full_top/cmd_blk/cmdram_regslice_w/datapath_reg[1][70]/Q and Electric_hook_bd_i/axi_traffic_gen_1/inst/ATG_MODE_AXI_BASIC_FULL.basic_n_full_top/ATG_PARARAM_INST_YES.paramram_blk/PARAMRAM_ON_3.cmd_out_mw_reg[70]/D with a direct connection and the CE pins connected to VCC (see constraint position 3 in the Timing Constraint window in Vivado IDE).  This may result in an inaccurate path requirement.
Related violations: <none>

TIMING-46#191 Warning
Multicycle path with tied CE pins  
One or more multicycle paths are defined between registers Electric_hook_bd_i/axi_traffic_gen_1/inst/ATG_MODE_AXI_BASIC_FULL.basic_n_full_top/cmd_blk/cmdram_regslice_w/datapath_reg[1][71]/Q and Electric_hook_bd_i/axi_traffic_gen_1/inst/ATG_MODE_AXI_BASIC_FULL.basic_n_full_top/ATG_PARARAM_INST_YES.paramram_blk/PARAMRAM_ON_3.cmd_out_mw_reg[71]/D with a direct connection and the CE pins connected to VCC (see constraint position 3 in the Timing Constraint window in Vivado IDE).  This may result in an inaccurate path requirement.
Related violations: <none>

TIMING-46#192 Warning
Multicycle path with tied CE pins  
One or more multicycle paths are defined between registers Electric_hook_bd_i/axi_traffic_gen_1/inst/ATG_MODE_AXI_BASIC_FULL.basic_n_full_top/cmd_blk/cmdram_regslice_w/datapath_reg[1][72]/Q and Electric_hook_bd_i/axi_traffic_gen_1/inst/ATG_MODE_AXI_BASIC_FULL.basic_n_full_top/ATG_PARARAM_INST_YES.paramram_blk/PARAMRAM_ON_3.cmd_out_mw_reg[72]/D with a direct connection and the CE pins connected to VCC (see constraint position 3 in the Timing Constraint window in Vivado IDE).  This may result in an inaccurate path requirement.
Related violations: <none>

TIMING-46#193 Warning
Multicycle path with tied CE pins  
One or more multicycle paths are defined between registers Electric_hook_bd_i/axi_traffic_gen_1/inst/ATG_MODE_AXI_BASIC_FULL.basic_n_full_top/cmd_blk/cmdram_regslice_w/datapath_reg[1][73]/Q and Electric_hook_bd_i/axi_traffic_gen_1/inst/ATG_MODE_AXI_BASIC_FULL.basic_n_full_top/ATG_PARARAM_INST_YES.paramram_blk/PARAMRAM_ON_3.cmd_out_mw_reg[73]/D with a direct connection and the CE pins connected to VCC (see constraint position 3 in the Timing Constraint window in Vivado IDE).  This may result in an inaccurate path requirement.
Related violations: <none>

TIMING-46#194 Warning
Multicycle path with tied CE pins  
One or more multicycle paths are defined between registers Electric_hook_bd_i/axi_traffic_gen_1/inst/ATG_MODE_AXI_BASIC_FULL.basic_n_full_top/cmd_blk/cmdram_regslice_w/datapath_reg[1][74]/Q and Electric_hook_bd_i/axi_traffic_gen_1/inst/ATG_MODE_AXI_BASIC_FULL.basic_n_full_top/ATG_PARARAM_INST_YES.paramram_blk/PARAMRAM_ON_3.cmd_out_mw_reg[74]/D with a direct connection and the CE pins connected to VCC (see constraint position 3 in the Timing Constraint window in Vivado IDE).  This may result in an inaccurate path requirement.
Related violations: <none>

TIMING-46#195 Warning
Multicycle path with tied CE pins  
One or more multicycle paths are defined between registers Electric_hook_bd_i/axi_traffic_gen_1/inst/ATG_MODE_AXI_BASIC_FULL.basic_n_full_top/cmd_blk/cmdram_regslice_w/datapath_reg[1][75]/Q and Electric_hook_bd_i/axi_traffic_gen_1/inst/ATG_MODE_AXI_BASIC_FULL.basic_n_full_top/ATG_PARARAM_INST_YES.paramram_blk/PARAMRAM_ON_3.cmd_out_mw_reg[75]/D with a direct connection and the CE pins connected to VCC (see constraint position 3 in the Timing Constraint window in Vivado IDE).  This may result in an inaccurate path requirement.
Related violations: <none>

TIMING-46#196 Warning
Multicycle path with tied CE pins  
One or more multicycle paths are defined between registers Electric_hook_bd_i/axi_traffic_gen_1/inst/ATG_MODE_AXI_BASIC_FULL.basic_n_full_top/cmd_blk/cmdram_regslice_w/datapath_reg[1][76]/Q and Electric_hook_bd_i/axi_traffic_gen_1/inst/ATG_MODE_AXI_BASIC_FULL.basic_n_full_top/ATG_PARARAM_INST_YES.paramram_blk/PARAMRAM_ON_3.cmd_out_mw_reg[76]/D with a direct connection and the CE pins connected to VCC (see constraint position 3 in the Timing Constraint window in Vivado IDE).  This may result in an inaccurate path requirement.
Related violations: <none>

TIMING-46#197 Warning
Multicycle path with tied CE pins  
One or more multicycle paths are defined between registers Electric_hook_bd_i/axi_traffic_gen_1/inst/ATG_MODE_AXI_BASIC_FULL.basic_n_full_top/cmd_blk/cmdram_regslice_w/datapath_reg[1][77]/Q and Electric_hook_bd_i/axi_traffic_gen_1/inst/ATG_MODE_AXI_BASIC_FULL.basic_n_full_top/ATG_PARARAM_INST_YES.paramram_blk/PARAMRAM_ON_3.cmd_out_mw_reg[77]/D with a direct connection and the CE pins connected to VCC (see constraint position 3 in the Timing Constraint window in Vivado IDE).  This may result in an inaccurate path requirement.
Related violations: <none>

TIMING-46#198 Warning
Multicycle path with tied CE pins  
One or more multicycle paths are defined between registers Electric_hook_bd_i/axi_traffic_gen_1/inst/ATG_MODE_AXI_BASIC_FULL.basic_n_full_top/cmd_blk/cmdram_regslice_w/datapath_reg[1][78]/Q and Electric_hook_bd_i/axi_traffic_gen_1/inst/ATG_MODE_AXI_BASIC_FULL.basic_n_full_top/ATG_PARARAM_INST_YES.paramram_blk/PARAMRAM_ON_3.cmd_out_mw_reg[78]/D with a direct connection and the CE pins connected to VCC (see constraint position 3 in the Timing Constraint window in Vivado IDE).  This may result in an inaccurate path requirement.
Related violations: <none>

TIMING-46#199 Warning
Multicycle path with tied CE pins  
One or more multicycle paths are defined between registers Electric_hook_bd_i/axi_traffic_gen_1/inst/ATG_MODE_AXI_BASIC_FULL.basic_n_full_top/cmd_blk/cmdram_regslice_w/datapath_reg[1][79]/Q and Electric_hook_bd_i/axi_traffic_gen_1/inst/ATG_MODE_AXI_BASIC_FULL.basic_n_full_top/ATG_PARARAM_INST_YES.paramram_blk/PARAMRAM_ON_3.cmd_out_mw_reg[79]/D with a direct connection and the CE pins connected to VCC (see constraint position 3 in the Timing Constraint window in Vivado IDE).  This may result in an inaccurate path requirement.
Related violations: <none>

TIMING-46#200 Warning
Multicycle path with tied CE pins  
One or more multicycle paths are defined between registers Electric_hook_bd_i/axi_traffic_gen_1/inst/ATG_MODE_AXI_BASIC_FULL.basic_n_full_top/cmd_blk/cmdram_regslice_w/datapath_reg[1][7]/Q and Electric_hook_bd_i/axi_traffic_gen_1/inst/ATG_MODE_AXI_BASIC_FULL.basic_n_full_top/cmd_blk/cmdram_regslice_w/datapath_reg[0][7]/D with a direct connection and the CE pins connected to VCC (see constraint position 3 in the Timing Constraint window in Vivado IDE).  This may result in an inaccurate path requirement.
Related violations: <none>

TIMING-46#201 Warning
Multicycle path with tied CE pins  
One or more multicycle paths are defined between registers Electric_hook_bd_i/axi_traffic_gen_1/inst/ATG_MODE_AXI_BASIC_FULL.basic_n_full_top/cmd_blk/cmdram_regslice_w/datapath_reg[1][80]/Q and Electric_hook_bd_i/axi_traffic_gen_1/inst/ATG_MODE_AXI_BASIC_FULL.basic_n_full_top/ATG_PARARAM_INST_YES.paramram_blk/PARAMRAM_ON_3.cmd_out_mw_reg[80]/D with a direct connection and the CE pins connected to VCC (see constraint position 3 in the Timing Constraint window in Vivado IDE).  This may result in an inaccurate path requirement.
Related violations: <none>

TIMING-46#202 Warning
Multicycle path with tied CE pins  
One or more multicycle paths are defined between registers Electric_hook_bd_i/axi_traffic_gen_1/inst/ATG_MODE_AXI_BASIC_FULL.basic_n_full_top/cmd_blk/cmdram_regslice_w/datapath_reg[1][81]/Q and Electric_hook_bd_i/axi_traffic_gen_1/inst/ATG_MODE_AXI_BASIC_FULL.basic_n_full_top/ATG_PARARAM_INST_YES.paramram_blk/PARAMRAM_ON_3.cmd_out_mw_reg[81]/D with a direct connection and the CE pins connected to VCC (see constraint position 3 in the Timing Constraint window in Vivado IDE).  This may result in an inaccurate path requirement.
Related violations: <none>

TIMING-46#203 Warning
Multicycle path with tied CE pins  
One or more multicycle paths are defined between registers Electric_hook_bd_i/axi_traffic_gen_1/inst/ATG_MODE_AXI_BASIC_FULL.basic_n_full_top/cmd_blk/cmdram_regslice_w/datapath_reg[1][82]/Q and Electric_hook_bd_i/axi_traffic_gen_1/inst/ATG_MODE_AXI_BASIC_FULL.basic_n_full_top/ATG_PARARAM_INST_YES.paramram_blk/PARAMRAM_ON_3.cmd_out_mw_reg[82]/D with a direct connection and the CE pins connected to VCC (see constraint position 3 in the Timing Constraint window in Vivado IDE).  This may result in an inaccurate path requirement.
Related violations: <none>

TIMING-46#204 Warning
Multicycle path with tied CE pins  
One or more multicycle paths are defined between registers Electric_hook_bd_i/axi_traffic_gen_1/inst/ATG_MODE_AXI_BASIC_FULL.basic_n_full_top/cmd_blk/cmdram_regslice_w/datapath_reg[1][83]/Q and Electric_hook_bd_i/axi_traffic_gen_1/inst/ATG_MODE_AXI_BASIC_FULL.basic_n_full_top/ATG_PARARAM_INST_YES.paramram_blk/PARAMRAM_ON_3.cmd_out_mw_reg[83]/D with a direct connection and the CE pins connected to VCC (see constraint position 3 in the Timing Constraint window in Vivado IDE).  This may result in an inaccurate path requirement.
Related violations: <none>

TIMING-46#205 Warning
Multicycle path with tied CE pins  
One or more multicycle paths are defined between registers Electric_hook_bd_i/axi_traffic_gen_1/inst/ATG_MODE_AXI_BASIC_FULL.basic_n_full_top/cmd_blk/cmdram_regslice_w/datapath_reg[1][84]/Q and Electric_hook_bd_i/axi_traffic_gen_1/inst/ATG_MODE_AXI_BASIC_FULL.basic_n_full_top/ATG_PARARAM_INST_YES.paramram_blk/PARAMRAM_ON_3.cmd_out_mw_reg[84]/D with a direct connection and the CE pins connected to VCC (see constraint position 3 in the Timing Constraint window in Vivado IDE).  This may result in an inaccurate path requirement.
Related violations: <none>

TIMING-46#206 Warning
Multicycle path with tied CE pins  
One or more multicycle paths are defined between registers Electric_hook_bd_i/axi_traffic_gen_1/inst/ATG_MODE_AXI_BASIC_FULL.basic_n_full_top/cmd_blk/cmdram_regslice_w/datapath_reg[1][86]/Q and Electric_hook_bd_i/axi_traffic_gen_1/inst/ATG_MODE_AXI_BASIC_FULL.basic_n_full_top/ATG_PARARAM_INST_YES.paramram_blk/PARAMRAM_ON_3.cmd_out_mw_reg[86]/D with a direct connection and the CE pins connected to VCC (see constraint position 3 in the Timing Constraint window in Vivado IDE).  This may result in an inaccurate path requirement.
Related violations: <none>

TIMING-46#207 Warning
Multicycle path with tied CE pins  
One or more multicycle paths are defined between registers Electric_hook_bd_i/axi_traffic_gen_1/inst/ATG_MODE_AXI_BASIC_FULL.basic_n_full_top/cmd_blk/cmdram_regslice_w/datapath_reg[1][87]/Q and Electric_hook_bd_i/axi_traffic_gen_1/inst/ATG_MODE_AXI_BASIC_FULL.basic_n_full_top/ATG_PARARAM_INST_YES.paramram_blk/PARAMRAM_ON_3.cmd_out_mw_reg[87]/D with a direct connection and the CE pins connected to VCC (see constraint position 3 in the Timing Constraint window in Vivado IDE).  This may result in an inaccurate path requirement.
Related violations: <none>

TIMING-46#208 Warning
Multicycle path with tied CE pins  
One or more multicycle paths are defined between registers Electric_hook_bd_i/axi_traffic_gen_1/inst/ATG_MODE_AXI_BASIC_FULL.basic_n_full_top/cmd_blk/cmdram_regslice_w/datapath_reg[1][88]/Q and Electric_hook_bd_i/axi_traffic_gen_1/inst/ATG_MODE_AXI_BASIC_FULL.basic_n_full_top/ATG_PARARAM_INST_YES.paramram_blk/PARAMRAM_ON_3.cmd_out_mw_reg[88]/D with a direct connection and the CE pins connected to VCC (see constraint position 3 in the Timing Constraint window in Vivado IDE).  This may result in an inaccurate path requirement.
Related violations: <none>

TIMING-46#209 Warning
Multicycle path with tied CE pins  
One or more multicycle paths are defined between registers Electric_hook_bd_i/axi_traffic_gen_1/inst/ATG_MODE_AXI_BASIC_FULL.basic_n_full_top/cmd_blk/cmdram_regslice_w/datapath_reg[1][89]/Q and Electric_hook_bd_i/axi_traffic_gen_1/inst/ATG_MODE_AXI_BASIC_FULL.basic_n_full_top/ATG_PARARAM_INST_YES.paramram_blk/PARAMRAM_ON_3.cmd_out_mw_reg[89]/D with a direct connection and the CE pins connected to VCC (see constraint position 3 in the Timing Constraint window in Vivado IDE).  This may result in an inaccurate path requirement.
Related violations: <none>

TIMING-46#210 Warning
Multicycle path with tied CE pins  
One or more multicycle paths are defined between registers Electric_hook_bd_i/axi_traffic_gen_1/inst/ATG_MODE_AXI_BASIC_FULL.basic_n_full_top/cmd_blk/cmdram_regslice_w/datapath_reg[1][8]/Q and Electric_hook_bd_i/axi_traffic_gen_1/inst/ATG_MODE_AXI_BASIC_FULL.basic_n_full_top/cmd_blk/cmdram_regslice_w/datapath_reg[0][8]/D with a direct connection and the CE pins connected to VCC (see constraint position 3 in the Timing Constraint window in Vivado IDE).  This may result in an inaccurate path requirement.
Related violations: <none>

TIMING-46#211 Warning
Multicycle path with tied CE pins  
One or more multicycle paths are defined between registers Electric_hook_bd_i/axi_traffic_gen_1/inst/ATG_MODE_AXI_BASIC_FULL.basic_n_full_top/cmd_blk/cmdram_regslice_w/datapath_reg[1][90]/Q and Electric_hook_bd_i/axi_traffic_gen_1/inst/ATG_MODE_AXI_BASIC_FULL.basic_n_full_top/ATG_PARARAM_INST_YES.paramram_blk/PARAMRAM_ON_3.cmd_out_mw_reg[90]/D with a direct connection and the CE pins connected to VCC (see constraint position 3 in the Timing Constraint window in Vivado IDE).  This may result in an inaccurate path requirement.
Related violations: <none>

TIMING-46#212 Warning
Multicycle path with tied CE pins  
One or more multicycle paths are defined between registers Electric_hook_bd_i/axi_traffic_gen_1/inst/ATG_MODE_AXI_BASIC_FULL.basic_n_full_top/cmd_blk/cmdram_regslice_w/datapath_reg[1][91]/Q and Electric_hook_bd_i/axi_traffic_gen_1/inst/ATG_MODE_AXI_BASIC_FULL.basic_n_full_top/ATG_PARARAM_INST_YES.paramram_blk/PARAMRAM_ON_3.cmd_out_mw_reg[91]/D with a direct connection and the CE pins connected to VCC (see constraint position 3 in the Timing Constraint window in Vivado IDE).  This may result in an inaccurate path requirement.
Related violations: <none>

TIMING-46#213 Warning
Multicycle path with tied CE pins  
One or more multicycle paths are defined between registers Electric_hook_bd_i/axi_traffic_gen_1/inst/ATG_MODE_AXI_BASIC_FULL.basic_n_full_top/cmd_blk/cmdram_regslice_w/datapath_reg[1][92]/Q and Electric_hook_bd_i/axi_traffic_gen_1/inst/ATG_MODE_AXI_BASIC_FULL.basic_n_full_top/ATG_PARARAM_INST_YES.paramram_blk/PARAMRAM_ON_3.cmd_out_mw_reg[92]/D with a direct connection and the CE pins connected to VCC (see constraint position 3 in the Timing Constraint window in Vivado IDE).  This may result in an inaccurate path requirement.
Related violations: <none>

TIMING-46#214 Warning
Multicycle path with tied CE pins  
One or more multicycle paths are defined between registers Electric_hook_bd_i/axi_traffic_gen_1/inst/ATG_MODE_AXI_BASIC_FULL.basic_n_full_top/cmd_blk/cmdram_regslice_w/datapath_reg[1][93]/Q and Electric_hook_bd_i/axi_traffic_gen_1/inst/ATG_MODE_AXI_BASIC_FULL.basic_n_full_top/ATG_PARARAM_INST_YES.paramram_blk/PARAMRAM_ON_3.cmd_out_mw_reg[93]/D with a direct connection and the CE pins connected to VCC (see constraint position 3 in the Timing Constraint window in Vivado IDE).  This may result in an inaccurate path requirement.
Related violations: <none>

TIMING-46#215 Warning
Multicycle path with tied CE pins  
One or more multicycle paths are defined between registers Electric_hook_bd_i/axi_traffic_gen_1/inst/ATG_MODE_AXI_BASIC_FULL.basic_n_full_top/cmd_blk/cmdram_regslice_w/datapath_reg[1][96]/Q and Electric_hook_bd_i/axi_traffic_gen_1/inst/ATG_MODE_AXI_BASIC_FULL.basic_n_full_top/ATG_PARARAM_INST_YES.paramram_blk/PARAMRAM_ON_3.cmd_out_mw_reg[96]/D with a direct connection and the CE pins connected to VCC (see constraint position 3 in the Timing Constraint window in Vivado IDE).  This may result in an inaccurate path requirement.
Related violations: <none>

TIMING-46#216 Warning
Multicycle path with tied CE pins  
One or more multicycle paths are defined between registers Electric_hook_bd_i/axi_traffic_gen_1/inst/ATG_MODE_AXI_BASIC_FULL.basic_n_full_top/cmd_blk/cmdram_regslice_w/datapath_reg[1][97]/Q and Electric_hook_bd_i/axi_traffic_gen_1/inst/ATG_MODE_AXI_BASIC_FULL.basic_n_full_top/ATG_PARARAM_INST_YES.paramram_blk/PARAMRAM_ON_3.cmd_out_mw_reg[97]/D with a direct connection and the CE pins connected to VCC (see constraint position 3 in the Timing Constraint window in Vivado IDE).  This may result in an inaccurate path requirement.
Related violations: <none>

TIMING-46#217 Warning
Multicycle path with tied CE pins  
One or more multicycle paths are defined between registers Electric_hook_bd_i/axi_traffic_gen_1/inst/ATG_MODE_AXI_BASIC_FULL.basic_n_full_top/cmd_blk/cmdram_regslice_w/datapath_reg[1][98]/Q and Electric_hook_bd_i/axi_traffic_gen_1/inst/ATG_MODE_AXI_BASIC_FULL.basic_n_full_top/ATG_PARARAM_INST_YES.paramram_blk/PARAMRAM_ON_3.cmd_out_mw_reg[98]/D with a direct connection and the CE pins connected to VCC (see constraint position 3 in the Timing Constraint window in Vivado IDE).  This may result in an inaccurate path requirement.
Related violations: <none>

TIMING-46#218 Warning
Multicycle path with tied CE pins  
One or more multicycle paths are defined between registers Electric_hook_bd_i/axi_traffic_gen_1/inst/ATG_MODE_AXI_BASIC_FULL.basic_n_full_top/cmd_blk/cmdram_regslice_w/datapath_reg[1][99]/Q and Electric_hook_bd_i/axi_traffic_gen_1/inst/ATG_MODE_AXI_BASIC_FULL.basic_n_full_top/ATG_PARARAM_INST_YES.paramram_blk/PARAMRAM_ON_3.cmd_out_mw_reg[99]/D with a direct connection and the CE pins connected to VCC (see constraint position 3 in the Timing Constraint window in Vivado IDE).  This may result in an inaccurate path requirement.
Related violations: <none>

TIMING-46#219 Warning
Multicycle path with tied CE pins  
One or more multicycle paths are defined between registers Electric_hook_bd_i/axi_traffic_gen_1/inst/ATG_MODE_AXI_BASIC_FULL.basic_n_full_top/cmd_blk/cmdram_regslice_w/datapath_reg[1][9]/Q and Electric_hook_bd_i/axi_traffic_gen_1/inst/ATG_MODE_AXI_BASIC_FULL.basic_n_full_top/cmd_blk/cmdram_regslice_w/datapath_reg[0][9]/D with a direct connection and the CE pins connected to VCC (see constraint position 3 in the Timing Constraint window in Vivado IDE).  This may result in an inaccurate path requirement.
Related violations: <none>

TIMING-46#220 Warning
Multicycle path with tied CE pins  
One or more multicycle paths are defined between registers Electric_hook_bd_i/axi_traffic_gen_1/inst/ATG_MODE_AXI_BASIC_FULL.basic_n_full_top/mst_rd/marfifopush_regslice/datapath_reg[1][0]/Q and Electric_hook_bd_i/axi_traffic_gen_1/inst/ATG_MODE_AXI_BASIC_FULL.basic_n_full_top/mst_rd/marfifopush_regslice/datapath_reg[0][0]/D with a direct connection and the CE pins connected to VCC (see constraint position 3 in the Timing Constraint window in Vivado IDE).  This may result in an inaccurate path requirement.
Related violations: <none>

TIMING-46#221 Warning
Multicycle path with tied CE pins  
One or more multicycle paths are defined between registers Electric_hook_bd_i/axi_traffic_gen_1/inst/ATG_MODE_AXI_BASIC_FULL.basic_n_full_top/mst_rd/marfifopush_regslice/datapath_reg[2][0]/Q and Electric_hook_bd_i/axi_traffic_gen_1/inst/ATG_MODE_AXI_BASIC_FULL.basic_n_full_top/mst_rd/marfifopush_regslice/datapath_reg[1][0]/D with a direct connection and the CE pins connected to VCC (see constraint position 3 in the Timing Constraint window in Vivado IDE).  This may result in an inaccurate path requirement.
Related violations: <none>

TIMING-46#222 Warning
Multicycle path with tied CE pins  
One or more multicycle paths are defined between registers Electric_hook_bd_i/axi_traffic_gen_1/inst/ATG_MODE_AXI_BASIC_FULL.basic_n_full_top/mst_rd/marfifopush_regslice/datapath_reg[3][0]/Q and Electric_hook_bd_i/axi_traffic_gen_1/inst/ATG_MODE_AXI_BASIC_FULL.basic_n_full_top/mst_rd/marfifopush_regslice/datapath_reg[2][0]/D with a direct connection and the CE pins connected to VCC (see constraint position 3 in the Timing Constraint window in Vivado IDE).  This may result in an inaccurate path requirement.
Related violations: <none>

TIMING-46#223 Warning
Multicycle path with tied CE pins  
One or more multicycle paths are defined between registers Electric_hook_bd_i/axi_traffic_gen_1/inst/ATG_MODE_AXI_BASIC_FULL.basic_n_full_top/mst_wr/mawfifopush_regslice/datapath_reg[1][0]/Q and Electric_hook_bd_i/axi_traffic_gen_1/inst/ATG_MODE_AXI_BASIC_FULL.basic_n_full_top/mst_wr/mawfifopush_regslice/datapath_reg[0][0]/D with a direct connection and the CE pins connected to VCC (see constraint position 3 in the Timing Constraint window in Vivado IDE).  This may result in an inaccurate path requirement.
Related violations: <none>

TIMING-46#224 Warning
Multicycle path with tied CE pins  
One or more multicycle paths are defined between registers Electric_hook_bd_i/axi_traffic_gen_1/inst/ATG_MODE_AXI_BASIC_FULL.basic_n_full_top/mst_wr/mawfifopush_regslice/datapath_reg[2][0]/Q and Electric_hook_bd_i/axi_traffic_gen_1/inst/ATG_MODE_AXI_BASIC_FULL.basic_n_full_top/mst_wr/mawfifopush_regslice/datapath_reg[1][0]/D with a direct connection and the CE pins connected to VCC (see constraint position 3 in the Timing Constraint window in Vivado IDE).  This may result in an inaccurate path requirement.
Related violations: <none>

TIMING-46#225 Warning
Multicycle path with tied CE pins  
One or more multicycle paths are defined between registers Electric_hook_bd_i/axi_traffic_gen_1/inst/ATG_MODE_AXI_BASIC_FULL.basic_n_full_top/mst_wr/mawfifopush_regslice/datapath_reg[3][0]/Q and Electric_hook_bd_i/axi_traffic_gen_1/inst/ATG_MODE_AXI_BASIC_FULL.basic_n_full_top/mst_wr/mawfifopush_regslice/datapath_reg[2][0]/D with a direct connection and the CE pins connected to VCC (see constraint position 3 in the Timing Constraint window in Vivado IDE).  This may result in an inaccurate path requirement.
Related violations: <none>

TIMING-46#226 Warning
Multicycle path with tied CE pins  
One or more multicycle paths are defined between registers Electric_hook_bd_i/axi_traffic_gen_1/inst/ATG_MODE_AXI_BASIC_FULL.basic_n_full_top/reg_blk/regenable_regslice/datapath_reg[1][0]/Q and Electric_hook_bd_i/axi_traffic_gen_1/inst/ATG_MODE_AXI_BASIC_FULL.basic_n_full_top/reg_blk/regenable_regslice/datapath_reg[0][0]/D with a direct connection and the CE pins connected to VCC (see constraint position 3 in the Timing Constraint window in Vivado IDE).  This may result in an inaccurate path requirement.
Related violations: <none>

TIMING-46#227 Warning
Multicycle path with tied CE pins  
One or more multicycle paths are defined between registers Electric_hook_bd_i/axi_traffic_gen_1/inst/ATG_MODE_AXI_BASIC_FULL.basic_n_full_top/reg_blk/regenable_regslice/datapath_reg[2][0]/Q and Electric_hook_bd_i/axi_traffic_gen_1/inst/ATG_MODE_AXI_BASIC_FULL.basic_n_full_top/reg_blk/regenable_regslice/datapath_reg[1][0]/D with a direct connection and the CE pins connected to VCC (see constraint position 3 in the Timing Constraint window in Vivado IDE).  This may result in an inaccurate path requirement.
Related violations: <none>

TIMING-46#228 Warning
Multicycle path with tied CE pins  
One or more multicycle paths are defined between registers Electric_hook_bd_i/axi_traffic_gen_1/inst/ATG_MODE_AXI_BASIC_FULL.basic_n_full_top/reg_blk/regenable_regslice/datapath_reg[3][0]/Q and Electric_hook_bd_i/axi_traffic_gen_1/inst/ATG_MODE_AXI_BASIC_FULL.basic_n_full_top/reg_blk/regenable_regslice/datapath_reg[2][0]/D with a direct connection and the CE pins connected to VCC (see constraint position 3 in the Timing Constraint window in Vivado IDE).  This may result in an inaccurate path requirement.
Related violations: <none>

TIMING-46#229 Warning
Multicycle path with tied CE pins  
One or more multicycle paths are defined between registers Electric_hook_bd_i/axi_traffic_gen_1/inst/ATG_MODE_AXI_BASIC_FULL.basic_n_full_top/reg_blk/regenable_regslice/datapath_reg[4][0]/Q and Electric_hook_bd_i/axi_traffic_gen_1/inst/ATG_MODE_AXI_BASIC_FULL.basic_n_full_top/reg_blk/regenable_regslice/datapath_reg[3][0]/D with a direct connection and the CE pins connected to VCC (see constraint position 3 in the Timing Constraint window in Vivado IDE).  This may result in an inaccurate path requirement.
Related violations: <none>

TIMING-46#230 Warning
Multicycle path with tied CE pins  
One or more multicycle paths are defined between registers Electric_hook_bd_i/axi_traffic_gen_1/inst/ATG_MODE_AXI_BASIC_FULL.basic_n_full_top/reg_blk/regenable_regslice/datapath_reg[5][0]/Q and Electric_hook_bd_i/axi_traffic_gen_1/inst/ATG_MODE_AXI_BASIC_FULL.basic_n_full_top/reg_blk/regenable_regslice/datapath_reg[4][0]/D with a direct connection and the CE pins connected to VCC (see constraint position 3 in the Timing Constraint window in Vivado IDE).  This may result in an inaccurate path requirement.
Related violations: <none>

ULMTCS-1#1 Warning
Control Sets use limits recommend reduction  
This design uses 362 control sets (vs. available limit of 4400, determined by 1 control set per CLB). This exceeds the control set use guideline of 7.5 percent. This is at a level where reduction is RECOMMENDED (see UG949). Use report_control_sets to get more details.
Related violations: <none>


