Copyright 1986-2020 Xilinx, Inc. All Rights Reserved.
--------------------------------------------------------------------------------------------------------------------------------------------------------------------------------------------------------------
| Tool Version : Vivado v.2020.1 (win64) Build 2902540 Wed May 27 19:54:49 MDT 2020
| Date         : Sun Sep  7 12:12:30 2025
| Host         : DESKTOP-MSDSPQ7 running 64-bit major release  (build 9200)
| Command      : report_timing_summary -max_paths 10 -file temporal_main_timing_summary_routed.rpt -pb temporal_main_timing_summary_routed.pb -rpx temporal_main_timing_summary_routed.rpx -warn_on_violation
| Design       : temporal_main
| Device       : 7z010-clg400
| Speed File   : -1  PRODUCTION 1.12 2019-11-22
--------------------------------------------------------------------------------------------------------------------------------------------------------------------------------------------------------------

Timing Summary Report

------------------------------------------------------------------------------------------------
| Timer Settings
| --------------
------------------------------------------------------------------------------------------------

  Enable Multi Corner Analysis               :  Yes
  Enable Pessimism Removal                   :  Yes
  Pessimism Removal Resolution               :  Nearest Common Node
  Enable Input Delay Default Clock           :  No
  Enable Preset / Clear Arcs                 :  No
  Disable Flight Delays                      :  No
  Ignore I/O Paths                           :  No
  Timing Early Launch at Borrowing Latches   :  No
  Borrow Time for Max Delay Exceptions       :  Yes
  Merge Timing Exceptions                    :  Yes

  Corner  Analyze    Analyze    
  Name    Max Paths  Min Paths  
  ------  ---------  ---------  
  Slow    Yes        Yes        
  Fast    Yes        Yes        



check_timing report

Table of Contents
-----------------
1. checking no_clock (14)
2. checking constant_clock (0)
3. checking pulse_width_clock (0)
4. checking unconstrained_internal_endpoints (31)
5. checking no_input_delay (1)
6. checking no_output_delay (6)
7. checking multiple_clock (0)
8. checking generated_clocks (0)
9. checking loops (0)
10. checking partial_input_delay (0)
11. checking partial_output_delay (0)
12. checking latch_loops (0)

1. checking no_clock (14)
-------------------------
 There are 14 register/latch pins with no clock driven by root clock pin: Slow_Clk_Gen/out_clk_reg/Q (HIGH)


2. checking constant_clock (0)
------------------------------
 There are 0 register/latch pins with constant_clock.


3. checking pulse_width_clock (0)
---------------------------------
 There are 0 register/latch pins which need pulse_width check


4. checking unconstrained_internal_endpoints (31)
-------------------------------------------------
 There are 31 pins that are not constrained for maximum delay. (HIGH)

 There are 0 pins that are not constrained for maximum delay due to constant clock.


5. checking no_input_delay (1)
------------------------------
 There is 1 input port with no input delay specified. (HIGH)

 There are 0 input ports with no input delay but user has a false path constraint.


6. checking no_output_delay (6)
-------------------------------
 There are 6 ports with no output delay specified. (HIGH)

 There are 0 ports with no output delay but user has a false path constraint

 There are 0 ports with no output delay but with a timing clock defined on it or propagating through it


7. checking multiple_clock (0)
------------------------------
 There are 0 register/latch pins with multiple clocks.


8. checking generated_clocks (0)
--------------------------------
 There are 0 generated clocks that are not connected to a clock source.


9. checking loops (0)
---------------------
 There are 0 combinational loops in the design.


10. checking partial_input_delay (0)
------------------------------------
 There are 0 input ports with partial input delay specified.


11. checking partial_output_delay (0)
-------------------------------------
 There are 0 ports with partial output delay specified.


12. checking latch_loops (0)
----------------------------
 There are 0 combinational latch loops in the design through latch input



------------------------------------------------------------------------------------------------
| Design Timing Summary
| ---------------------
------------------------------------------------------------------------------------------------

    WNS(ns)      TNS(ns)  TNS Failing Endpoints  TNS Total Endpoints      WHS(ns)      THS(ns)  THS Failing Endpoints  THS Total Endpoints     WPWS(ns)     TPWS(ns)  TPWS Failing Endpoints  TPWS Total Endpoints  
    -------      -------  ---------------------  -------------------      -------      -------  ---------------------  -------------------     --------     --------  ----------------------  --------------------  
    -10.653     -680.617                     66                  381        0.108        0.000                      0                  381        3.500        0.000                       0                   176  


Timing constraints are not met.


------------------------------------------------------------------------------------------------
| Clock Summary
| -------------
------------------------------------------------------------------------------------------------

Clock        Waveform(ns)         Period(ns)      Frequency(MHz)
-----        ------------         ----------      --------------
sys_clk_pin  {0.000 4.000}        8.000           125.000         


------------------------------------------------------------------------------------------------
| Intra Clock Table
| -----------------
------------------------------------------------------------------------------------------------

Clock             WNS(ns)      TNS(ns)  TNS Failing Endpoints  TNS Total Endpoints      WHS(ns)      THS(ns)  THS Failing Endpoints  THS Total Endpoints     WPWS(ns)     TPWS(ns)  TPWS Failing Endpoints  TPWS Total Endpoints  
-----             -------      -------  ---------------------  -------------------      -------      -------  ---------------------  -------------------     --------     --------  ----------------------  --------------------  
sys_clk_pin       -10.653     -680.617                     66                  381        0.108        0.000                      0                  381        3.500        0.000                       0                   176  


------------------------------------------------------------------------------------------------
| Inter Clock Table
| -----------------
------------------------------------------------------------------------------------------------

From Clock    To Clock          WNS(ns)      TNS(ns)  TNS Failing Endpoints  TNS Total Endpoints      WHS(ns)      THS(ns)  THS Failing Endpoints  THS Total Endpoints  
----------    --------          -------      -------  ---------------------  -------------------      -------      -------  ---------------------  -------------------  


------------------------------------------------------------------------------------------------
| Other Path Groups Table
| -----------------------
------------------------------------------------------------------------------------------------

Path Group    From Clock    To Clock          WNS(ns)      TNS(ns)  TNS Failing Endpoints  TNS Total Endpoints      WHS(ns)      THS(ns)  THS Failing Endpoints  THS Total Endpoints  
----------    ----------    --------          -------      -------  ---------------------  -------------------      -------      -------  ---------------------  -------------------  


------------------------------------------------------------------------------------------------
| Timing Details
| --------------
------------------------------------------------------------------------------------------------


---------------------------------------------------------------------------------------------------
From Clock:  sys_clk_pin
  To Clock:  sys_clk_pin

Setup :           66  Failing Endpoints,  Worst Slack      -10.653ns,  Total Violation     -680.616ns
Hold  :            0  Failing Endpoints,  Worst Slack        0.108ns,  Total Violation        0.000ns
PW    :            0  Failing Endpoints,  Worst Slack        3.500ns,  Total Violation        0.000ns
---------------------------------------------------------------------------------------------------


Max Delay Paths
--------------------------------------------------------------------------------------
Slack (VIOLATED) :        -10.653ns  (required time - arrival time)
  Source:                 Random_Gen/lfsr_state_reg[2]/C
                            (rising edge-triggered cell FDRE clocked by sys_clk_pin  {rise@0.000ns fall@4.000ns period=8.000ns})
  Destination:            contador_reg[4]/CE
                            (rising edge-triggered cell FDRE clocked by sys_clk_pin  {rise@0.000ns fall@4.000ns period=8.000ns})
  Path Group:             sys_clk_pin
  Path Type:              Setup (Max at Slow Process Corner)
  Requirement:            8.000ns  (sys_clk_pin rise@8.000ns - sys_clk_pin rise@0.000ns)
  Data Path Delay:        18.034ns  (logic 10.030ns (55.617%)  route 8.004ns (44.383%))
  Logic Levels:           34  (CARRY4=25 LUT1=1 LUT2=1 LUT4=1 LUT5=2 LUT6=4)
  Clock Path Skew:        -0.195ns (DCD - SCD + CPR)
    Destination Clock Delay (DCD):    4.952ns = ( 12.952 - 8.000 ) 
    Source Clock Delay      (SCD):    5.424ns
    Clock Pessimism Removal (CPR):    0.277ns
  Clock Uncertainty:      0.035ns  ((TSJ^2 + TIJ^2)^1/2 + DJ) / 2 + PE
    Total System Jitter     (TSJ):    0.071ns
    Total Input Jitter      (TIJ):    0.000ns
    Discrete Jitter          (DJ):    0.000ns
    Phase Error              (PE):    0.000ns

    Location             Delay type                Incr(ns)  Path(ns)    Netlist Resource(s)
  -------------------------------------------------------------------    -------------------
                         (clock sys_clk_pin rise edge)
                                                      0.000     0.000 r  
    K17                                               0.000     0.000 r  clk (IN)
                         net (fo=0)                   0.000     0.000    clk
    K17                  IBUF (Prop_ibuf_I_O)         1.492     1.492 r  clk_IBUF_inst/O
                         net (fo=1, routed)           2.076     3.568    clk_IBUF
    BUFGCTRL_X0Y16       BUFG (Prop_bufg_I_O)         0.101     3.669 r  clk_IBUF_BUFG_inst/O
                         net (fo=175, routed)         1.755     5.424    Random_Gen/clk_IBUF_BUFG
    SLICE_X37Y44         FDRE                                         r  Random_Gen/lfsr_state_reg[2]/C
  -------------------------------------------------------------------    -------------------
    SLICE_X37Y44         FDRE (Prop_fdre_C_Q)         0.456     5.880 r  Random_Gen/lfsr_state_reg[2]/Q
                         net (fo=99, routed)          1.026     6.906    Random_Gen/lfsr[2]
    SLICE_X38Y45         LUT4 (Prop_lut4_I1_O)        0.124     7.030 r  Random_Gen/estado_color2_carry_i_135/O
                         net (fo=1, routed)           0.000     7.030    Random_Gen/estado_color2_carry_i_135_n_0
    SLICE_X38Y45         CARRY4 (Prop_carry4_S[0]_CO[3])
                                                      0.513     7.543 r  Random_Gen/estado_color2_carry_i_58/CO[3]
                         net (fo=1, routed)           0.000     7.543    Random_Gen/estado_color2_carry_i_58_n_0
    SLICE_X38Y46         CARRY4 (Prop_carry4_CI_CO[3])
                                                      0.117     7.660 r  Random_Gen/estado_color2_carry_i_312/CO[3]
                         net (fo=1, routed)           0.000     7.660    Random_Gen/estado_color2_carry_i_312_n_0
    SLICE_X38Y47         CARRY4 (Prop_carry4_CI_O[3])
                                                      0.315     7.975 r  Random_Gen/estado_color2_carry_i_277/O[3]
                         net (fo=3, routed)           0.464     8.439    Random_Gen/estado_color2_carry_i_277_n_4
    SLICE_X36Y45         LUT6 (Prop_lut6_I5_O)        0.307     8.746 r  Random_Gen/estado_color2_carry_i_170/O
                         net (fo=1, routed)           0.805     9.551    Random_Gen/estado_color2_carry_i_170_n_0
    SLICE_X36Y48         CARRY4 (Prop_carry4_DI[2]_CO[3])
                                                      0.398     9.949 r  Random_Gen/estado_color2_carry_i_136/CO[3]
                         net (fo=1, routed)           0.000     9.949    Random_Gen/estado_color2_carry_i_136_n_0
    SLICE_X36Y49         CARRY4 (Prop_carry4_CI_CO[3])
                                                      0.114    10.063 r  Random_Gen/estado_color2_carry_i_59/CO[3]
                         net (fo=1, routed)           0.001    10.063    Random_Gen/estado_color2_carry_i_59_n_0
    SLICE_X36Y50         CARRY4 (Prop_carry4_CI_CO[3])
                                                      0.114    10.177 r  Random_Gen/estado_color2_carry_i_45/CO[3]
                         net (fo=1, routed)           0.000    10.177    Random_Gen/estado_color2_carry_i_45_n_0
    SLICE_X36Y51         CARRY4 (Prop_carry4_CI_O[1])
                                                      0.334    10.511 r  Random_Gen/estado_color2_carry_i_43/O[1]
                         net (fo=3, routed)           0.448    10.959    Random_Gen/estado_color2_carry_i_43_n_6
    SLICE_X41Y51         LUT6 (Prop_lut6_I4_O)        0.303    11.262 r  Random_Gen/estado_color2_carry_i_17/O
                         net (fo=1, routed)           0.682    11.944    Random_Gen/estado_color2_carry_i_17_n_0
    SLICE_X38Y53         CARRY4 (Prop_carry4_DI[2]_CO[3])
                                                      0.404    12.348 r  Random_Gen/estado_color2_carry_i_10/CO[3]
                         net (fo=1, routed)           0.000    12.348    Random_Gen/estado_color2_carry_i_10_n_0
    SLICE_X38Y54         CARRY4 (Prop_carry4_CI_CO[3])
                                                      0.117    12.465 r  Random_Gen/estado_color2_carry_i_13/CO[3]
                         net (fo=1, routed)           0.000    12.465    Random_Gen/estado_color2_carry_i_13_n_0
    SLICE_X38Y55         CARRY4 (Prop_carry4_CI_O[0])
                                                      0.219    12.684 r  Random_Gen/estado_color2_carry__0_i_9/O[0]
                         net (fo=9, routed)           0.765    13.449    Random_Gen_n_137
    SLICE_X39Y52         LUT2 (Prop_lut2_I1_O)        0.295    13.744 r  estado_color2_carry_i_356/O
                         net (fo=1, routed)           0.000    13.744    estado_color2_carry_i_356_n_0
    SLICE_X39Y52         CARRY4 (Prop_carry4_S[3]_CO[3])
                                                      0.401    14.145 r  estado_color2_carry_i_336/CO[3]
                         net (fo=1, routed)           0.000    14.145    estado_color2_carry_i_336_n_0
    SLICE_X39Y53         CARRY4 (Prop_carry4_CI_O[1])
                                                      0.334    14.479 r  estado_color2_carry_i_307/O[1]
                         net (fo=3, routed)           0.584    15.063    Random_Gen/estado_color2_carry_i_298_2[1]
    SLICE_X43Y51         LUT5 (Prop_lut5_I0_O)        0.303    15.366 r  Random_Gen/estado_color2_carry_i_330/O
                         net (fo=1, routed)           0.323    15.689    Random_Gen/estado_color2_carry_i_330_n_0
    SLICE_X40Y51         CARRY4 (Prop_carry4_DI[1]_CO[3])
                                                      0.507    16.196 r  Random_Gen/estado_color2_carry_i_298/CO[3]
                         net (fo=1, routed)           0.000    16.196    Random_Gen/estado_color2_carry_i_298_n_0
    SLICE_X40Y52         CARRY4 (Prop_carry4_CI_CO[3])
                                                      0.114    16.310 r  Random_Gen/estado_color2_carry_i_241/CO[3]
                         net (fo=1, routed)           0.000    16.310    Random_Gen/estado_color2_carry_i_241_n_0
    SLICE_X40Y53         CARRY4 (Prop_carry4_CI_CO[3])
                                                      0.114    16.424 r  Random_Gen/estado_color2_carry_i_154/CO[3]
                         net (fo=1, routed)           0.000    16.424    Random_Gen/estado_color2_carry_i_154_n_0
    SLICE_X40Y54         CARRY4 (Prop_carry4_CI_CO[3])
                                                      0.114    16.538 r  Random_Gen/estado_color2_carry_i_95/CO[3]
                         net (fo=1, routed)           0.000    16.538    Random_Gen/estado_color2_carry_i_95_n_0
    SLICE_X40Y55         CARRY4 (Prop_carry4_CI_CO[3])
                                                      0.114    16.652 r  Random_Gen/estado_color2_carry_i_49/CO[3]
                         net (fo=1, routed)           0.000    16.652    Random_Gen/estado_color2_carry_i_49_n_0
    SLICE_X40Y56         CARRY4 (Prop_carry4_CI_CO[0])
                                                      0.271    16.923 r  Random_Gen/estado_color2_carry_i_24/CO[0]
                         net (fo=3, routed)           0.503    17.426    Random_Gen/estado_color2_carry_i_24_n_3
    SLICE_X41Y56         LUT6 (Prop_lut6_I0_O)        0.373    17.799 r  Random_Gen/estado_color2_carry_i_11/O
                         net (fo=117, routed)         0.685    18.484    Random_Gen/lfsr_state_reg[0]_rep__1_2
    SLICE_X40Y59         LUT5 (Prop_lut5_I3_O)        0.124    18.608 r  Random_Gen/contador[0]_i_114/O
                         net (fo=1, routed)           0.000    18.608    Random_Gen/contador[0]_i_114_n_0
    SLICE_X40Y59         CARRY4 (Prop_carry4_S[1]_CO[3])
                                                      0.550    19.158 r  Random_Gen/contador_reg[0]_i_50/CO[3]
                         net (fo=1, routed)           0.000    19.158    Random_Gen/contador_reg[0]_i_50_n_0
    SLICE_X40Y60         CARRY4 (Prop_carry4_CI_CO[3])
                                                      0.114    19.272 r  Random_Gen/contador_reg[0]_i_45/CO[3]
                         net (fo=1, routed)           0.000    19.272    Random_Gen/contador_reg[0]_i_45_n_0
    SLICE_X40Y61         CARRY4 (Prop_carry4_CI_O[2])
                                                      0.239    19.511 f  Random_Gen/contador_reg[0]_i_40/O[2]
                         net (fo=2, routed)           0.581    20.093    contador3[18]
    SLICE_X37Y62         LUT1 (Prop_lut1_I0_O)        0.302    20.395 r  contador[0]_i_43/O
                         net (fo=1, routed)           0.000    20.395    contador[0]_i_43_n_0
    SLICE_X37Y62         CARRY4 (Prop_carry4_S[1]_CO[3])
                                                      0.550    20.945 r  contador_reg[0]_i_21/CO[3]
                         net (fo=1, routed)           0.000    20.945    contador_reg[0]_i_21_n_0
    SLICE_X37Y63         CARRY4 (Prop_carry4_CI_CO[3])
                                                      0.114    21.059 r  contador_reg[0]_i_16/CO[3]
                         net (fo=1, routed)           0.000    21.059    contador_reg[0]_i_16_n_0
    SLICE_X37Y64         CARRY4 (Prop_carry4_CI_O[3])
                                                      0.313    21.372 r  contador_reg[0]_i_15/O[3]
                         net (fo=1, routed)           0.601    21.972    contador2[28]
    SLICE_X38Y63         LUT6 (Prop_lut6_I4_O)        0.306    22.278 r  contador[0]_i_6/O
                         net (fo=1, routed)           0.000    22.278    contador[0]_i_6_n_0
    SLICE_X38Y63         CARRY4 (Prop_carry4_S[1]_O[3])
                                                      0.643    22.921 r  contador_reg[0]_i_2/O[3]
                         net (fo=31, routed)          0.537    23.458    sel
    SLICE_X36Y60         FDRE                                         r  contador_reg[4]/CE
  -------------------------------------------------------------------    -------------------

                         (clock sys_clk_pin rise edge)
                                                      8.000     8.000 r  
    K17                                               0.000     8.000 r  clk (IN)
                         net (fo=0)                   0.000     8.000    clk
    K17                  IBUF (Prop_ibuf_I_O)         1.421     9.421 r  clk_IBUF_inst/O
                         net (fo=1, routed)           1.880    11.301    clk_IBUF
    BUFGCTRL_X0Y16       BUFG (Prop_bufg_I_O)         0.091    11.392 r  clk_IBUF_BUFG_inst/O
                         net (fo=175, routed)         1.560    12.952    clk_IBUF_BUFG
    SLICE_X36Y60         FDRE                                         r  contador_reg[4]/C
                         clock pessimism              0.277    13.228    
                         clock uncertainty           -0.035    13.193    
    SLICE_X36Y60         FDRE (Setup_fdre_C_CE)      -0.388    12.805    contador_reg[4]
  -------------------------------------------------------------------
                         required time                         12.805    
                         arrival time                         -23.458    
  -------------------------------------------------------------------
                         slack                                -10.653    

Slack (VIOLATED) :        -10.653ns  (required time - arrival time)
  Source:                 Random_Gen/lfsr_state_reg[2]/C
                            (rising edge-triggered cell FDRE clocked by sys_clk_pin  {rise@0.000ns fall@4.000ns period=8.000ns})
  Destination:            contador_reg[5]/CE
                            (rising edge-triggered cell FDRE clocked by sys_clk_pin  {rise@0.000ns fall@4.000ns period=8.000ns})
  Path Group:             sys_clk_pin
  Path Type:              Setup (Max at Slow Process Corner)
  Requirement:            8.000ns  (sys_clk_pin rise@8.000ns - sys_clk_pin rise@0.000ns)
  Data Path Delay:        18.034ns  (logic 10.030ns (55.617%)  route 8.004ns (44.383%))
  Logic Levels:           34  (CARRY4=25 LUT1=1 LUT2=1 LUT4=1 LUT5=2 LUT6=4)
  Clock Path Skew:        -0.195ns (DCD - SCD + CPR)
    Destination Clock Delay (DCD):    4.952ns = ( 12.952 - 8.000 ) 
    Source Clock Delay      (SCD):    5.424ns
    Clock Pessimism Removal (CPR):    0.277ns
  Clock Uncertainty:      0.035ns  ((TSJ^2 + TIJ^2)^1/2 + DJ) / 2 + PE
    Total System Jitter     (TSJ):    0.071ns
    Total Input Jitter      (TIJ):    0.000ns
    Discrete Jitter          (DJ):    0.000ns
    Phase Error              (PE):    0.000ns

    Location             Delay type                Incr(ns)  Path(ns)    Netlist Resource(s)
  -------------------------------------------------------------------    -------------------
                         (clock sys_clk_pin rise edge)
                                                      0.000     0.000 r  
    K17                                               0.000     0.000 r  clk (IN)
                         net (fo=0)                   0.000     0.000    clk
    K17                  IBUF (Prop_ibuf_I_O)         1.492     1.492 r  clk_IBUF_inst/O
                         net (fo=1, routed)           2.076     3.568    clk_IBUF
    BUFGCTRL_X0Y16       BUFG (Prop_bufg_I_O)         0.101     3.669 r  clk_IBUF_BUFG_inst/O
                         net (fo=175, routed)         1.755     5.424    Random_Gen/clk_IBUF_BUFG
    SLICE_X37Y44         FDRE                                         r  Random_Gen/lfsr_state_reg[2]/C
  -------------------------------------------------------------------    -------------------
    SLICE_X37Y44         FDRE (Prop_fdre_C_Q)         0.456     5.880 r  Random_Gen/lfsr_state_reg[2]/Q
                         net (fo=99, routed)          1.026     6.906    Random_Gen/lfsr[2]
    SLICE_X38Y45         LUT4 (Prop_lut4_I1_O)        0.124     7.030 r  Random_Gen/estado_color2_carry_i_135/O
                         net (fo=1, routed)           0.000     7.030    Random_Gen/estado_color2_carry_i_135_n_0
    SLICE_X38Y45         CARRY4 (Prop_carry4_S[0]_CO[3])
                                                      0.513     7.543 r  Random_Gen/estado_color2_carry_i_58/CO[3]
                         net (fo=1, routed)           0.000     7.543    Random_Gen/estado_color2_carry_i_58_n_0
    SLICE_X38Y46         CARRY4 (Prop_carry4_CI_CO[3])
                                                      0.117     7.660 r  Random_Gen/estado_color2_carry_i_312/CO[3]
                         net (fo=1, routed)           0.000     7.660    Random_Gen/estado_color2_carry_i_312_n_0
    SLICE_X38Y47         CARRY4 (Prop_carry4_CI_O[3])
                                                      0.315     7.975 r  Random_Gen/estado_color2_carry_i_277/O[3]
                         net (fo=3, routed)           0.464     8.439    Random_Gen/estado_color2_carry_i_277_n_4
    SLICE_X36Y45         LUT6 (Prop_lut6_I5_O)        0.307     8.746 r  Random_Gen/estado_color2_carry_i_170/O
                         net (fo=1, routed)           0.805     9.551    Random_Gen/estado_color2_carry_i_170_n_0
    SLICE_X36Y48         CARRY4 (Prop_carry4_DI[2]_CO[3])
                                                      0.398     9.949 r  Random_Gen/estado_color2_carry_i_136/CO[3]
                         net (fo=1, routed)           0.000     9.949    Random_Gen/estado_color2_carry_i_136_n_0
    SLICE_X36Y49         CARRY4 (Prop_carry4_CI_CO[3])
                                                      0.114    10.063 r  Random_Gen/estado_color2_carry_i_59/CO[3]
                         net (fo=1, routed)           0.001    10.063    Random_Gen/estado_color2_carry_i_59_n_0
    SLICE_X36Y50         CARRY4 (Prop_carry4_CI_CO[3])
                                                      0.114    10.177 r  Random_Gen/estado_color2_carry_i_45/CO[3]
                         net (fo=1, routed)           0.000    10.177    Random_Gen/estado_color2_carry_i_45_n_0
    SLICE_X36Y51         CARRY4 (Prop_carry4_CI_O[1])
                                                      0.334    10.511 r  Random_Gen/estado_color2_carry_i_43/O[1]
                         net (fo=3, routed)           0.448    10.959    Random_Gen/estado_color2_carry_i_43_n_6
    SLICE_X41Y51         LUT6 (Prop_lut6_I4_O)        0.303    11.262 r  Random_Gen/estado_color2_carry_i_17/O
                         net (fo=1, routed)           0.682    11.944    Random_Gen/estado_color2_carry_i_17_n_0
    SLICE_X38Y53         CARRY4 (Prop_carry4_DI[2]_CO[3])
                                                      0.404    12.348 r  Random_Gen/estado_color2_carry_i_10/CO[3]
                         net (fo=1, routed)           0.000    12.348    Random_Gen/estado_color2_carry_i_10_n_0
    SLICE_X38Y54         CARRY4 (Prop_carry4_CI_CO[3])
                                                      0.117    12.465 r  Random_Gen/estado_color2_carry_i_13/CO[3]
                         net (fo=1, routed)           0.000    12.465    Random_Gen/estado_color2_carry_i_13_n_0
    SLICE_X38Y55         CARRY4 (Prop_carry4_CI_O[0])
                                                      0.219    12.684 r  Random_Gen/estado_color2_carry__0_i_9/O[0]
                         net (fo=9, routed)           0.765    13.449    Random_Gen_n_137
    SLICE_X39Y52         LUT2 (Prop_lut2_I1_O)        0.295    13.744 r  estado_color2_carry_i_356/O
                         net (fo=1, routed)           0.000    13.744    estado_color2_carry_i_356_n_0
    SLICE_X39Y52         CARRY4 (Prop_carry4_S[3]_CO[3])
                                                      0.401    14.145 r  estado_color2_carry_i_336/CO[3]
                         net (fo=1, routed)           0.000    14.145    estado_color2_carry_i_336_n_0
    SLICE_X39Y53         CARRY4 (Prop_carry4_CI_O[1])
                                                      0.334    14.479 r  estado_color2_carry_i_307/O[1]
                         net (fo=3, routed)           0.584    15.063    Random_Gen/estado_color2_carry_i_298_2[1]
    SLICE_X43Y51         LUT5 (Prop_lut5_I0_O)        0.303    15.366 r  Random_Gen/estado_color2_carry_i_330/O
                         net (fo=1, routed)           0.323    15.689    Random_Gen/estado_color2_carry_i_330_n_0
    SLICE_X40Y51         CARRY4 (Prop_carry4_DI[1]_CO[3])
                                                      0.507    16.196 r  Random_Gen/estado_color2_carry_i_298/CO[3]
                         net (fo=1, routed)           0.000    16.196    Random_Gen/estado_color2_carry_i_298_n_0
    SLICE_X40Y52         CARRY4 (Prop_carry4_CI_CO[3])
                                                      0.114    16.310 r  Random_Gen/estado_color2_carry_i_241/CO[3]
                         net (fo=1, routed)           0.000    16.310    Random_Gen/estado_color2_carry_i_241_n_0
    SLICE_X40Y53         CARRY4 (Prop_carry4_CI_CO[3])
                                                      0.114    16.424 r  Random_Gen/estado_color2_carry_i_154/CO[3]
                         net (fo=1, routed)           0.000    16.424    Random_Gen/estado_color2_carry_i_154_n_0
    SLICE_X40Y54         CARRY4 (Prop_carry4_CI_CO[3])
                                                      0.114    16.538 r  Random_Gen/estado_color2_carry_i_95/CO[3]
                         net (fo=1, routed)           0.000    16.538    Random_Gen/estado_color2_carry_i_95_n_0
    SLICE_X40Y55         CARRY4 (Prop_carry4_CI_CO[3])
                                                      0.114    16.652 r  Random_Gen/estado_color2_carry_i_49/CO[3]
                         net (fo=1, routed)           0.000    16.652    Random_Gen/estado_color2_carry_i_49_n_0
    SLICE_X40Y56         CARRY4 (Prop_carry4_CI_CO[0])
                                                      0.271    16.923 r  Random_Gen/estado_color2_carry_i_24/CO[0]
                         net (fo=3, routed)           0.503    17.426    Random_Gen/estado_color2_carry_i_24_n_3
    SLICE_X41Y56         LUT6 (Prop_lut6_I0_O)        0.373    17.799 r  Random_Gen/estado_color2_carry_i_11/O
                         net (fo=117, routed)         0.685    18.484    Random_Gen/lfsr_state_reg[0]_rep__1_2
    SLICE_X40Y59         LUT5 (Prop_lut5_I3_O)        0.124    18.608 r  Random_Gen/contador[0]_i_114/O
                         net (fo=1, routed)           0.000    18.608    Random_Gen/contador[0]_i_114_n_0
    SLICE_X40Y59         CARRY4 (Prop_carry4_S[1]_CO[3])
                                                      0.550    19.158 r  Random_Gen/contador_reg[0]_i_50/CO[3]
                         net (fo=1, routed)           0.000    19.158    Random_Gen/contador_reg[0]_i_50_n_0
    SLICE_X40Y60         CARRY4 (Prop_carry4_CI_CO[3])
                                                      0.114    19.272 r  Random_Gen/contador_reg[0]_i_45/CO[3]
                         net (fo=1, routed)           0.000    19.272    Random_Gen/contador_reg[0]_i_45_n_0
    SLICE_X40Y61         CARRY4 (Prop_carry4_CI_O[2])
                                                      0.239    19.511 f  Random_Gen/contador_reg[0]_i_40/O[2]
                         net (fo=2, routed)           0.581    20.093    contador3[18]
    SLICE_X37Y62         LUT1 (Prop_lut1_I0_O)        0.302    20.395 r  contador[0]_i_43/O
                         net (fo=1, routed)           0.000    20.395    contador[0]_i_43_n_0
    SLICE_X37Y62         CARRY4 (Prop_carry4_S[1]_CO[3])
                                                      0.550    20.945 r  contador_reg[0]_i_21/CO[3]
                         net (fo=1, routed)           0.000    20.945    contador_reg[0]_i_21_n_0
    SLICE_X37Y63         CARRY4 (Prop_carry4_CI_CO[3])
                                                      0.114    21.059 r  contador_reg[0]_i_16/CO[3]
                         net (fo=1, routed)           0.000    21.059    contador_reg[0]_i_16_n_0
    SLICE_X37Y64         CARRY4 (Prop_carry4_CI_O[3])
                                                      0.313    21.372 r  contador_reg[0]_i_15/O[3]
                         net (fo=1, routed)           0.601    21.972    contador2[28]
    SLICE_X38Y63         LUT6 (Prop_lut6_I4_O)        0.306    22.278 r  contador[0]_i_6/O
                         net (fo=1, routed)           0.000    22.278    contador[0]_i_6_n_0
    SLICE_X38Y63         CARRY4 (Prop_carry4_S[1]_O[3])
                                                      0.643    22.921 r  contador_reg[0]_i_2/O[3]
                         net (fo=31, routed)          0.537    23.458    sel
    SLICE_X36Y60         FDRE                                         r  contador_reg[5]/CE
  -------------------------------------------------------------------    -------------------

                         (clock sys_clk_pin rise edge)
                                                      8.000     8.000 r  
    K17                                               0.000     8.000 r  clk (IN)
                         net (fo=0)                   0.000     8.000    clk
    K17                  IBUF (Prop_ibuf_I_O)         1.421     9.421 r  clk_IBUF_inst/O
                         net (fo=1, routed)           1.880    11.301    clk_IBUF
    BUFGCTRL_X0Y16       BUFG (Prop_bufg_I_O)         0.091    11.392 r  clk_IBUF_BUFG_inst/O
                         net (fo=175, routed)         1.560    12.952    clk_IBUF_BUFG
    SLICE_X36Y60         FDRE                                         r  contador_reg[5]/C
                         clock pessimism              0.277    13.228    
                         clock uncertainty           -0.035    13.193    
    SLICE_X36Y60         FDRE (Setup_fdre_C_CE)      -0.388    12.805    contador_reg[5]
  -------------------------------------------------------------------
                         required time                         12.805    
                         arrival time                         -23.458    
  -------------------------------------------------------------------
                         slack                                -10.653    

Slack (VIOLATED) :        -10.653ns  (required time - arrival time)
  Source:                 Random_Gen/lfsr_state_reg[2]/C
                            (rising edge-triggered cell FDRE clocked by sys_clk_pin  {rise@0.000ns fall@4.000ns period=8.000ns})
  Destination:            contador_reg[6]/CE
                            (rising edge-triggered cell FDRE clocked by sys_clk_pin  {rise@0.000ns fall@4.000ns period=8.000ns})
  Path Group:             sys_clk_pin
  Path Type:              Setup (Max at Slow Process Corner)
  Requirement:            8.000ns  (sys_clk_pin rise@8.000ns - sys_clk_pin rise@0.000ns)
  Data Path Delay:        18.034ns  (logic 10.030ns (55.617%)  route 8.004ns (44.383%))
  Logic Levels:           34  (CARRY4=25 LUT1=1 LUT2=1 LUT4=1 LUT5=2 LUT6=4)
  Clock Path Skew:        -0.195ns (DCD - SCD + CPR)
    Destination Clock Delay (DCD):    4.952ns = ( 12.952 - 8.000 ) 
    Source Clock Delay      (SCD):    5.424ns
    Clock Pessimism Removal (CPR):    0.277ns
  Clock Uncertainty:      0.035ns  ((TSJ^2 + TIJ^2)^1/2 + DJ) / 2 + PE
    Total System Jitter     (TSJ):    0.071ns
    Total Input Jitter      (TIJ):    0.000ns
    Discrete Jitter          (DJ):    0.000ns
    Phase Error              (PE):    0.000ns

    Location             Delay type                Incr(ns)  Path(ns)    Netlist Resource(s)
  -------------------------------------------------------------------    -------------------
                         (clock sys_clk_pin rise edge)
                                                      0.000     0.000 r  
    K17                                               0.000     0.000 r  clk (IN)
                         net (fo=0)                   0.000     0.000    clk
    K17                  IBUF (Prop_ibuf_I_O)         1.492     1.492 r  clk_IBUF_inst/O
                         net (fo=1, routed)           2.076     3.568    clk_IBUF
    BUFGCTRL_X0Y16       BUFG (Prop_bufg_I_O)         0.101     3.669 r  clk_IBUF_BUFG_inst/O
                         net (fo=175, routed)         1.755     5.424    Random_Gen/clk_IBUF_BUFG
    SLICE_X37Y44         FDRE                                         r  Random_Gen/lfsr_state_reg[2]/C
  -------------------------------------------------------------------    -------------------
    SLICE_X37Y44         FDRE (Prop_fdre_C_Q)         0.456     5.880 r  Random_Gen/lfsr_state_reg[2]/Q
                         net (fo=99, routed)          1.026     6.906    Random_Gen/lfsr[2]
    SLICE_X38Y45         LUT4 (Prop_lut4_I1_O)        0.124     7.030 r  Random_Gen/estado_color2_carry_i_135/O
                         net (fo=1, routed)           0.000     7.030    Random_Gen/estado_color2_carry_i_135_n_0
    SLICE_X38Y45         CARRY4 (Prop_carry4_S[0]_CO[3])
                                                      0.513     7.543 r  Random_Gen/estado_color2_carry_i_58/CO[3]
                         net (fo=1, routed)           0.000     7.543    Random_Gen/estado_color2_carry_i_58_n_0
    SLICE_X38Y46         CARRY4 (Prop_carry4_CI_CO[3])
                                                      0.117     7.660 r  Random_Gen/estado_color2_carry_i_312/CO[3]
                         net (fo=1, routed)           0.000     7.660    Random_Gen/estado_color2_carry_i_312_n_0
    SLICE_X38Y47         CARRY4 (Prop_carry4_CI_O[3])
                                                      0.315     7.975 r  Random_Gen/estado_color2_carry_i_277/O[3]
                         net (fo=3, routed)           0.464     8.439    Random_Gen/estado_color2_carry_i_277_n_4
    SLICE_X36Y45         LUT6 (Prop_lut6_I5_O)        0.307     8.746 r  Random_Gen/estado_color2_carry_i_170/O
                         net (fo=1, routed)           0.805     9.551    Random_Gen/estado_color2_carry_i_170_n_0
    SLICE_X36Y48         CARRY4 (Prop_carry4_DI[2]_CO[3])
                                                      0.398     9.949 r  Random_Gen/estado_color2_carry_i_136/CO[3]
                         net (fo=1, routed)           0.000     9.949    Random_Gen/estado_color2_carry_i_136_n_0
    SLICE_X36Y49         CARRY4 (Prop_carry4_CI_CO[3])
                                                      0.114    10.063 r  Random_Gen/estado_color2_carry_i_59/CO[3]
                         net (fo=1, routed)           0.001    10.063    Random_Gen/estado_color2_carry_i_59_n_0
    SLICE_X36Y50         CARRY4 (Prop_carry4_CI_CO[3])
                                                      0.114    10.177 r  Random_Gen/estado_color2_carry_i_45/CO[3]
                         net (fo=1, routed)           0.000    10.177    Random_Gen/estado_color2_carry_i_45_n_0
    SLICE_X36Y51         CARRY4 (Prop_carry4_CI_O[1])
                                                      0.334    10.511 r  Random_Gen/estado_color2_carry_i_43/O[1]
                         net (fo=3, routed)           0.448    10.959    Random_Gen/estado_color2_carry_i_43_n_6
    SLICE_X41Y51         LUT6 (Prop_lut6_I4_O)        0.303    11.262 r  Random_Gen/estado_color2_carry_i_17/O
                         net (fo=1, routed)           0.682    11.944    Random_Gen/estado_color2_carry_i_17_n_0
    SLICE_X38Y53         CARRY4 (Prop_carry4_DI[2]_CO[3])
                                                      0.404    12.348 r  Random_Gen/estado_color2_carry_i_10/CO[3]
                         net (fo=1, routed)           0.000    12.348    Random_Gen/estado_color2_carry_i_10_n_0
    SLICE_X38Y54         CARRY4 (Prop_carry4_CI_CO[3])
                                                      0.117    12.465 r  Random_Gen/estado_color2_carry_i_13/CO[3]
                         net (fo=1, routed)           0.000    12.465    Random_Gen/estado_color2_carry_i_13_n_0
    SLICE_X38Y55         CARRY4 (Prop_carry4_CI_O[0])
                                                      0.219    12.684 r  Random_Gen/estado_color2_carry__0_i_9/O[0]
                         net (fo=9, routed)           0.765    13.449    Random_Gen_n_137
    SLICE_X39Y52         LUT2 (Prop_lut2_I1_O)        0.295    13.744 r  estado_color2_carry_i_356/O
                         net (fo=1, routed)           0.000    13.744    estado_color2_carry_i_356_n_0
    SLICE_X39Y52         CARRY4 (Prop_carry4_S[3]_CO[3])
                                                      0.401    14.145 r  estado_color2_carry_i_336/CO[3]
                         net (fo=1, routed)           0.000    14.145    estado_color2_carry_i_336_n_0
    SLICE_X39Y53         CARRY4 (Prop_carry4_CI_O[1])
                                                      0.334    14.479 r  estado_color2_carry_i_307/O[1]
                         net (fo=3, routed)           0.584    15.063    Random_Gen/estado_color2_carry_i_298_2[1]
    SLICE_X43Y51         LUT5 (Prop_lut5_I0_O)        0.303    15.366 r  Random_Gen/estado_color2_carry_i_330/O
                         net (fo=1, routed)           0.323    15.689    Random_Gen/estado_color2_carry_i_330_n_0
    SLICE_X40Y51         CARRY4 (Prop_carry4_DI[1]_CO[3])
                                                      0.507    16.196 r  Random_Gen/estado_color2_carry_i_298/CO[3]
                         net (fo=1, routed)           0.000    16.196    Random_Gen/estado_color2_carry_i_298_n_0
    SLICE_X40Y52         CARRY4 (Prop_carry4_CI_CO[3])
                                                      0.114    16.310 r  Random_Gen/estado_color2_carry_i_241/CO[3]
                         net (fo=1, routed)           0.000    16.310    Random_Gen/estado_color2_carry_i_241_n_0
    SLICE_X40Y53         CARRY4 (Prop_carry4_CI_CO[3])
                                                      0.114    16.424 r  Random_Gen/estado_color2_carry_i_154/CO[3]
                         net (fo=1, routed)           0.000    16.424    Random_Gen/estado_color2_carry_i_154_n_0
    SLICE_X40Y54         CARRY4 (Prop_carry4_CI_CO[3])
                                                      0.114    16.538 r  Random_Gen/estado_color2_carry_i_95/CO[3]
                         net (fo=1, routed)           0.000    16.538    Random_Gen/estado_color2_carry_i_95_n_0
    SLICE_X40Y55         CARRY4 (Prop_carry4_CI_CO[3])
                                                      0.114    16.652 r  Random_Gen/estado_color2_carry_i_49/CO[3]
                         net (fo=1, routed)           0.000    16.652    Random_Gen/estado_color2_carry_i_49_n_0
    SLICE_X40Y56         CARRY4 (Prop_carry4_CI_CO[0])
                                                      0.271    16.923 r  Random_Gen/estado_color2_carry_i_24/CO[0]
                         net (fo=3, routed)           0.503    17.426    Random_Gen/estado_color2_carry_i_24_n_3
    SLICE_X41Y56         LUT6 (Prop_lut6_I0_O)        0.373    17.799 r  Random_Gen/estado_color2_carry_i_11/O
                         net (fo=117, routed)         0.685    18.484    Random_Gen/lfsr_state_reg[0]_rep__1_2
    SLICE_X40Y59         LUT5 (Prop_lut5_I3_O)        0.124    18.608 r  Random_Gen/contador[0]_i_114/O
                         net (fo=1, routed)           0.000    18.608    Random_Gen/contador[0]_i_114_n_0
    SLICE_X40Y59         CARRY4 (Prop_carry4_S[1]_CO[3])
                                                      0.550    19.158 r  Random_Gen/contador_reg[0]_i_50/CO[3]
                         net (fo=1, routed)           0.000    19.158    Random_Gen/contador_reg[0]_i_50_n_0
    SLICE_X40Y60         CARRY4 (Prop_carry4_CI_CO[3])
                                                      0.114    19.272 r  Random_Gen/contador_reg[0]_i_45/CO[3]
                         net (fo=1, routed)           0.000    19.272    Random_Gen/contador_reg[0]_i_45_n_0
    SLICE_X40Y61         CARRY4 (Prop_carry4_CI_O[2])
                                                      0.239    19.511 f  Random_Gen/contador_reg[0]_i_40/O[2]
                         net (fo=2, routed)           0.581    20.093    contador3[18]
    SLICE_X37Y62         LUT1 (Prop_lut1_I0_O)        0.302    20.395 r  contador[0]_i_43/O
                         net (fo=1, routed)           0.000    20.395    contador[0]_i_43_n_0
    SLICE_X37Y62         CARRY4 (Prop_carry4_S[1]_CO[3])
                                                      0.550    20.945 r  contador_reg[0]_i_21/CO[3]
                         net (fo=1, routed)           0.000    20.945    contador_reg[0]_i_21_n_0
    SLICE_X37Y63         CARRY4 (Prop_carry4_CI_CO[3])
                                                      0.114    21.059 r  contador_reg[0]_i_16/CO[3]
                         net (fo=1, routed)           0.000    21.059    contador_reg[0]_i_16_n_0
    SLICE_X37Y64         CARRY4 (Prop_carry4_CI_O[3])
                                                      0.313    21.372 r  contador_reg[0]_i_15/O[3]
                         net (fo=1, routed)           0.601    21.972    contador2[28]
    SLICE_X38Y63         LUT6 (Prop_lut6_I4_O)        0.306    22.278 r  contador[0]_i_6/O
                         net (fo=1, routed)           0.000    22.278    contador[0]_i_6_n_0
    SLICE_X38Y63         CARRY4 (Prop_carry4_S[1]_O[3])
                                                      0.643    22.921 r  contador_reg[0]_i_2/O[3]
                         net (fo=31, routed)          0.537    23.458    sel
    SLICE_X36Y60         FDRE                                         r  contador_reg[6]/CE
  -------------------------------------------------------------------    -------------------

                         (clock sys_clk_pin rise edge)
                                                      8.000     8.000 r  
    K17                                               0.000     8.000 r  clk (IN)
                         net (fo=0)                   0.000     8.000    clk
    K17                  IBUF (Prop_ibuf_I_O)         1.421     9.421 r  clk_IBUF_inst/O
                         net (fo=1, routed)           1.880    11.301    clk_IBUF
    BUFGCTRL_X0Y16       BUFG (Prop_bufg_I_O)         0.091    11.392 r  clk_IBUF_BUFG_inst/O
                         net (fo=175, routed)         1.560    12.952    clk_IBUF_BUFG
    SLICE_X36Y60         FDRE                                         r  contador_reg[6]/C
                         clock pessimism              0.277    13.228    
                         clock uncertainty           -0.035    13.193    
    SLICE_X36Y60         FDRE (Setup_fdre_C_CE)      -0.388    12.805    contador_reg[6]
  -------------------------------------------------------------------
                         required time                         12.805    
                         arrival time                         -23.458    
  -------------------------------------------------------------------
                         slack                                -10.653    

Slack (VIOLATED) :        -10.653ns  (required time - arrival time)
  Source:                 Random_Gen/lfsr_state_reg[2]/C
                            (rising edge-triggered cell FDRE clocked by sys_clk_pin  {rise@0.000ns fall@4.000ns period=8.000ns})
  Destination:            contador_reg[7]/CE
                            (rising edge-triggered cell FDRE clocked by sys_clk_pin  {rise@0.000ns fall@4.000ns period=8.000ns})
  Path Group:             sys_clk_pin
  Path Type:              Setup (Max at Slow Process Corner)
  Requirement:            8.000ns  (sys_clk_pin rise@8.000ns - sys_clk_pin rise@0.000ns)
  Data Path Delay:        18.034ns  (logic 10.030ns (55.617%)  route 8.004ns (44.383%))
  Logic Levels:           34  (CARRY4=25 LUT1=1 LUT2=1 LUT4=1 LUT5=2 LUT6=4)
  Clock Path Skew:        -0.195ns (DCD - SCD + CPR)
    Destination Clock Delay (DCD):    4.952ns = ( 12.952 - 8.000 ) 
    Source Clock Delay      (SCD):    5.424ns
    Clock Pessimism Removal (CPR):    0.277ns
  Clock Uncertainty:      0.035ns  ((TSJ^2 + TIJ^2)^1/2 + DJ) / 2 + PE
    Total System Jitter     (TSJ):    0.071ns
    Total Input Jitter      (TIJ):    0.000ns
    Discrete Jitter          (DJ):    0.000ns
    Phase Error              (PE):    0.000ns

    Location             Delay type                Incr(ns)  Path(ns)    Netlist Resource(s)
  -------------------------------------------------------------------    -------------------
                         (clock sys_clk_pin rise edge)
                                                      0.000     0.000 r  
    K17                                               0.000     0.000 r  clk (IN)
                         net (fo=0)                   0.000     0.000    clk
    K17                  IBUF (Prop_ibuf_I_O)         1.492     1.492 r  clk_IBUF_inst/O
                         net (fo=1, routed)           2.076     3.568    clk_IBUF
    BUFGCTRL_X0Y16       BUFG (Prop_bufg_I_O)         0.101     3.669 r  clk_IBUF_BUFG_inst/O
                         net (fo=175, routed)         1.755     5.424    Random_Gen/clk_IBUF_BUFG
    SLICE_X37Y44         FDRE                                         r  Random_Gen/lfsr_state_reg[2]/C
  -------------------------------------------------------------------    -------------------
    SLICE_X37Y44         FDRE (Prop_fdre_C_Q)         0.456     5.880 r  Random_Gen/lfsr_state_reg[2]/Q
                         net (fo=99, routed)          1.026     6.906    Random_Gen/lfsr[2]
    SLICE_X38Y45         LUT4 (Prop_lut4_I1_O)        0.124     7.030 r  Random_Gen/estado_color2_carry_i_135/O
                         net (fo=1, routed)           0.000     7.030    Random_Gen/estado_color2_carry_i_135_n_0
    SLICE_X38Y45         CARRY4 (Prop_carry4_S[0]_CO[3])
                                                      0.513     7.543 r  Random_Gen/estado_color2_carry_i_58/CO[3]
                         net (fo=1, routed)           0.000     7.543    Random_Gen/estado_color2_carry_i_58_n_0
    SLICE_X38Y46         CARRY4 (Prop_carry4_CI_CO[3])
                                                      0.117     7.660 r  Random_Gen/estado_color2_carry_i_312/CO[3]
                         net (fo=1, routed)           0.000     7.660    Random_Gen/estado_color2_carry_i_312_n_0
    SLICE_X38Y47         CARRY4 (Prop_carry4_CI_O[3])
                                                      0.315     7.975 r  Random_Gen/estado_color2_carry_i_277/O[3]
                         net (fo=3, routed)           0.464     8.439    Random_Gen/estado_color2_carry_i_277_n_4
    SLICE_X36Y45         LUT6 (Prop_lut6_I5_O)        0.307     8.746 r  Random_Gen/estado_color2_carry_i_170/O
                         net (fo=1, routed)           0.805     9.551    Random_Gen/estado_color2_carry_i_170_n_0
    SLICE_X36Y48         CARRY4 (Prop_carry4_DI[2]_CO[3])
                                                      0.398     9.949 r  Random_Gen/estado_color2_carry_i_136/CO[3]
                         net (fo=1, routed)           0.000     9.949    Random_Gen/estado_color2_carry_i_136_n_0
    SLICE_X36Y49         CARRY4 (Prop_carry4_CI_CO[3])
                                                      0.114    10.063 r  Random_Gen/estado_color2_carry_i_59/CO[3]
                         net (fo=1, routed)           0.001    10.063    Random_Gen/estado_color2_carry_i_59_n_0
    SLICE_X36Y50         CARRY4 (Prop_carry4_CI_CO[3])
                                                      0.114    10.177 r  Random_Gen/estado_color2_carry_i_45/CO[3]
                         net (fo=1, routed)           0.000    10.177    Random_Gen/estado_color2_carry_i_45_n_0
    SLICE_X36Y51         CARRY4 (Prop_carry4_CI_O[1])
                                                      0.334    10.511 r  Random_Gen/estado_color2_carry_i_43/O[1]
                         net (fo=3, routed)           0.448    10.959    Random_Gen/estado_color2_carry_i_43_n_6
    SLICE_X41Y51         LUT6 (Prop_lut6_I4_O)        0.303    11.262 r  Random_Gen/estado_color2_carry_i_17/O
                         net (fo=1, routed)           0.682    11.944    Random_Gen/estado_color2_carry_i_17_n_0
    SLICE_X38Y53         CARRY4 (Prop_carry4_DI[2]_CO[3])
                                                      0.404    12.348 r  Random_Gen/estado_color2_carry_i_10/CO[3]
                         net (fo=1, routed)           0.000    12.348    Random_Gen/estado_color2_carry_i_10_n_0
    SLICE_X38Y54         CARRY4 (Prop_carry4_CI_CO[3])
                                                      0.117    12.465 r  Random_Gen/estado_color2_carry_i_13/CO[3]
                         net (fo=1, routed)           0.000    12.465    Random_Gen/estado_color2_carry_i_13_n_0
    SLICE_X38Y55         CARRY4 (Prop_carry4_CI_O[0])
                                                      0.219    12.684 r  Random_Gen/estado_color2_carry__0_i_9/O[0]
                         net (fo=9, routed)           0.765    13.449    Random_Gen_n_137
    SLICE_X39Y52         LUT2 (Prop_lut2_I1_O)        0.295    13.744 r  estado_color2_carry_i_356/O
                         net (fo=1, routed)           0.000    13.744    estado_color2_carry_i_356_n_0
    SLICE_X39Y52         CARRY4 (Prop_carry4_S[3]_CO[3])
                                                      0.401    14.145 r  estado_color2_carry_i_336/CO[3]
                         net (fo=1, routed)           0.000    14.145    estado_color2_carry_i_336_n_0
    SLICE_X39Y53         CARRY4 (Prop_carry4_CI_O[1])
                                                      0.334    14.479 r  estado_color2_carry_i_307/O[1]
                         net (fo=3, routed)           0.584    15.063    Random_Gen/estado_color2_carry_i_298_2[1]
    SLICE_X43Y51         LUT5 (Prop_lut5_I0_O)        0.303    15.366 r  Random_Gen/estado_color2_carry_i_330/O
                         net (fo=1, routed)           0.323    15.689    Random_Gen/estado_color2_carry_i_330_n_0
    SLICE_X40Y51         CARRY4 (Prop_carry4_DI[1]_CO[3])
                                                      0.507    16.196 r  Random_Gen/estado_color2_carry_i_298/CO[3]
                         net (fo=1, routed)           0.000    16.196    Random_Gen/estado_color2_carry_i_298_n_0
    SLICE_X40Y52         CARRY4 (Prop_carry4_CI_CO[3])
                                                      0.114    16.310 r  Random_Gen/estado_color2_carry_i_241/CO[3]
                         net (fo=1, routed)           0.000    16.310    Random_Gen/estado_color2_carry_i_241_n_0
    SLICE_X40Y53         CARRY4 (Prop_carry4_CI_CO[3])
                                                      0.114    16.424 r  Random_Gen/estado_color2_carry_i_154/CO[3]
                         net (fo=1, routed)           0.000    16.424    Random_Gen/estado_color2_carry_i_154_n_0
    SLICE_X40Y54         CARRY4 (Prop_carry4_CI_CO[3])
                                                      0.114    16.538 r  Random_Gen/estado_color2_carry_i_95/CO[3]
                         net (fo=1, routed)           0.000    16.538    Random_Gen/estado_color2_carry_i_95_n_0
    SLICE_X40Y55         CARRY4 (Prop_carry4_CI_CO[3])
                                                      0.114    16.652 r  Random_Gen/estado_color2_carry_i_49/CO[3]
                         net (fo=1, routed)           0.000    16.652    Random_Gen/estado_color2_carry_i_49_n_0
    SLICE_X40Y56         CARRY4 (Prop_carry4_CI_CO[0])
                                                      0.271    16.923 r  Random_Gen/estado_color2_carry_i_24/CO[0]
                         net (fo=3, routed)           0.503    17.426    Random_Gen/estado_color2_carry_i_24_n_3
    SLICE_X41Y56         LUT6 (Prop_lut6_I0_O)        0.373    17.799 r  Random_Gen/estado_color2_carry_i_11/O
                         net (fo=117, routed)         0.685    18.484    Random_Gen/lfsr_state_reg[0]_rep__1_2
    SLICE_X40Y59         LUT5 (Prop_lut5_I3_O)        0.124    18.608 r  Random_Gen/contador[0]_i_114/O
                         net (fo=1, routed)           0.000    18.608    Random_Gen/contador[0]_i_114_n_0
    SLICE_X40Y59         CARRY4 (Prop_carry4_S[1]_CO[3])
                                                      0.550    19.158 r  Random_Gen/contador_reg[0]_i_50/CO[3]
                         net (fo=1, routed)           0.000    19.158    Random_Gen/contador_reg[0]_i_50_n_0
    SLICE_X40Y60         CARRY4 (Prop_carry4_CI_CO[3])
                                                      0.114    19.272 r  Random_Gen/contador_reg[0]_i_45/CO[3]
                         net (fo=1, routed)           0.000    19.272    Random_Gen/contador_reg[0]_i_45_n_0
    SLICE_X40Y61         CARRY4 (Prop_carry4_CI_O[2])
                                                      0.239    19.511 f  Random_Gen/contador_reg[0]_i_40/O[2]
                         net (fo=2, routed)           0.581    20.093    contador3[18]
    SLICE_X37Y62         LUT1 (Prop_lut1_I0_O)        0.302    20.395 r  contador[0]_i_43/O
                         net (fo=1, routed)           0.000    20.395    contador[0]_i_43_n_0
    SLICE_X37Y62         CARRY4 (Prop_carry4_S[1]_CO[3])
                                                      0.550    20.945 r  contador_reg[0]_i_21/CO[3]
                         net (fo=1, routed)           0.000    20.945    contador_reg[0]_i_21_n_0
    SLICE_X37Y63         CARRY4 (Prop_carry4_CI_CO[3])
                                                      0.114    21.059 r  contador_reg[0]_i_16/CO[3]
                         net (fo=1, routed)           0.000    21.059    contador_reg[0]_i_16_n_0
    SLICE_X37Y64         CARRY4 (Prop_carry4_CI_O[3])
                                                      0.313    21.372 r  contador_reg[0]_i_15/O[3]
                         net (fo=1, routed)           0.601    21.972    contador2[28]
    SLICE_X38Y63         LUT6 (Prop_lut6_I4_O)        0.306    22.278 r  contador[0]_i_6/O
                         net (fo=1, routed)           0.000    22.278    contador[0]_i_6_n_0
    SLICE_X38Y63         CARRY4 (Prop_carry4_S[1]_O[3])
                                                      0.643    22.921 r  contador_reg[0]_i_2/O[3]
                         net (fo=31, routed)          0.537    23.458    sel
    SLICE_X36Y60         FDRE                                         r  contador_reg[7]/CE
  -------------------------------------------------------------------    -------------------

                         (clock sys_clk_pin rise edge)
                                                      8.000     8.000 r  
    K17                                               0.000     8.000 r  clk (IN)
                         net (fo=0)                   0.000     8.000    clk
    K17                  IBUF (Prop_ibuf_I_O)         1.421     9.421 r  clk_IBUF_inst/O
                         net (fo=1, routed)           1.880    11.301    clk_IBUF
    BUFGCTRL_X0Y16       BUFG (Prop_bufg_I_O)         0.091    11.392 r  clk_IBUF_BUFG_inst/O
                         net (fo=175, routed)         1.560    12.952    clk_IBUF_BUFG
    SLICE_X36Y60         FDRE                                         r  contador_reg[7]/C
                         clock pessimism              0.277    13.228    
                         clock uncertainty           -0.035    13.193    
    SLICE_X36Y60         FDRE (Setup_fdre_C_CE)      -0.388    12.805    contador_reg[7]
  -------------------------------------------------------------------
                         required time                         12.805    
                         arrival time                         -23.458    
  -------------------------------------------------------------------
                         slack                                -10.653    

Slack (VIOLATED) :        -10.646ns  (required time - arrival time)
  Source:                 Random_Gen/lfsr_state_reg[2]/C
                            (rising edge-triggered cell FDRE clocked by sys_clk_pin  {rise@0.000ns fall@4.000ns period=8.000ns})
  Destination:            contador_reg[24]/CE
                            (rising edge-triggered cell FDRE clocked by sys_clk_pin  {rise@0.000ns fall@4.000ns period=8.000ns})
  Path Group:             sys_clk_pin
  Path Type:              Setup (Max at Slow Process Corner)
  Requirement:            8.000ns  (sys_clk_pin rise@8.000ns - sys_clk_pin rise@0.000ns)
  Data Path Delay:        18.024ns  (logic 10.030ns (55.649%)  route 7.994ns (44.351%))
  Logic Levels:           34  (CARRY4=25 LUT1=1 LUT2=1 LUT4=1 LUT5=2 LUT6=4)
  Clock Path Skew:        -0.199ns (DCD - SCD + CPR)
    Destination Clock Delay (DCD):    4.948ns = ( 12.948 - 8.000 ) 
    Source Clock Delay      (SCD):    5.424ns
    Clock Pessimism Removal (CPR):    0.277ns
  Clock Uncertainty:      0.035ns  ((TSJ^2 + TIJ^2)^1/2 + DJ) / 2 + PE
    Total System Jitter     (TSJ):    0.071ns
    Total Input Jitter      (TIJ):    0.000ns
    Discrete Jitter          (DJ):    0.000ns
    Phase Error              (PE):    0.000ns

    Location             Delay type                Incr(ns)  Path(ns)    Netlist Resource(s)
  -------------------------------------------------------------------    -------------------
                         (clock sys_clk_pin rise edge)
                                                      0.000     0.000 r  
    K17                                               0.000     0.000 r  clk (IN)
                         net (fo=0)                   0.000     0.000    clk
    K17                  IBUF (Prop_ibuf_I_O)         1.492     1.492 r  clk_IBUF_inst/O
                         net (fo=1, routed)           2.076     3.568    clk_IBUF
    BUFGCTRL_X0Y16       BUFG (Prop_bufg_I_O)         0.101     3.669 r  clk_IBUF_BUFG_inst/O
                         net (fo=175, routed)         1.755     5.424    Random_Gen/clk_IBUF_BUFG
    SLICE_X37Y44         FDRE                                         r  Random_Gen/lfsr_state_reg[2]/C
  -------------------------------------------------------------------    -------------------
    SLICE_X37Y44         FDRE (Prop_fdre_C_Q)         0.456     5.880 r  Random_Gen/lfsr_state_reg[2]/Q
                         net (fo=99, routed)          1.026     6.906    Random_Gen/lfsr[2]
    SLICE_X38Y45         LUT4 (Prop_lut4_I1_O)        0.124     7.030 r  Random_Gen/estado_color2_carry_i_135/O
                         net (fo=1, routed)           0.000     7.030    Random_Gen/estado_color2_carry_i_135_n_0
    SLICE_X38Y45         CARRY4 (Prop_carry4_S[0]_CO[3])
                                                      0.513     7.543 r  Random_Gen/estado_color2_carry_i_58/CO[3]
                         net (fo=1, routed)           0.000     7.543    Random_Gen/estado_color2_carry_i_58_n_0
    SLICE_X38Y46         CARRY4 (Prop_carry4_CI_CO[3])
                                                      0.117     7.660 r  Random_Gen/estado_color2_carry_i_312/CO[3]
                         net (fo=1, routed)           0.000     7.660    Random_Gen/estado_color2_carry_i_312_n_0
    SLICE_X38Y47         CARRY4 (Prop_carry4_CI_O[3])
                                                      0.315     7.975 r  Random_Gen/estado_color2_carry_i_277/O[3]
                         net (fo=3, routed)           0.464     8.439    Random_Gen/estado_color2_carry_i_277_n_4
    SLICE_X36Y45         LUT6 (Prop_lut6_I5_O)        0.307     8.746 r  Random_Gen/estado_color2_carry_i_170/O
                         net (fo=1, routed)           0.805     9.551    Random_Gen/estado_color2_carry_i_170_n_0
    SLICE_X36Y48         CARRY4 (Prop_carry4_DI[2]_CO[3])
                                                      0.398     9.949 r  Random_Gen/estado_color2_carry_i_136/CO[3]
                         net (fo=1, routed)           0.000     9.949    Random_Gen/estado_color2_carry_i_136_n_0
    SLICE_X36Y49         CARRY4 (Prop_carry4_CI_CO[3])
                                                      0.114    10.063 r  Random_Gen/estado_color2_carry_i_59/CO[3]
                         net (fo=1, routed)           0.001    10.063    Random_Gen/estado_color2_carry_i_59_n_0
    SLICE_X36Y50         CARRY4 (Prop_carry4_CI_CO[3])
                                                      0.114    10.177 r  Random_Gen/estado_color2_carry_i_45/CO[3]
                         net (fo=1, routed)           0.000    10.177    Random_Gen/estado_color2_carry_i_45_n_0
    SLICE_X36Y51         CARRY4 (Prop_carry4_CI_O[1])
                                                      0.334    10.511 r  Random_Gen/estado_color2_carry_i_43/O[1]
                         net (fo=3, routed)           0.448    10.959    Random_Gen/estado_color2_carry_i_43_n_6
    SLICE_X41Y51         LUT6 (Prop_lut6_I4_O)        0.303    11.262 r  Random_Gen/estado_color2_carry_i_17/O
                         net (fo=1, routed)           0.682    11.944    Random_Gen/estado_color2_carry_i_17_n_0
    SLICE_X38Y53         CARRY4 (Prop_carry4_DI[2]_CO[3])
                                                      0.404    12.348 r  Random_Gen/estado_color2_carry_i_10/CO[3]
                         net (fo=1, routed)           0.000    12.348    Random_Gen/estado_color2_carry_i_10_n_0
    SLICE_X38Y54         CARRY4 (Prop_carry4_CI_CO[3])
                                                      0.117    12.465 r  Random_Gen/estado_color2_carry_i_13/CO[3]
                         net (fo=1, routed)           0.000    12.465    Random_Gen/estado_color2_carry_i_13_n_0
    SLICE_X38Y55         CARRY4 (Prop_carry4_CI_O[0])
                                                      0.219    12.684 r  Random_Gen/estado_color2_carry__0_i_9/O[0]
                         net (fo=9, routed)           0.765    13.449    Random_Gen_n_137
    SLICE_X39Y52         LUT2 (Prop_lut2_I1_O)        0.295    13.744 r  estado_color2_carry_i_356/O
                         net (fo=1, routed)           0.000    13.744    estado_color2_carry_i_356_n_0
    SLICE_X39Y52         CARRY4 (Prop_carry4_S[3]_CO[3])
                                                      0.401    14.145 r  estado_color2_carry_i_336/CO[3]
                         net (fo=1, routed)           0.000    14.145    estado_color2_carry_i_336_n_0
    SLICE_X39Y53         CARRY4 (Prop_carry4_CI_O[1])
                                                      0.334    14.479 r  estado_color2_carry_i_307/O[1]
                         net (fo=3, routed)           0.584    15.063    Random_Gen/estado_color2_carry_i_298_2[1]
    SLICE_X43Y51         LUT5 (Prop_lut5_I0_O)        0.303    15.366 r  Random_Gen/estado_color2_carry_i_330/O
                         net (fo=1, routed)           0.323    15.689    Random_Gen/estado_color2_carry_i_330_n_0
    SLICE_X40Y51         CARRY4 (Prop_carry4_DI[1]_CO[3])
                                                      0.507    16.196 r  Random_Gen/estado_color2_carry_i_298/CO[3]
                         net (fo=1, routed)           0.000    16.196    Random_Gen/estado_color2_carry_i_298_n_0
    SLICE_X40Y52         CARRY4 (Prop_carry4_CI_CO[3])
                                                      0.114    16.310 r  Random_Gen/estado_color2_carry_i_241/CO[3]
                         net (fo=1, routed)           0.000    16.310    Random_Gen/estado_color2_carry_i_241_n_0
    SLICE_X40Y53         CARRY4 (Prop_carry4_CI_CO[3])
                                                      0.114    16.424 r  Random_Gen/estado_color2_carry_i_154/CO[3]
                         net (fo=1, routed)           0.000    16.424    Random_Gen/estado_color2_carry_i_154_n_0
    SLICE_X40Y54         CARRY4 (Prop_carry4_CI_CO[3])
                                                      0.114    16.538 r  Random_Gen/estado_color2_carry_i_95/CO[3]
                         net (fo=1, routed)           0.000    16.538    Random_Gen/estado_color2_carry_i_95_n_0
    SLICE_X40Y55         CARRY4 (Prop_carry4_CI_CO[3])
                                                      0.114    16.652 r  Random_Gen/estado_color2_carry_i_49/CO[3]
                         net (fo=1, routed)           0.000    16.652    Random_Gen/estado_color2_carry_i_49_n_0
    SLICE_X40Y56         CARRY4 (Prop_carry4_CI_CO[0])
                                                      0.271    16.923 r  Random_Gen/estado_color2_carry_i_24/CO[0]
                         net (fo=3, routed)           0.503    17.426    Random_Gen/estado_color2_carry_i_24_n_3
    SLICE_X41Y56         LUT6 (Prop_lut6_I0_O)        0.373    17.799 r  Random_Gen/estado_color2_carry_i_11/O
                         net (fo=117, routed)         0.685    18.484    Random_Gen/lfsr_state_reg[0]_rep__1_2
    SLICE_X40Y59         LUT5 (Prop_lut5_I3_O)        0.124    18.608 r  Random_Gen/contador[0]_i_114/O
                         net (fo=1, routed)           0.000    18.608    Random_Gen/contador[0]_i_114_n_0
    SLICE_X40Y59         CARRY4 (Prop_carry4_S[1]_CO[3])
                                                      0.550    19.158 r  Random_Gen/contador_reg[0]_i_50/CO[3]
                         net (fo=1, routed)           0.000    19.158    Random_Gen/contador_reg[0]_i_50_n_0
    SLICE_X40Y60         CARRY4 (Prop_carry4_CI_CO[3])
                                                      0.114    19.272 r  Random_Gen/contador_reg[0]_i_45/CO[3]
                         net (fo=1, routed)           0.000    19.272    Random_Gen/contador_reg[0]_i_45_n_0
    SLICE_X40Y61         CARRY4 (Prop_carry4_CI_O[2])
                                                      0.239    19.511 f  Random_Gen/contador_reg[0]_i_40/O[2]
                         net (fo=2, routed)           0.581    20.093    contador3[18]
    SLICE_X37Y62         LUT1 (Prop_lut1_I0_O)        0.302    20.395 r  contador[0]_i_43/O
                         net (fo=1, routed)           0.000    20.395    contador[0]_i_43_n_0
    SLICE_X37Y62         CARRY4 (Prop_carry4_S[1]_CO[3])
                                                      0.550    20.945 r  contador_reg[0]_i_21/CO[3]
                         net (fo=1, routed)           0.000    20.945    contador_reg[0]_i_21_n_0
    SLICE_X37Y63         CARRY4 (Prop_carry4_CI_CO[3])
                                                      0.114    21.059 r  contador_reg[0]_i_16/CO[3]
                         net (fo=1, routed)           0.000    21.059    contador_reg[0]_i_16_n_0
    SLICE_X37Y64         CARRY4 (Prop_carry4_CI_O[3])
                                                      0.313    21.372 r  contador_reg[0]_i_15/O[3]
                         net (fo=1, routed)           0.601    21.972    contador2[28]
    SLICE_X38Y63         LUT6 (Prop_lut6_I4_O)        0.306    22.278 r  contador[0]_i_6/O
                         net (fo=1, routed)           0.000    22.278    contador[0]_i_6_n_0
    SLICE_X38Y63         CARRY4 (Prop_carry4_S[1]_O[3])
                                                      0.643    22.921 r  contador_reg[0]_i_2/O[3]
                         net (fo=31, routed)          0.526    23.448    sel
    SLICE_X36Y65         FDRE                                         r  contador_reg[24]/CE
  -------------------------------------------------------------------    -------------------

                         (clock sys_clk_pin rise edge)
                                                      8.000     8.000 r  
    K17                                               0.000     8.000 r  clk (IN)
                         net (fo=0)                   0.000     8.000    clk
    K17                  IBUF (Prop_ibuf_I_O)         1.421     9.421 r  clk_IBUF_inst/O
                         net (fo=1, routed)           1.880    11.301    clk_IBUF
    BUFGCTRL_X0Y16       BUFG (Prop_bufg_I_O)         0.091    11.392 r  clk_IBUF_BUFG_inst/O
                         net (fo=175, routed)         1.556    12.948    clk_IBUF_BUFG
    SLICE_X36Y65         FDRE                                         r  contador_reg[24]/C
                         clock pessimism              0.277    13.224    
                         clock uncertainty           -0.035    13.189    
    SLICE_X36Y65         FDRE (Setup_fdre_C_CE)      -0.388    12.801    contador_reg[24]
  -------------------------------------------------------------------
                         required time                         12.801    
                         arrival time                         -23.448    
  -------------------------------------------------------------------
                         slack                                -10.646    

Slack (VIOLATED) :        -10.646ns  (required time - arrival time)
  Source:                 Random_Gen/lfsr_state_reg[2]/C
                            (rising edge-triggered cell FDRE clocked by sys_clk_pin  {rise@0.000ns fall@4.000ns period=8.000ns})
  Destination:            contador_reg[25]/CE
                            (rising edge-triggered cell FDRE clocked by sys_clk_pin  {rise@0.000ns fall@4.000ns period=8.000ns})
  Path Group:             sys_clk_pin
  Path Type:              Setup (Max at Slow Process Corner)
  Requirement:            8.000ns  (sys_clk_pin rise@8.000ns - sys_clk_pin rise@0.000ns)
  Data Path Delay:        18.024ns  (logic 10.030ns (55.649%)  route 7.994ns (44.351%))
  Logic Levels:           34  (CARRY4=25 LUT1=1 LUT2=1 LUT4=1 LUT5=2 LUT6=4)
  Clock Path Skew:        -0.199ns (DCD - SCD + CPR)
    Destination Clock Delay (DCD):    4.948ns = ( 12.948 - 8.000 ) 
    Source Clock Delay      (SCD):    5.424ns
    Clock Pessimism Removal (CPR):    0.277ns
  Clock Uncertainty:      0.035ns  ((TSJ^2 + TIJ^2)^1/2 + DJ) / 2 + PE
    Total System Jitter     (TSJ):    0.071ns
    Total Input Jitter      (TIJ):    0.000ns
    Discrete Jitter          (DJ):    0.000ns
    Phase Error              (PE):    0.000ns

    Location             Delay type                Incr(ns)  Path(ns)    Netlist Resource(s)
  -------------------------------------------------------------------    -------------------
                         (clock sys_clk_pin rise edge)
                                                      0.000     0.000 r  
    K17                                               0.000     0.000 r  clk (IN)
                         net (fo=0)                   0.000     0.000    clk
    K17                  IBUF (Prop_ibuf_I_O)         1.492     1.492 r  clk_IBUF_inst/O
                         net (fo=1, routed)           2.076     3.568    clk_IBUF
    BUFGCTRL_X0Y16       BUFG (Prop_bufg_I_O)         0.101     3.669 r  clk_IBUF_BUFG_inst/O
                         net (fo=175, routed)         1.755     5.424    Random_Gen/clk_IBUF_BUFG
    SLICE_X37Y44         FDRE                                         r  Random_Gen/lfsr_state_reg[2]/C
  -------------------------------------------------------------------    -------------------
    SLICE_X37Y44         FDRE (Prop_fdre_C_Q)         0.456     5.880 r  Random_Gen/lfsr_state_reg[2]/Q
                         net (fo=99, routed)          1.026     6.906    Random_Gen/lfsr[2]
    SLICE_X38Y45         LUT4 (Prop_lut4_I1_O)        0.124     7.030 r  Random_Gen/estado_color2_carry_i_135/O
                         net (fo=1, routed)           0.000     7.030    Random_Gen/estado_color2_carry_i_135_n_0
    SLICE_X38Y45         CARRY4 (Prop_carry4_S[0]_CO[3])
                                                      0.513     7.543 r  Random_Gen/estado_color2_carry_i_58/CO[3]
                         net (fo=1, routed)           0.000     7.543    Random_Gen/estado_color2_carry_i_58_n_0
    SLICE_X38Y46         CARRY4 (Prop_carry4_CI_CO[3])
                                                      0.117     7.660 r  Random_Gen/estado_color2_carry_i_312/CO[3]
                         net (fo=1, routed)           0.000     7.660    Random_Gen/estado_color2_carry_i_312_n_0
    SLICE_X38Y47         CARRY4 (Prop_carry4_CI_O[3])
                                                      0.315     7.975 r  Random_Gen/estado_color2_carry_i_277/O[3]
                         net (fo=3, routed)           0.464     8.439    Random_Gen/estado_color2_carry_i_277_n_4
    SLICE_X36Y45         LUT6 (Prop_lut6_I5_O)        0.307     8.746 r  Random_Gen/estado_color2_carry_i_170/O
                         net (fo=1, routed)           0.805     9.551    Random_Gen/estado_color2_carry_i_170_n_0
    SLICE_X36Y48         CARRY4 (Prop_carry4_DI[2]_CO[3])
                                                      0.398     9.949 r  Random_Gen/estado_color2_carry_i_136/CO[3]
                         net (fo=1, routed)           0.000     9.949    Random_Gen/estado_color2_carry_i_136_n_0
    SLICE_X36Y49         CARRY4 (Prop_carry4_CI_CO[3])
                                                      0.114    10.063 r  Random_Gen/estado_color2_carry_i_59/CO[3]
                         net (fo=1, routed)           0.001    10.063    Random_Gen/estado_color2_carry_i_59_n_0
    SLICE_X36Y50         CARRY4 (Prop_carry4_CI_CO[3])
                                                      0.114    10.177 r  Random_Gen/estado_color2_carry_i_45/CO[3]
                         net (fo=1, routed)           0.000    10.177    Random_Gen/estado_color2_carry_i_45_n_0
    SLICE_X36Y51         CARRY4 (Prop_carry4_CI_O[1])
                                                      0.334    10.511 r  Random_Gen/estado_color2_carry_i_43/O[1]
                         net (fo=3, routed)           0.448    10.959    Random_Gen/estado_color2_carry_i_43_n_6
    SLICE_X41Y51         LUT6 (Prop_lut6_I4_O)        0.303    11.262 r  Random_Gen/estado_color2_carry_i_17/O
                         net (fo=1, routed)           0.682    11.944    Random_Gen/estado_color2_carry_i_17_n_0
    SLICE_X38Y53         CARRY4 (Prop_carry4_DI[2]_CO[3])
                                                      0.404    12.348 r  Random_Gen/estado_color2_carry_i_10/CO[3]
                         net (fo=1, routed)           0.000    12.348    Random_Gen/estado_color2_carry_i_10_n_0
    SLICE_X38Y54         CARRY4 (Prop_carry4_CI_CO[3])
                                                      0.117    12.465 r  Random_Gen/estado_color2_carry_i_13/CO[3]
                         net (fo=1, routed)           0.000    12.465    Random_Gen/estado_color2_carry_i_13_n_0
    SLICE_X38Y55         CARRY4 (Prop_carry4_CI_O[0])
                                                      0.219    12.684 r  Random_Gen/estado_color2_carry__0_i_9/O[0]
                         net (fo=9, routed)           0.765    13.449    Random_Gen_n_137
    SLICE_X39Y52         LUT2 (Prop_lut2_I1_O)        0.295    13.744 r  estado_color2_carry_i_356/O
                         net (fo=1, routed)           0.000    13.744    estado_color2_carry_i_356_n_0
    SLICE_X39Y52         CARRY4 (Prop_carry4_S[3]_CO[3])
                                                      0.401    14.145 r  estado_color2_carry_i_336/CO[3]
                         net (fo=1, routed)           0.000    14.145    estado_color2_carry_i_336_n_0
    SLICE_X39Y53         CARRY4 (Prop_carry4_CI_O[1])
                                                      0.334    14.479 r  estado_color2_carry_i_307/O[1]
                         net (fo=3, routed)           0.584    15.063    Random_Gen/estado_color2_carry_i_298_2[1]
    SLICE_X43Y51         LUT5 (Prop_lut5_I0_O)        0.303    15.366 r  Random_Gen/estado_color2_carry_i_330/O
                         net (fo=1, routed)           0.323    15.689    Random_Gen/estado_color2_carry_i_330_n_0
    SLICE_X40Y51         CARRY4 (Prop_carry4_DI[1]_CO[3])
                                                      0.507    16.196 r  Random_Gen/estado_color2_carry_i_298/CO[3]
                         net (fo=1, routed)           0.000    16.196    Random_Gen/estado_color2_carry_i_298_n_0
    SLICE_X40Y52         CARRY4 (Prop_carry4_CI_CO[3])
                                                      0.114    16.310 r  Random_Gen/estado_color2_carry_i_241/CO[3]
                         net (fo=1, routed)           0.000    16.310    Random_Gen/estado_color2_carry_i_241_n_0
    SLICE_X40Y53         CARRY4 (Prop_carry4_CI_CO[3])
                                                      0.114    16.424 r  Random_Gen/estado_color2_carry_i_154/CO[3]
                         net (fo=1, routed)           0.000    16.424    Random_Gen/estado_color2_carry_i_154_n_0
    SLICE_X40Y54         CARRY4 (Prop_carry4_CI_CO[3])
                                                      0.114    16.538 r  Random_Gen/estado_color2_carry_i_95/CO[3]
                         net (fo=1, routed)           0.000    16.538    Random_Gen/estado_color2_carry_i_95_n_0
    SLICE_X40Y55         CARRY4 (Prop_carry4_CI_CO[3])
                                                      0.114    16.652 r  Random_Gen/estado_color2_carry_i_49/CO[3]
                         net (fo=1, routed)           0.000    16.652    Random_Gen/estado_color2_carry_i_49_n_0
    SLICE_X40Y56         CARRY4 (Prop_carry4_CI_CO[0])
                                                      0.271    16.923 r  Random_Gen/estado_color2_carry_i_24/CO[0]
                         net (fo=3, routed)           0.503    17.426    Random_Gen/estado_color2_carry_i_24_n_3
    SLICE_X41Y56         LUT6 (Prop_lut6_I0_O)        0.373    17.799 r  Random_Gen/estado_color2_carry_i_11/O
                         net (fo=117, routed)         0.685    18.484    Random_Gen/lfsr_state_reg[0]_rep__1_2
    SLICE_X40Y59         LUT5 (Prop_lut5_I3_O)        0.124    18.608 r  Random_Gen/contador[0]_i_114/O
                         net (fo=1, routed)           0.000    18.608    Random_Gen/contador[0]_i_114_n_0
    SLICE_X40Y59         CARRY4 (Prop_carry4_S[1]_CO[3])
                                                      0.550    19.158 r  Random_Gen/contador_reg[0]_i_50/CO[3]
                         net (fo=1, routed)           0.000    19.158    Random_Gen/contador_reg[0]_i_50_n_0
    SLICE_X40Y60         CARRY4 (Prop_carry4_CI_CO[3])
                                                      0.114    19.272 r  Random_Gen/contador_reg[0]_i_45/CO[3]
                         net (fo=1, routed)           0.000    19.272    Random_Gen/contador_reg[0]_i_45_n_0
    SLICE_X40Y61         CARRY4 (Prop_carry4_CI_O[2])
                                                      0.239    19.511 f  Random_Gen/contador_reg[0]_i_40/O[2]
                         net (fo=2, routed)           0.581    20.093    contador3[18]
    SLICE_X37Y62         LUT1 (Prop_lut1_I0_O)        0.302    20.395 r  contador[0]_i_43/O
                         net (fo=1, routed)           0.000    20.395    contador[0]_i_43_n_0
    SLICE_X37Y62         CARRY4 (Prop_carry4_S[1]_CO[3])
                                                      0.550    20.945 r  contador_reg[0]_i_21/CO[3]
                         net (fo=1, routed)           0.000    20.945    contador_reg[0]_i_21_n_0
    SLICE_X37Y63         CARRY4 (Prop_carry4_CI_CO[3])
                                                      0.114    21.059 r  contador_reg[0]_i_16/CO[3]
                         net (fo=1, routed)           0.000    21.059    contador_reg[0]_i_16_n_0
    SLICE_X37Y64         CARRY4 (Prop_carry4_CI_O[3])
                                                      0.313    21.372 r  contador_reg[0]_i_15/O[3]
                         net (fo=1, routed)           0.601    21.972    contador2[28]
    SLICE_X38Y63         LUT6 (Prop_lut6_I4_O)        0.306    22.278 r  contador[0]_i_6/O
                         net (fo=1, routed)           0.000    22.278    contador[0]_i_6_n_0
    SLICE_X38Y63         CARRY4 (Prop_carry4_S[1]_O[3])
                                                      0.643    22.921 r  contador_reg[0]_i_2/O[3]
                         net (fo=31, routed)          0.526    23.448    sel
    SLICE_X36Y65         FDRE                                         r  contador_reg[25]/CE
  -------------------------------------------------------------------    -------------------

                         (clock sys_clk_pin rise edge)
                                                      8.000     8.000 r  
    K17                                               0.000     8.000 r  clk (IN)
                         net (fo=0)                   0.000     8.000    clk
    K17                  IBUF (Prop_ibuf_I_O)         1.421     9.421 r  clk_IBUF_inst/O
                         net (fo=1, routed)           1.880    11.301    clk_IBUF
    BUFGCTRL_X0Y16       BUFG (Prop_bufg_I_O)         0.091    11.392 r  clk_IBUF_BUFG_inst/O
                         net (fo=175, routed)         1.556    12.948    clk_IBUF_BUFG
    SLICE_X36Y65         FDRE                                         r  contador_reg[25]/C
                         clock pessimism              0.277    13.224    
                         clock uncertainty           -0.035    13.189    
    SLICE_X36Y65         FDRE (Setup_fdre_C_CE)      -0.388    12.801    contador_reg[25]
  -------------------------------------------------------------------
                         required time                         12.801    
                         arrival time                         -23.448    
  -------------------------------------------------------------------
                         slack                                -10.646    

Slack (VIOLATED) :        -10.646ns  (required time - arrival time)
  Source:                 Random_Gen/lfsr_state_reg[2]/C
                            (rising edge-triggered cell FDRE clocked by sys_clk_pin  {rise@0.000ns fall@4.000ns period=8.000ns})
  Destination:            contador_reg[26]/CE
                            (rising edge-triggered cell FDRE clocked by sys_clk_pin  {rise@0.000ns fall@4.000ns period=8.000ns})
  Path Group:             sys_clk_pin
  Path Type:              Setup (Max at Slow Process Corner)
  Requirement:            8.000ns  (sys_clk_pin rise@8.000ns - sys_clk_pin rise@0.000ns)
  Data Path Delay:        18.024ns  (logic 10.030ns (55.649%)  route 7.994ns (44.351%))
  Logic Levels:           34  (CARRY4=25 LUT1=1 LUT2=1 LUT4=1 LUT5=2 LUT6=4)
  Clock Path Skew:        -0.199ns (DCD - SCD + CPR)
    Destination Clock Delay (DCD):    4.948ns = ( 12.948 - 8.000 ) 
    Source Clock Delay      (SCD):    5.424ns
    Clock Pessimism Removal (CPR):    0.277ns
  Clock Uncertainty:      0.035ns  ((TSJ^2 + TIJ^2)^1/2 + DJ) / 2 + PE
    Total System Jitter     (TSJ):    0.071ns
    Total Input Jitter      (TIJ):    0.000ns
    Discrete Jitter          (DJ):    0.000ns
    Phase Error              (PE):    0.000ns

    Location             Delay type                Incr(ns)  Path(ns)    Netlist Resource(s)
  -------------------------------------------------------------------    -------------------
                         (clock sys_clk_pin rise edge)
                                                      0.000     0.000 r  
    K17                                               0.000     0.000 r  clk (IN)
                         net (fo=0)                   0.000     0.000    clk
    K17                  IBUF (Prop_ibuf_I_O)         1.492     1.492 r  clk_IBUF_inst/O
                         net (fo=1, routed)           2.076     3.568    clk_IBUF
    BUFGCTRL_X0Y16       BUFG (Prop_bufg_I_O)         0.101     3.669 r  clk_IBUF_BUFG_inst/O
                         net (fo=175, routed)         1.755     5.424    Random_Gen/clk_IBUF_BUFG
    SLICE_X37Y44         FDRE                                         r  Random_Gen/lfsr_state_reg[2]/C
  -------------------------------------------------------------------    -------------------
    SLICE_X37Y44         FDRE (Prop_fdre_C_Q)         0.456     5.880 r  Random_Gen/lfsr_state_reg[2]/Q
                         net (fo=99, routed)          1.026     6.906    Random_Gen/lfsr[2]
    SLICE_X38Y45         LUT4 (Prop_lut4_I1_O)        0.124     7.030 r  Random_Gen/estado_color2_carry_i_135/O
                         net (fo=1, routed)           0.000     7.030    Random_Gen/estado_color2_carry_i_135_n_0
    SLICE_X38Y45         CARRY4 (Prop_carry4_S[0]_CO[3])
                                                      0.513     7.543 r  Random_Gen/estado_color2_carry_i_58/CO[3]
                         net (fo=1, routed)           0.000     7.543    Random_Gen/estado_color2_carry_i_58_n_0
    SLICE_X38Y46         CARRY4 (Prop_carry4_CI_CO[3])
                                                      0.117     7.660 r  Random_Gen/estado_color2_carry_i_312/CO[3]
                         net (fo=1, routed)           0.000     7.660    Random_Gen/estado_color2_carry_i_312_n_0
    SLICE_X38Y47         CARRY4 (Prop_carry4_CI_O[3])
                                                      0.315     7.975 r  Random_Gen/estado_color2_carry_i_277/O[3]
                         net (fo=3, routed)           0.464     8.439    Random_Gen/estado_color2_carry_i_277_n_4
    SLICE_X36Y45         LUT6 (Prop_lut6_I5_O)        0.307     8.746 r  Random_Gen/estado_color2_carry_i_170/O
                         net (fo=1, routed)           0.805     9.551    Random_Gen/estado_color2_carry_i_170_n_0
    SLICE_X36Y48         CARRY4 (Prop_carry4_DI[2]_CO[3])
                                                      0.398     9.949 r  Random_Gen/estado_color2_carry_i_136/CO[3]
                         net (fo=1, routed)           0.000     9.949    Random_Gen/estado_color2_carry_i_136_n_0
    SLICE_X36Y49         CARRY4 (Prop_carry4_CI_CO[3])
                                                      0.114    10.063 r  Random_Gen/estado_color2_carry_i_59/CO[3]
                         net (fo=1, routed)           0.001    10.063    Random_Gen/estado_color2_carry_i_59_n_0
    SLICE_X36Y50         CARRY4 (Prop_carry4_CI_CO[3])
                                                      0.114    10.177 r  Random_Gen/estado_color2_carry_i_45/CO[3]
                         net (fo=1, routed)           0.000    10.177    Random_Gen/estado_color2_carry_i_45_n_0
    SLICE_X36Y51         CARRY4 (Prop_carry4_CI_O[1])
                                                      0.334    10.511 r  Random_Gen/estado_color2_carry_i_43/O[1]
                         net (fo=3, routed)           0.448    10.959    Random_Gen/estado_color2_carry_i_43_n_6
    SLICE_X41Y51         LUT6 (Prop_lut6_I4_O)        0.303    11.262 r  Random_Gen/estado_color2_carry_i_17/O
                         net (fo=1, routed)           0.682    11.944    Random_Gen/estado_color2_carry_i_17_n_0
    SLICE_X38Y53         CARRY4 (Prop_carry4_DI[2]_CO[3])
                                                      0.404    12.348 r  Random_Gen/estado_color2_carry_i_10/CO[3]
                         net (fo=1, routed)           0.000    12.348    Random_Gen/estado_color2_carry_i_10_n_0
    SLICE_X38Y54         CARRY4 (Prop_carry4_CI_CO[3])
                                                      0.117    12.465 r  Random_Gen/estado_color2_carry_i_13/CO[3]
                         net (fo=1, routed)           0.000    12.465    Random_Gen/estado_color2_carry_i_13_n_0
    SLICE_X38Y55         CARRY4 (Prop_carry4_CI_O[0])
                                                      0.219    12.684 r  Random_Gen/estado_color2_carry__0_i_9/O[0]
                         net (fo=9, routed)           0.765    13.449    Random_Gen_n_137
    SLICE_X39Y52         LUT2 (Prop_lut2_I1_O)        0.295    13.744 r  estado_color2_carry_i_356/O
                         net (fo=1, routed)           0.000    13.744    estado_color2_carry_i_356_n_0
    SLICE_X39Y52         CARRY4 (Prop_carry4_S[3]_CO[3])
                                                      0.401    14.145 r  estado_color2_carry_i_336/CO[3]
                         net (fo=1, routed)           0.000    14.145    estado_color2_carry_i_336_n_0
    SLICE_X39Y53         CARRY4 (Prop_carry4_CI_O[1])
                                                      0.334    14.479 r  estado_color2_carry_i_307/O[1]
                         net (fo=3, routed)           0.584    15.063    Random_Gen/estado_color2_carry_i_298_2[1]
    SLICE_X43Y51         LUT5 (Prop_lut5_I0_O)        0.303    15.366 r  Random_Gen/estado_color2_carry_i_330/O
                         net (fo=1, routed)           0.323    15.689    Random_Gen/estado_color2_carry_i_330_n_0
    SLICE_X40Y51         CARRY4 (Prop_carry4_DI[1]_CO[3])
                                                      0.507    16.196 r  Random_Gen/estado_color2_carry_i_298/CO[3]
                         net (fo=1, routed)           0.000    16.196    Random_Gen/estado_color2_carry_i_298_n_0
    SLICE_X40Y52         CARRY4 (Prop_carry4_CI_CO[3])
                                                      0.114    16.310 r  Random_Gen/estado_color2_carry_i_241/CO[3]
                         net (fo=1, routed)           0.000    16.310    Random_Gen/estado_color2_carry_i_241_n_0
    SLICE_X40Y53         CARRY4 (Prop_carry4_CI_CO[3])
                                                      0.114    16.424 r  Random_Gen/estado_color2_carry_i_154/CO[3]
                         net (fo=1, routed)           0.000    16.424    Random_Gen/estado_color2_carry_i_154_n_0
    SLICE_X40Y54         CARRY4 (Prop_carry4_CI_CO[3])
                                                      0.114    16.538 r  Random_Gen/estado_color2_carry_i_95/CO[3]
                         net (fo=1, routed)           0.000    16.538    Random_Gen/estado_color2_carry_i_95_n_0
    SLICE_X40Y55         CARRY4 (Prop_carry4_CI_CO[3])
                                                      0.114    16.652 r  Random_Gen/estado_color2_carry_i_49/CO[3]
                         net (fo=1, routed)           0.000    16.652    Random_Gen/estado_color2_carry_i_49_n_0
    SLICE_X40Y56         CARRY4 (Prop_carry4_CI_CO[0])
                                                      0.271    16.923 r  Random_Gen/estado_color2_carry_i_24/CO[0]
                         net (fo=3, routed)           0.503    17.426    Random_Gen/estado_color2_carry_i_24_n_3
    SLICE_X41Y56         LUT6 (Prop_lut6_I0_O)        0.373    17.799 r  Random_Gen/estado_color2_carry_i_11/O
                         net (fo=117, routed)         0.685    18.484    Random_Gen/lfsr_state_reg[0]_rep__1_2
    SLICE_X40Y59         LUT5 (Prop_lut5_I3_O)        0.124    18.608 r  Random_Gen/contador[0]_i_114/O
                         net (fo=1, routed)           0.000    18.608    Random_Gen/contador[0]_i_114_n_0
    SLICE_X40Y59         CARRY4 (Prop_carry4_S[1]_CO[3])
                                                      0.550    19.158 r  Random_Gen/contador_reg[0]_i_50/CO[3]
                         net (fo=1, routed)           0.000    19.158    Random_Gen/contador_reg[0]_i_50_n_0
    SLICE_X40Y60         CARRY4 (Prop_carry4_CI_CO[3])
                                                      0.114    19.272 r  Random_Gen/contador_reg[0]_i_45/CO[3]
                         net (fo=1, routed)           0.000    19.272    Random_Gen/contador_reg[0]_i_45_n_0
    SLICE_X40Y61         CARRY4 (Prop_carry4_CI_O[2])
                                                      0.239    19.511 f  Random_Gen/contador_reg[0]_i_40/O[2]
                         net (fo=2, routed)           0.581    20.093    contador3[18]
    SLICE_X37Y62         LUT1 (Prop_lut1_I0_O)        0.302    20.395 r  contador[0]_i_43/O
                         net (fo=1, routed)           0.000    20.395    contador[0]_i_43_n_0
    SLICE_X37Y62         CARRY4 (Prop_carry4_S[1]_CO[3])
                                                      0.550    20.945 r  contador_reg[0]_i_21/CO[3]
                         net (fo=1, routed)           0.000    20.945    contador_reg[0]_i_21_n_0
    SLICE_X37Y63         CARRY4 (Prop_carry4_CI_CO[3])
                                                      0.114    21.059 r  contador_reg[0]_i_16/CO[3]
                         net (fo=1, routed)           0.000    21.059    contador_reg[0]_i_16_n_0
    SLICE_X37Y64         CARRY4 (Prop_carry4_CI_O[3])
                                                      0.313    21.372 r  contador_reg[0]_i_15/O[3]
                         net (fo=1, routed)           0.601    21.972    contador2[28]
    SLICE_X38Y63         LUT6 (Prop_lut6_I4_O)        0.306    22.278 r  contador[0]_i_6/O
                         net (fo=1, routed)           0.000    22.278    contador[0]_i_6_n_0
    SLICE_X38Y63         CARRY4 (Prop_carry4_S[1]_O[3])
                                                      0.643    22.921 r  contador_reg[0]_i_2/O[3]
                         net (fo=31, routed)          0.526    23.448    sel
    SLICE_X36Y65         FDRE                                         r  contador_reg[26]/CE
  -------------------------------------------------------------------    -------------------

                         (clock sys_clk_pin rise edge)
                                                      8.000     8.000 r  
    K17                                               0.000     8.000 r  clk (IN)
                         net (fo=0)                   0.000     8.000    clk
    K17                  IBUF (Prop_ibuf_I_O)         1.421     9.421 r  clk_IBUF_inst/O
                         net (fo=1, routed)           1.880    11.301    clk_IBUF
    BUFGCTRL_X0Y16       BUFG (Prop_bufg_I_O)         0.091    11.392 r  clk_IBUF_BUFG_inst/O
                         net (fo=175, routed)         1.556    12.948    clk_IBUF_BUFG
    SLICE_X36Y65         FDRE                                         r  contador_reg[26]/C
                         clock pessimism              0.277    13.224    
                         clock uncertainty           -0.035    13.189    
    SLICE_X36Y65         FDRE (Setup_fdre_C_CE)      -0.388    12.801    contador_reg[26]
  -------------------------------------------------------------------
                         required time                         12.801    
                         arrival time                         -23.448    
  -------------------------------------------------------------------
                         slack                                -10.646    

Slack (VIOLATED) :        -10.646ns  (required time - arrival time)
  Source:                 Random_Gen/lfsr_state_reg[2]/C
                            (rising edge-triggered cell FDRE clocked by sys_clk_pin  {rise@0.000ns fall@4.000ns period=8.000ns})
  Destination:            contador_reg[27]/CE
                            (rising edge-triggered cell FDRE clocked by sys_clk_pin  {rise@0.000ns fall@4.000ns period=8.000ns})
  Path Group:             sys_clk_pin
  Path Type:              Setup (Max at Slow Process Corner)
  Requirement:            8.000ns  (sys_clk_pin rise@8.000ns - sys_clk_pin rise@0.000ns)
  Data Path Delay:        18.024ns  (logic 10.030ns (55.649%)  route 7.994ns (44.351%))
  Logic Levels:           34  (CARRY4=25 LUT1=1 LUT2=1 LUT4=1 LUT5=2 LUT6=4)
  Clock Path Skew:        -0.199ns (DCD - SCD + CPR)
    Destination Clock Delay (DCD):    4.948ns = ( 12.948 - 8.000 ) 
    Source Clock Delay      (SCD):    5.424ns
    Clock Pessimism Removal (CPR):    0.277ns
  Clock Uncertainty:      0.035ns  ((TSJ^2 + TIJ^2)^1/2 + DJ) / 2 + PE
    Total System Jitter     (TSJ):    0.071ns
    Total Input Jitter      (TIJ):    0.000ns
    Discrete Jitter          (DJ):    0.000ns
    Phase Error              (PE):    0.000ns

    Location             Delay type                Incr(ns)  Path(ns)    Netlist Resource(s)
  -------------------------------------------------------------------    -------------------
                         (clock sys_clk_pin rise edge)
                                                      0.000     0.000 r  
    K17                                               0.000     0.000 r  clk (IN)
                         net (fo=0)                   0.000     0.000    clk
    K17                  IBUF (Prop_ibuf_I_O)         1.492     1.492 r  clk_IBUF_inst/O
                         net (fo=1, routed)           2.076     3.568    clk_IBUF
    BUFGCTRL_X0Y16       BUFG (Prop_bufg_I_O)         0.101     3.669 r  clk_IBUF_BUFG_inst/O
                         net (fo=175, routed)         1.755     5.424    Random_Gen/clk_IBUF_BUFG
    SLICE_X37Y44         FDRE                                         r  Random_Gen/lfsr_state_reg[2]/C
  -------------------------------------------------------------------    -------------------
    SLICE_X37Y44         FDRE (Prop_fdre_C_Q)         0.456     5.880 r  Random_Gen/lfsr_state_reg[2]/Q
                         net (fo=99, routed)          1.026     6.906    Random_Gen/lfsr[2]
    SLICE_X38Y45         LUT4 (Prop_lut4_I1_O)        0.124     7.030 r  Random_Gen/estado_color2_carry_i_135/O
                         net (fo=1, routed)           0.000     7.030    Random_Gen/estado_color2_carry_i_135_n_0
    SLICE_X38Y45         CARRY4 (Prop_carry4_S[0]_CO[3])
                                                      0.513     7.543 r  Random_Gen/estado_color2_carry_i_58/CO[3]
                         net (fo=1, routed)           0.000     7.543    Random_Gen/estado_color2_carry_i_58_n_0
    SLICE_X38Y46         CARRY4 (Prop_carry4_CI_CO[3])
                                                      0.117     7.660 r  Random_Gen/estado_color2_carry_i_312/CO[3]
                         net (fo=1, routed)           0.000     7.660    Random_Gen/estado_color2_carry_i_312_n_0
    SLICE_X38Y47         CARRY4 (Prop_carry4_CI_O[3])
                                                      0.315     7.975 r  Random_Gen/estado_color2_carry_i_277/O[3]
                         net (fo=3, routed)           0.464     8.439    Random_Gen/estado_color2_carry_i_277_n_4
    SLICE_X36Y45         LUT6 (Prop_lut6_I5_O)        0.307     8.746 r  Random_Gen/estado_color2_carry_i_170/O
                         net (fo=1, routed)           0.805     9.551    Random_Gen/estado_color2_carry_i_170_n_0
    SLICE_X36Y48         CARRY4 (Prop_carry4_DI[2]_CO[3])
                                                      0.398     9.949 r  Random_Gen/estado_color2_carry_i_136/CO[3]
                         net (fo=1, routed)           0.000     9.949    Random_Gen/estado_color2_carry_i_136_n_0
    SLICE_X36Y49         CARRY4 (Prop_carry4_CI_CO[3])
                                                      0.114    10.063 r  Random_Gen/estado_color2_carry_i_59/CO[3]
                         net (fo=1, routed)           0.001    10.063    Random_Gen/estado_color2_carry_i_59_n_0
    SLICE_X36Y50         CARRY4 (Prop_carry4_CI_CO[3])
                                                      0.114    10.177 r  Random_Gen/estado_color2_carry_i_45/CO[3]
                         net (fo=1, routed)           0.000    10.177    Random_Gen/estado_color2_carry_i_45_n_0
    SLICE_X36Y51         CARRY4 (Prop_carry4_CI_O[1])
                                                      0.334    10.511 r  Random_Gen/estado_color2_carry_i_43/O[1]
                         net (fo=3, routed)           0.448    10.959    Random_Gen/estado_color2_carry_i_43_n_6
    SLICE_X41Y51         LUT6 (Prop_lut6_I4_O)        0.303    11.262 r  Random_Gen/estado_color2_carry_i_17/O
                         net (fo=1, routed)           0.682    11.944    Random_Gen/estado_color2_carry_i_17_n_0
    SLICE_X38Y53         CARRY4 (Prop_carry4_DI[2]_CO[3])
                                                      0.404    12.348 r  Random_Gen/estado_color2_carry_i_10/CO[3]
                         net (fo=1, routed)           0.000    12.348    Random_Gen/estado_color2_carry_i_10_n_0
    SLICE_X38Y54         CARRY4 (Prop_carry4_CI_CO[3])
                                                      0.117    12.465 r  Random_Gen/estado_color2_carry_i_13/CO[3]
                         net (fo=1, routed)           0.000    12.465    Random_Gen/estado_color2_carry_i_13_n_0
    SLICE_X38Y55         CARRY4 (Prop_carry4_CI_O[0])
                                                      0.219    12.684 r  Random_Gen/estado_color2_carry__0_i_9/O[0]
                         net (fo=9, routed)           0.765    13.449    Random_Gen_n_137
    SLICE_X39Y52         LUT2 (Prop_lut2_I1_O)        0.295    13.744 r  estado_color2_carry_i_356/O
                         net (fo=1, routed)           0.000    13.744    estado_color2_carry_i_356_n_0
    SLICE_X39Y52         CARRY4 (Prop_carry4_S[3]_CO[3])
                                                      0.401    14.145 r  estado_color2_carry_i_336/CO[3]
                         net (fo=1, routed)           0.000    14.145    estado_color2_carry_i_336_n_0
    SLICE_X39Y53         CARRY4 (Prop_carry4_CI_O[1])
                                                      0.334    14.479 r  estado_color2_carry_i_307/O[1]
                         net (fo=3, routed)           0.584    15.063    Random_Gen/estado_color2_carry_i_298_2[1]
    SLICE_X43Y51         LUT5 (Prop_lut5_I0_O)        0.303    15.366 r  Random_Gen/estado_color2_carry_i_330/O
                         net (fo=1, routed)           0.323    15.689    Random_Gen/estado_color2_carry_i_330_n_0
    SLICE_X40Y51         CARRY4 (Prop_carry4_DI[1]_CO[3])
                                                      0.507    16.196 r  Random_Gen/estado_color2_carry_i_298/CO[3]
                         net (fo=1, routed)           0.000    16.196    Random_Gen/estado_color2_carry_i_298_n_0
    SLICE_X40Y52         CARRY4 (Prop_carry4_CI_CO[3])
                                                      0.114    16.310 r  Random_Gen/estado_color2_carry_i_241/CO[3]
                         net (fo=1, routed)           0.000    16.310    Random_Gen/estado_color2_carry_i_241_n_0
    SLICE_X40Y53         CARRY4 (Prop_carry4_CI_CO[3])
                                                      0.114    16.424 r  Random_Gen/estado_color2_carry_i_154/CO[3]
                         net (fo=1, routed)           0.000    16.424    Random_Gen/estado_color2_carry_i_154_n_0
    SLICE_X40Y54         CARRY4 (Prop_carry4_CI_CO[3])
                                                      0.114    16.538 r  Random_Gen/estado_color2_carry_i_95/CO[3]
                         net (fo=1, routed)           0.000    16.538    Random_Gen/estado_color2_carry_i_95_n_0
    SLICE_X40Y55         CARRY4 (Prop_carry4_CI_CO[3])
                                                      0.114    16.652 r  Random_Gen/estado_color2_carry_i_49/CO[3]
                         net (fo=1, routed)           0.000    16.652    Random_Gen/estado_color2_carry_i_49_n_0
    SLICE_X40Y56         CARRY4 (Prop_carry4_CI_CO[0])
                                                      0.271    16.923 r  Random_Gen/estado_color2_carry_i_24/CO[0]
                         net (fo=3, routed)           0.503    17.426    Random_Gen/estado_color2_carry_i_24_n_3
    SLICE_X41Y56         LUT6 (Prop_lut6_I0_O)        0.373    17.799 r  Random_Gen/estado_color2_carry_i_11/O
                         net (fo=117, routed)         0.685    18.484    Random_Gen/lfsr_state_reg[0]_rep__1_2
    SLICE_X40Y59         LUT5 (Prop_lut5_I3_O)        0.124    18.608 r  Random_Gen/contador[0]_i_114/O
                         net (fo=1, routed)           0.000    18.608    Random_Gen/contador[0]_i_114_n_0
    SLICE_X40Y59         CARRY4 (Prop_carry4_S[1]_CO[3])
                                                      0.550    19.158 r  Random_Gen/contador_reg[0]_i_50/CO[3]
                         net (fo=1, routed)           0.000    19.158    Random_Gen/contador_reg[0]_i_50_n_0
    SLICE_X40Y60         CARRY4 (Prop_carry4_CI_CO[3])
                                                      0.114    19.272 r  Random_Gen/contador_reg[0]_i_45/CO[3]
                         net (fo=1, routed)           0.000    19.272    Random_Gen/contador_reg[0]_i_45_n_0
    SLICE_X40Y61         CARRY4 (Prop_carry4_CI_O[2])
                                                      0.239    19.511 f  Random_Gen/contador_reg[0]_i_40/O[2]
                         net (fo=2, routed)           0.581    20.093    contador3[18]
    SLICE_X37Y62         LUT1 (Prop_lut1_I0_O)        0.302    20.395 r  contador[0]_i_43/O
                         net (fo=1, routed)           0.000    20.395    contador[0]_i_43_n_0
    SLICE_X37Y62         CARRY4 (Prop_carry4_S[1]_CO[3])
                                                      0.550    20.945 r  contador_reg[0]_i_21/CO[3]
                         net (fo=1, routed)           0.000    20.945    contador_reg[0]_i_21_n_0
    SLICE_X37Y63         CARRY4 (Prop_carry4_CI_CO[3])
                                                      0.114    21.059 r  contador_reg[0]_i_16/CO[3]
                         net (fo=1, routed)           0.000    21.059    contador_reg[0]_i_16_n_0
    SLICE_X37Y64         CARRY4 (Prop_carry4_CI_O[3])
                                                      0.313    21.372 r  contador_reg[0]_i_15/O[3]
                         net (fo=1, routed)           0.601    21.972    contador2[28]
    SLICE_X38Y63         LUT6 (Prop_lut6_I4_O)        0.306    22.278 r  contador[0]_i_6/O
                         net (fo=1, routed)           0.000    22.278    contador[0]_i_6_n_0
    SLICE_X38Y63         CARRY4 (Prop_carry4_S[1]_O[3])
                                                      0.643    22.921 r  contador_reg[0]_i_2/O[3]
                         net (fo=31, routed)          0.526    23.448    sel
    SLICE_X36Y65         FDRE                                         r  contador_reg[27]/CE
  -------------------------------------------------------------------    -------------------

                         (clock sys_clk_pin rise edge)
                                                      8.000     8.000 r  
    K17                                               0.000     8.000 r  clk (IN)
                         net (fo=0)                   0.000     8.000    clk
    K17                  IBUF (Prop_ibuf_I_O)         1.421     9.421 r  clk_IBUF_inst/O
                         net (fo=1, routed)           1.880    11.301    clk_IBUF
    BUFGCTRL_X0Y16       BUFG (Prop_bufg_I_O)         0.091    11.392 r  clk_IBUF_BUFG_inst/O
                         net (fo=175, routed)         1.556    12.948    clk_IBUF_BUFG
    SLICE_X36Y65         FDRE                                         r  contador_reg[27]/C
                         clock pessimism              0.277    13.224    
                         clock uncertainty           -0.035    13.189    
    SLICE_X36Y65         FDRE (Setup_fdre_C_CE)      -0.388    12.801    contador_reg[27]
  -------------------------------------------------------------------
                         required time                         12.801    
                         arrival time                         -23.448    
  -------------------------------------------------------------------
                         slack                                -10.646    

Slack (VIOLATED) :        -10.642ns  (required time - arrival time)
  Source:                 Random_Gen/lfsr_state_reg[2]/C
                            (rising edge-triggered cell FDRE clocked by sys_clk_pin  {rise@0.000ns fall@4.000ns period=8.000ns})
  Destination:            contador_reg[10]/CE
                            (rising edge-triggered cell FDRE clocked by sys_clk_pin  {rise@0.000ns fall@4.000ns period=8.000ns})
  Path Group:             sys_clk_pin
  Path Type:              Setup (Max at Slow Process Corner)
  Requirement:            8.000ns  (sys_clk_pin rise@8.000ns - sys_clk_pin rise@0.000ns)
  Data Path Delay:        18.022ns  (logic 10.030ns (55.655%)  route 7.992ns (44.345%))
  Logic Levels:           34  (CARRY4=25 LUT1=1 LUT2=1 LUT4=1 LUT5=2 LUT6=4)
  Clock Path Skew:        -0.196ns (DCD - SCD + CPR)
    Destination Clock Delay (DCD):    4.951ns = ( 12.951 - 8.000 ) 
    Source Clock Delay      (SCD):    5.424ns
    Clock Pessimism Removal (CPR):    0.277ns
  Clock Uncertainty:      0.035ns  ((TSJ^2 + TIJ^2)^1/2 + DJ) / 2 + PE
    Total System Jitter     (TSJ):    0.071ns
    Total Input Jitter      (TIJ):    0.000ns
    Discrete Jitter          (DJ):    0.000ns
    Phase Error              (PE):    0.000ns

    Location             Delay type                Incr(ns)  Path(ns)    Netlist Resource(s)
  -------------------------------------------------------------------    -------------------
                         (clock sys_clk_pin rise edge)
                                                      0.000     0.000 r  
    K17                                               0.000     0.000 r  clk (IN)
                         net (fo=0)                   0.000     0.000    clk
    K17                  IBUF (Prop_ibuf_I_O)         1.492     1.492 r  clk_IBUF_inst/O
                         net (fo=1, routed)           2.076     3.568    clk_IBUF
    BUFGCTRL_X0Y16       BUFG (Prop_bufg_I_O)         0.101     3.669 r  clk_IBUF_BUFG_inst/O
                         net (fo=175, routed)         1.755     5.424    Random_Gen/clk_IBUF_BUFG
    SLICE_X37Y44         FDRE                                         r  Random_Gen/lfsr_state_reg[2]/C
  -------------------------------------------------------------------    -------------------
    SLICE_X37Y44         FDRE (Prop_fdre_C_Q)         0.456     5.880 r  Random_Gen/lfsr_state_reg[2]/Q
                         net (fo=99, routed)          1.026     6.906    Random_Gen/lfsr[2]
    SLICE_X38Y45         LUT4 (Prop_lut4_I1_O)        0.124     7.030 r  Random_Gen/estado_color2_carry_i_135/O
                         net (fo=1, routed)           0.000     7.030    Random_Gen/estado_color2_carry_i_135_n_0
    SLICE_X38Y45         CARRY4 (Prop_carry4_S[0]_CO[3])
                                                      0.513     7.543 r  Random_Gen/estado_color2_carry_i_58/CO[3]
                         net (fo=1, routed)           0.000     7.543    Random_Gen/estado_color2_carry_i_58_n_0
    SLICE_X38Y46         CARRY4 (Prop_carry4_CI_CO[3])
                                                      0.117     7.660 r  Random_Gen/estado_color2_carry_i_312/CO[3]
                         net (fo=1, routed)           0.000     7.660    Random_Gen/estado_color2_carry_i_312_n_0
    SLICE_X38Y47         CARRY4 (Prop_carry4_CI_O[3])
                                                      0.315     7.975 r  Random_Gen/estado_color2_carry_i_277/O[3]
                         net (fo=3, routed)           0.464     8.439    Random_Gen/estado_color2_carry_i_277_n_4
    SLICE_X36Y45         LUT6 (Prop_lut6_I5_O)        0.307     8.746 r  Random_Gen/estado_color2_carry_i_170/O
                         net (fo=1, routed)           0.805     9.551    Random_Gen/estado_color2_carry_i_170_n_0
    SLICE_X36Y48         CARRY4 (Prop_carry4_DI[2]_CO[3])
                                                      0.398     9.949 r  Random_Gen/estado_color2_carry_i_136/CO[3]
                         net (fo=1, routed)           0.000     9.949    Random_Gen/estado_color2_carry_i_136_n_0
    SLICE_X36Y49         CARRY4 (Prop_carry4_CI_CO[3])
                                                      0.114    10.063 r  Random_Gen/estado_color2_carry_i_59/CO[3]
                         net (fo=1, routed)           0.001    10.063    Random_Gen/estado_color2_carry_i_59_n_0
    SLICE_X36Y50         CARRY4 (Prop_carry4_CI_CO[3])
                                                      0.114    10.177 r  Random_Gen/estado_color2_carry_i_45/CO[3]
                         net (fo=1, routed)           0.000    10.177    Random_Gen/estado_color2_carry_i_45_n_0
    SLICE_X36Y51         CARRY4 (Prop_carry4_CI_O[1])
                                                      0.334    10.511 r  Random_Gen/estado_color2_carry_i_43/O[1]
                         net (fo=3, routed)           0.448    10.959    Random_Gen/estado_color2_carry_i_43_n_6
    SLICE_X41Y51         LUT6 (Prop_lut6_I4_O)        0.303    11.262 r  Random_Gen/estado_color2_carry_i_17/O
                         net (fo=1, routed)           0.682    11.944    Random_Gen/estado_color2_carry_i_17_n_0
    SLICE_X38Y53         CARRY4 (Prop_carry4_DI[2]_CO[3])
                                                      0.404    12.348 r  Random_Gen/estado_color2_carry_i_10/CO[3]
                         net (fo=1, routed)           0.000    12.348    Random_Gen/estado_color2_carry_i_10_n_0
    SLICE_X38Y54         CARRY4 (Prop_carry4_CI_CO[3])
                                                      0.117    12.465 r  Random_Gen/estado_color2_carry_i_13/CO[3]
                         net (fo=1, routed)           0.000    12.465    Random_Gen/estado_color2_carry_i_13_n_0
    SLICE_X38Y55         CARRY4 (Prop_carry4_CI_O[0])
                                                      0.219    12.684 r  Random_Gen/estado_color2_carry__0_i_9/O[0]
                         net (fo=9, routed)           0.765    13.449    Random_Gen_n_137
    SLICE_X39Y52         LUT2 (Prop_lut2_I1_O)        0.295    13.744 r  estado_color2_carry_i_356/O
                         net (fo=1, routed)           0.000    13.744    estado_color2_carry_i_356_n_0
    SLICE_X39Y52         CARRY4 (Prop_carry4_S[3]_CO[3])
                                                      0.401    14.145 r  estado_color2_carry_i_336/CO[3]
                         net (fo=1, routed)           0.000    14.145    estado_color2_carry_i_336_n_0
    SLICE_X39Y53         CARRY4 (Prop_carry4_CI_O[1])
                                                      0.334    14.479 r  estado_color2_carry_i_307/O[1]
                         net (fo=3, routed)           0.584    15.063    Random_Gen/estado_color2_carry_i_298_2[1]
    SLICE_X43Y51         LUT5 (Prop_lut5_I0_O)        0.303    15.366 r  Random_Gen/estado_color2_carry_i_330/O
                         net (fo=1, routed)           0.323    15.689    Random_Gen/estado_color2_carry_i_330_n_0
    SLICE_X40Y51         CARRY4 (Prop_carry4_DI[1]_CO[3])
                                                      0.507    16.196 r  Random_Gen/estado_color2_carry_i_298/CO[3]
                         net (fo=1, routed)           0.000    16.196    Random_Gen/estado_color2_carry_i_298_n_0
    SLICE_X40Y52         CARRY4 (Prop_carry4_CI_CO[3])
                                                      0.114    16.310 r  Random_Gen/estado_color2_carry_i_241/CO[3]
                         net (fo=1, routed)           0.000    16.310    Random_Gen/estado_color2_carry_i_241_n_0
    SLICE_X40Y53         CARRY4 (Prop_carry4_CI_CO[3])
                                                      0.114    16.424 r  Random_Gen/estado_color2_carry_i_154/CO[3]
                         net (fo=1, routed)           0.000    16.424    Random_Gen/estado_color2_carry_i_154_n_0
    SLICE_X40Y54         CARRY4 (Prop_carry4_CI_CO[3])
                                                      0.114    16.538 r  Random_Gen/estado_color2_carry_i_95/CO[3]
                         net (fo=1, routed)           0.000    16.538    Random_Gen/estado_color2_carry_i_95_n_0
    SLICE_X40Y55         CARRY4 (Prop_carry4_CI_CO[3])
                                                      0.114    16.652 r  Random_Gen/estado_color2_carry_i_49/CO[3]
                         net (fo=1, routed)           0.000    16.652    Random_Gen/estado_color2_carry_i_49_n_0
    SLICE_X40Y56         CARRY4 (Prop_carry4_CI_CO[0])
                                                      0.271    16.923 r  Random_Gen/estado_color2_carry_i_24/CO[0]
                         net (fo=3, routed)           0.503    17.426    Random_Gen/estado_color2_carry_i_24_n_3
    SLICE_X41Y56         LUT6 (Prop_lut6_I0_O)        0.373    17.799 r  Random_Gen/estado_color2_carry_i_11/O
                         net (fo=117, routed)         0.685    18.484    Random_Gen/lfsr_state_reg[0]_rep__1_2
    SLICE_X40Y59         LUT5 (Prop_lut5_I3_O)        0.124    18.608 r  Random_Gen/contador[0]_i_114/O
                         net (fo=1, routed)           0.000    18.608    Random_Gen/contador[0]_i_114_n_0
    SLICE_X40Y59         CARRY4 (Prop_carry4_S[1]_CO[3])
                                                      0.550    19.158 r  Random_Gen/contador_reg[0]_i_50/CO[3]
                         net (fo=1, routed)           0.000    19.158    Random_Gen/contador_reg[0]_i_50_n_0
    SLICE_X40Y60         CARRY4 (Prop_carry4_CI_CO[3])
                                                      0.114    19.272 r  Random_Gen/contador_reg[0]_i_45/CO[3]
                         net (fo=1, routed)           0.000    19.272    Random_Gen/contador_reg[0]_i_45_n_0
    SLICE_X40Y61         CARRY4 (Prop_carry4_CI_O[2])
                                                      0.239    19.511 f  Random_Gen/contador_reg[0]_i_40/O[2]
                         net (fo=2, routed)           0.581    20.093    contador3[18]
    SLICE_X37Y62         LUT1 (Prop_lut1_I0_O)        0.302    20.395 r  contador[0]_i_43/O
                         net (fo=1, routed)           0.000    20.395    contador[0]_i_43_n_0
    SLICE_X37Y62         CARRY4 (Prop_carry4_S[1]_CO[3])
                                                      0.550    20.945 r  contador_reg[0]_i_21/CO[3]
                         net (fo=1, routed)           0.000    20.945    contador_reg[0]_i_21_n_0
    SLICE_X37Y63         CARRY4 (Prop_carry4_CI_CO[3])
                                                      0.114    21.059 r  contador_reg[0]_i_16/CO[3]
                         net (fo=1, routed)           0.000    21.059    contador_reg[0]_i_16_n_0
    SLICE_X37Y64         CARRY4 (Prop_carry4_CI_O[3])
                                                      0.313    21.372 r  contador_reg[0]_i_15/O[3]
                         net (fo=1, routed)           0.601    21.972    contador2[28]
    SLICE_X38Y63         LUT6 (Prop_lut6_I4_O)        0.306    22.278 r  contador[0]_i_6/O
                         net (fo=1, routed)           0.000    22.278    contador[0]_i_6_n_0
    SLICE_X38Y63         CARRY4 (Prop_carry4_S[1]_O[3])
                                                      0.643    22.921 r  contador_reg[0]_i_2/O[3]
                         net (fo=31, routed)          0.524    23.446    sel
    SLICE_X36Y61         FDRE                                         r  contador_reg[10]/CE
  -------------------------------------------------------------------    -------------------

                         (clock sys_clk_pin rise edge)
                                                      8.000     8.000 r  
    K17                                               0.000     8.000 r  clk (IN)
                         net (fo=0)                   0.000     8.000    clk
    K17                  IBUF (Prop_ibuf_I_O)         1.421     9.421 r  clk_IBUF_inst/O
                         net (fo=1, routed)           1.880    11.301    clk_IBUF
    BUFGCTRL_X0Y16       BUFG (Prop_bufg_I_O)         0.091    11.392 r  clk_IBUF_BUFG_inst/O
                         net (fo=175, routed)         1.559    12.951    clk_IBUF_BUFG
    SLICE_X36Y61         FDRE                                         r  contador_reg[10]/C
                         clock pessimism              0.277    13.227    
                         clock uncertainty           -0.035    13.192    
    SLICE_X36Y61         FDRE (Setup_fdre_C_CE)      -0.388    12.804    contador_reg[10]
  -------------------------------------------------------------------
                         required time                         12.804    
                         arrival time                         -23.446    
  -------------------------------------------------------------------
                         slack                                -10.642    

Slack (VIOLATED) :        -10.642ns  (required time - arrival time)
  Source:                 Random_Gen/lfsr_state_reg[2]/C
                            (rising edge-triggered cell FDRE clocked by sys_clk_pin  {rise@0.000ns fall@4.000ns period=8.000ns})
  Destination:            contador_reg[11]/CE
                            (rising edge-triggered cell FDRE clocked by sys_clk_pin  {rise@0.000ns fall@4.000ns period=8.000ns})
  Path Group:             sys_clk_pin
  Path Type:              Setup (Max at Slow Process Corner)
  Requirement:            8.000ns  (sys_clk_pin rise@8.000ns - sys_clk_pin rise@0.000ns)
  Data Path Delay:        18.022ns  (logic 10.030ns (55.655%)  route 7.992ns (44.345%))
  Logic Levels:           34  (CARRY4=25 LUT1=1 LUT2=1 LUT4=1 LUT5=2 LUT6=4)
  Clock Path Skew:        -0.196ns (DCD - SCD + CPR)
    Destination Clock Delay (DCD):    4.951ns = ( 12.951 - 8.000 ) 
    Source Clock Delay      (SCD):    5.424ns
    Clock Pessimism Removal (CPR):    0.277ns
  Clock Uncertainty:      0.035ns  ((TSJ^2 + TIJ^2)^1/2 + DJ) / 2 + PE
    Total System Jitter     (TSJ):    0.071ns
    Total Input Jitter      (TIJ):    0.000ns
    Discrete Jitter          (DJ):    0.000ns
    Phase Error              (PE):    0.000ns

    Location             Delay type                Incr(ns)  Path(ns)    Netlist Resource(s)
  -------------------------------------------------------------------    -------------------
                         (clock sys_clk_pin rise edge)
                                                      0.000     0.000 r  
    K17                                               0.000     0.000 r  clk (IN)
                         net (fo=0)                   0.000     0.000    clk
    K17                  IBUF (Prop_ibuf_I_O)         1.492     1.492 r  clk_IBUF_inst/O
                         net (fo=1, routed)           2.076     3.568    clk_IBUF
    BUFGCTRL_X0Y16       BUFG (Prop_bufg_I_O)         0.101     3.669 r  clk_IBUF_BUFG_inst/O
                         net (fo=175, routed)         1.755     5.424    Random_Gen/clk_IBUF_BUFG
    SLICE_X37Y44         FDRE                                         r  Random_Gen/lfsr_state_reg[2]/C
  -------------------------------------------------------------------    -------------------
    SLICE_X37Y44         FDRE (Prop_fdre_C_Q)         0.456     5.880 r  Random_Gen/lfsr_state_reg[2]/Q
                         net (fo=99, routed)          1.026     6.906    Random_Gen/lfsr[2]
    SLICE_X38Y45         LUT4 (Prop_lut4_I1_O)        0.124     7.030 r  Random_Gen/estado_color2_carry_i_135/O
                         net (fo=1, routed)           0.000     7.030    Random_Gen/estado_color2_carry_i_135_n_0
    SLICE_X38Y45         CARRY4 (Prop_carry4_S[0]_CO[3])
                                                      0.513     7.543 r  Random_Gen/estado_color2_carry_i_58/CO[3]
                         net (fo=1, routed)           0.000     7.543    Random_Gen/estado_color2_carry_i_58_n_0
    SLICE_X38Y46         CARRY4 (Prop_carry4_CI_CO[3])
                                                      0.117     7.660 r  Random_Gen/estado_color2_carry_i_312/CO[3]
                         net (fo=1, routed)           0.000     7.660    Random_Gen/estado_color2_carry_i_312_n_0
    SLICE_X38Y47         CARRY4 (Prop_carry4_CI_O[3])
                                                      0.315     7.975 r  Random_Gen/estado_color2_carry_i_277/O[3]
                         net (fo=3, routed)           0.464     8.439    Random_Gen/estado_color2_carry_i_277_n_4
    SLICE_X36Y45         LUT6 (Prop_lut6_I5_O)        0.307     8.746 r  Random_Gen/estado_color2_carry_i_170/O
                         net (fo=1, routed)           0.805     9.551    Random_Gen/estado_color2_carry_i_170_n_0
    SLICE_X36Y48         CARRY4 (Prop_carry4_DI[2]_CO[3])
                                                      0.398     9.949 r  Random_Gen/estado_color2_carry_i_136/CO[3]
                         net (fo=1, routed)           0.000     9.949    Random_Gen/estado_color2_carry_i_136_n_0
    SLICE_X36Y49         CARRY4 (Prop_carry4_CI_CO[3])
                                                      0.114    10.063 r  Random_Gen/estado_color2_carry_i_59/CO[3]
                         net (fo=1, routed)           0.001    10.063    Random_Gen/estado_color2_carry_i_59_n_0
    SLICE_X36Y50         CARRY4 (Prop_carry4_CI_CO[3])
                                                      0.114    10.177 r  Random_Gen/estado_color2_carry_i_45/CO[3]
                         net (fo=1, routed)           0.000    10.177    Random_Gen/estado_color2_carry_i_45_n_0
    SLICE_X36Y51         CARRY4 (Prop_carry4_CI_O[1])
                                                      0.334    10.511 r  Random_Gen/estado_color2_carry_i_43/O[1]
                         net (fo=3, routed)           0.448    10.959    Random_Gen/estado_color2_carry_i_43_n_6
    SLICE_X41Y51         LUT6 (Prop_lut6_I4_O)        0.303    11.262 r  Random_Gen/estado_color2_carry_i_17/O
                         net (fo=1, routed)           0.682    11.944    Random_Gen/estado_color2_carry_i_17_n_0
    SLICE_X38Y53         CARRY4 (Prop_carry4_DI[2]_CO[3])
                                                      0.404    12.348 r  Random_Gen/estado_color2_carry_i_10/CO[3]
                         net (fo=1, routed)           0.000    12.348    Random_Gen/estado_color2_carry_i_10_n_0
    SLICE_X38Y54         CARRY4 (Prop_carry4_CI_CO[3])
                                                      0.117    12.465 r  Random_Gen/estado_color2_carry_i_13/CO[3]
                         net (fo=1, routed)           0.000    12.465    Random_Gen/estado_color2_carry_i_13_n_0
    SLICE_X38Y55         CARRY4 (Prop_carry4_CI_O[0])
                                                      0.219    12.684 r  Random_Gen/estado_color2_carry__0_i_9/O[0]
                         net (fo=9, routed)           0.765    13.449    Random_Gen_n_137
    SLICE_X39Y52         LUT2 (Prop_lut2_I1_O)        0.295    13.744 r  estado_color2_carry_i_356/O
                         net (fo=1, routed)           0.000    13.744    estado_color2_carry_i_356_n_0
    SLICE_X39Y52         CARRY4 (Prop_carry4_S[3]_CO[3])
                                                      0.401    14.145 r  estado_color2_carry_i_336/CO[3]
                         net (fo=1, routed)           0.000    14.145    estado_color2_carry_i_336_n_0
    SLICE_X39Y53         CARRY4 (Prop_carry4_CI_O[1])
                                                      0.334    14.479 r  estado_color2_carry_i_307/O[1]
                         net (fo=3, routed)           0.584    15.063    Random_Gen/estado_color2_carry_i_298_2[1]
    SLICE_X43Y51         LUT5 (Prop_lut5_I0_O)        0.303    15.366 r  Random_Gen/estado_color2_carry_i_330/O
                         net (fo=1, routed)           0.323    15.689    Random_Gen/estado_color2_carry_i_330_n_0
    SLICE_X40Y51         CARRY4 (Prop_carry4_DI[1]_CO[3])
                                                      0.507    16.196 r  Random_Gen/estado_color2_carry_i_298/CO[3]
                         net (fo=1, routed)           0.000    16.196    Random_Gen/estado_color2_carry_i_298_n_0
    SLICE_X40Y52         CARRY4 (Prop_carry4_CI_CO[3])
                                                      0.114    16.310 r  Random_Gen/estado_color2_carry_i_241/CO[3]
                         net (fo=1, routed)           0.000    16.310    Random_Gen/estado_color2_carry_i_241_n_0
    SLICE_X40Y53         CARRY4 (Prop_carry4_CI_CO[3])
                                                      0.114    16.424 r  Random_Gen/estado_color2_carry_i_154/CO[3]
                         net (fo=1, routed)           0.000    16.424    Random_Gen/estado_color2_carry_i_154_n_0
    SLICE_X40Y54         CARRY4 (Prop_carry4_CI_CO[3])
                                                      0.114    16.538 r  Random_Gen/estado_color2_carry_i_95/CO[3]
                         net (fo=1, routed)           0.000    16.538    Random_Gen/estado_color2_carry_i_95_n_0
    SLICE_X40Y55         CARRY4 (Prop_carry4_CI_CO[3])
                                                      0.114    16.652 r  Random_Gen/estado_color2_carry_i_49/CO[3]
                         net (fo=1, routed)           0.000    16.652    Random_Gen/estado_color2_carry_i_49_n_0
    SLICE_X40Y56         CARRY4 (Prop_carry4_CI_CO[0])
                                                      0.271    16.923 r  Random_Gen/estado_color2_carry_i_24/CO[0]
                         net (fo=3, routed)           0.503    17.426    Random_Gen/estado_color2_carry_i_24_n_3
    SLICE_X41Y56         LUT6 (Prop_lut6_I0_O)        0.373    17.799 r  Random_Gen/estado_color2_carry_i_11/O
                         net (fo=117, routed)         0.685    18.484    Random_Gen/lfsr_state_reg[0]_rep__1_2
    SLICE_X40Y59         LUT5 (Prop_lut5_I3_O)        0.124    18.608 r  Random_Gen/contador[0]_i_114/O
                         net (fo=1, routed)           0.000    18.608    Random_Gen/contador[0]_i_114_n_0
    SLICE_X40Y59         CARRY4 (Prop_carry4_S[1]_CO[3])
                                                      0.550    19.158 r  Random_Gen/contador_reg[0]_i_50/CO[3]
                         net (fo=1, routed)           0.000    19.158    Random_Gen/contador_reg[0]_i_50_n_0
    SLICE_X40Y60         CARRY4 (Prop_carry4_CI_CO[3])
                                                      0.114    19.272 r  Random_Gen/contador_reg[0]_i_45/CO[3]
                         net (fo=1, routed)           0.000    19.272    Random_Gen/contador_reg[0]_i_45_n_0
    SLICE_X40Y61         CARRY4 (Prop_carry4_CI_O[2])
                                                      0.239    19.511 f  Random_Gen/contador_reg[0]_i_40/O[2]
                         net (fo=2, routed)           0.581    20.093    contador3[18]
    SLICE_X37Y62         LUT1 (Prop_lut1_I0_O)        0.302    20.395 r  contador[0]_i_43/O
                         net (fo=1, routed)           0.000    20.395    contador[0]_i_43_n_0
    SLICE_X37Y62         CARRY4 (Prop_carry4_S[1]_CO[3])
                                                      0.550    20.945 r  contador_reg[0]_i_21/CO[3]
                         net (fo=1, routed)           0.000    20.945    contador_reg[0]_i_21_n_0
    SLICE_X37Y63         CARRY4 (Prop_carry4_CI_CO[3])
                                                      0.114    21.059 r  contador_reg[0]_i_16/CO[3]
                         net (fo=1, routed)           0.000    21.059    contador_reg[0]_i_16_n_0
    SLICE_X37Y64         CARRY4 (Prop_carry4_CI_O[3])
                                                      0.313    21.372 r  contador_reg[0]_i_15/O[3]
                         net (fo=1, routed)           0.601    21.972    contador2[28]
    SLICE_X38Y63         LUT6 (Prop_lut6_I4_O)        0.306    22.278 r  contador[0]_i_6/O
                         net (fo=1, routed)           0.000    22.278    contador[0]_i_6_n_0
    SLICE_X38Y63         CARRY4 (Prop_carry4_S[1]_O[3])
                                                      0.643    22.921 r  contador_reg[0]_i_2/O[3]
                         net (fo=31, routed)          0.524    23.446    sel
    SLICE_X36Y61         FDRE                                         r  contador_reg[11]/CE
  -------------------------------------------------------------------    -------------------

                         (clock sys_clk_pin rise edge)
                                                      8.000     8.000 r  
    K17                                               0.000     8.000 r  clk (IN)
                         net (fo=0)                   0.000     8.000    clk
    K17                  IBUF (Prop_ibuf_I_O)         1.421     9.421 r  clk_IBUF_inst/O
                         net (fo=1, routed)           1.880    11.301    clk_IBUF
    BUFGCTRL_X0Y16       BUFG (Prop_bufg_I_O)         0.091    11.392 r  clk_IBUF_BUFG_inst/O
                         net (fo=175, routed)         1.559    12.951    clk_IBUF_BUFG
    SLICE_X36Y61         FDRE                                         r  contador_reg[11]/C
                         clock pessimism              0.277    13.227    
                         clock uncertainty           -0.035    13.192    
    SLICE_X36Y61         FDRE (Setup_fdre_C_CE)      -0.388    12.804    contador_reg[11]
  -------------------------------------------------------------------
                         required time                         12.804    
                         arrival time                         -23.446    
  -------------------------------------------------------------------
                         slack                                -10.642    





Min Delay Paths
--------------------------------------------------------------------------------------
Slack (MET) :             0.108ns  (arrival time - required time)
  Source:                 Slow_Clk_Gen/contador_reg[26]/C
                            (rising edge-triggered cell FDRE clocked by sys_clk_pin  {rise@0.000ns fall@4.000ns period=8.000ns})
  Destination:            Slow_Clk_Gen/contador_reg[28]/D
                            (rising edge-triggered cell FDRE clocked by sys_clk_pin  {rise@0.000ns fall@4.000ns period=8.000ns})
  Path Group:             sys_clk_pin
  Path Type:              Hold (Min at Fast Process Corner)
  Requirement:            0.000ns  (sys_clk_pin rise@0.000ns - sys_clk_pin rise@0.000ns)
  Data Path Delay:        0.477ns  (logic 0.355ns (74.381%)  route 0.122ns (25.619%))
  Logic Levels:           2  (CARRY4=2)
  Clock Path Skew:        0.264ns (DCD - SCD - CPR)
    Destination Clock Delay (DCD):    2.016ns
    Source Clock Delay      (SCD):    1.505ns
    Clock Pessimism Removal (CPR):    0.247ns

    Location             Delay type                Incr(ns)  Path(ns)    Netlist Resource(s)
  -------------------------------------------------------------------    -------------------
                         (clock sys_clk_pin rise edge)
                                                      0.000     0.000 r  
    K17                                               0.000     0.000 r  clk (IN)
                         net (fo=0)                   0.000     0.000    clk
    K17                  IBUF (Prop_ibuf_I_O)         0.259     0.259 r  clk_IBUF_inst/O
                         net (fo=1, routed)           0.627     0.887    clk_IBUF
    BUFGCTRL_X0Y16       BUFG (Prop_bufg_I_O)         0.026     0.913 r  clk_IBUF_BUFG_inst/O
                         net (fo=175, routed)         0.593     1.505    Slow_Clk_Gen/clk_IBUF_BUFG
    SLICE_X39Y49         FDRE                                         r  Slow_Clk_Gen/contador_reg[26]/C
  -------------------------------------------------------------------    -------------------
    SLICE_X39Y49         FDRE (Prop_fdre_C_Q)         0.141     1.646 r  Slow_Clk_Gen/contador_reg[26]/Q
                         net (fo=2, routed)           0.122     1.768    Slow_Clk_Gen/contador_reg[26]
    SLICE_X39Y49         CARRY4 (Prop_carry4_S[2]_CO[3])
                                                      0.160     1.928 r  Slow_Clk_Gen/contador_reg[24]_i_1/CO[3]
                         net (fo=1, routed)           0.001     1.928    Slow_Clk_Gen/contador_reg[24]_i_1_n_0
    SLICE_X39Y50         CARRY4 (Prop_carry4_CI_O[0])
                                                      0.054     1.982 r  Slow_Clk_Gen/contador_reg[28]_i_1/O[0]
                         net (fo=1, routed)           0.000     1.982    Slow_Clk_Gen/contador_reg[28]_i_1_n_7
    SLICE_X39Y50         FDRE                                         r  Slow_Clk_Gen/contador_reg[28]/D
  -------------------------------------------------------------------    -------------------

                         (clock sys_clk_pin rise edge)
                                                      0.000     0.000 r  
    K17                                               0.000     0.000 r  clk (IN)
                         net (fo=0)                   0.000     0.000    clk
    K17                  IBUF (Prop_ibuf_I_O)         0.447     0.447 r  clk_IBUF_inst/O
                         net (fo=1, routed)           0.683     1.130    clk_IBUF
    BUFGCTRL_X0Y16       BUFG (Prop_bufg_I_O)         0.029     1.159 r  clk_IBUF_BUFG_inst/O
                         net (fo=175, routed)         0.857     2.016    Slow_Clk_Gen/clk_IBUF_BUFG
    SLICE_X39Y50         FDRE                                         r  Slow_Clk_Gen/contador_reg[28]/C
                         clock pessimism             -0.247     1.770    
    SLICE_X39Y50         FDRE (Hold_fdre_C_D)         0.105     1.875    Slow_Clk_Gen/contador_reg[28]
  -------------------------------------------------------------------
                         required time                         -1.875    
                         arrival time                           1.982    
  -------------------------------------------------------------------
                         slack                                  0.108    

Slack (MET) :             0.119ns  (arrival time - required time)
  Source:                 Slow_Clk_Gen/contador_reg[26]/C
                            (rising edge-triggered cell FDRE clocked by sys_clk_pin  {rise@0.000ns fall@4.000ns period=8.000ns})
  Destination:            Slow_Clk_Gen/contador_reg[30]/D
                            (rising edge-triggered cell FDRE clocked by sys_clk_pin  {rise@0.000ns fall@4.000ns period=8.000ns})
  Path Group:             sys_clk_pin
  Path Type:              Hold (Min at Fast Process Corner)
  Requirement:            0.000ns  (sys_clk_pin rise@0.000ns - sys_clk_pin rise@0.000ns)
  Data Path Delay:        0.488ns  (logic 0.366ns (74.958%)  route 0.122ns (25.042%))
  Logic Levels:           2  (CARRY4=2)
  Clock Path Skew:        0.264ns (DCD - SCD - CPR)
    Destination Clock Delay (DCD):    2.016ns
    Source Clock Delay      (SCD):    1.505ns
    Clock Pessimism Removal (CPR):    0.247ns

    Location             Delay type                Incr(ns)  Path(ns)    Netlist Resource(s)
  -------------------------------------------------------------------    -------------------
                         (clock sys_clk_pin rise edge)
                                                      0.000     0.000 r  
    K17                                               0.000     0.000 r  clk (IN)
                         net (fo=0)                   0.000     0.000    clk
    K17                  IBUF (Prop_ibuf_I_O)         0.259     0.259 r  clk_IBUF_inst/O
                         net (fo=1, routed)           0.627     0.887    clk_IBUF
    BUFGCTRL_X0Y16       BUFG (Prop_bufg_I_O)         0.026     0.913 r  clk_IBUF_BUFG_inst/O
                         net (fo=175, routed)         0.593     1.505    Slow_Clk_Gen/clk_IBUF_BUFG
    SLICE_X39Y49         FDRE                                         r  Slow_Clk_Gen/contador_reg[26]/C
  -------------------------------------------------------------------    -------------------
    SLICE_X39Y49         FDRE (Prop_fdre_C_Q)         0.141     1.646 r  Slow_Clk_Gen/contador_reg[26]/Q
                         net (fo=2, routed)           0.122     1.768    Slow_Clk_Gen/contador_reg[26]
    SLICE_X39Y49         CARRY4 (Prop_carry4_S[2]_CO[3])
                                                      0.160     1.928 r  Slow_Clk_Gen/contador_reg[24]_i_1/CO[3]
                         net (fo=1, routed)           0.001     1.928    Slow_Clk_Gen/contador_reg[24]_i_1_n_0
    SLICE_X39Y50         CARRY4 (Prop_carry4_CI_O[2])
                                                      0.065     1.993 r  Slow_Clk_Gen/contador_reg[28]_i_1/O[2]
                         net (fo=1, routed)           0.000     1.993    Slow_Clk_Gen/contador_reg[28]_i_1_n_5
    SLICE_X39Y50         FDRE                                         r  Slow_Clk_Gen/contador_reg[30]/D
  -------------------------------------------------------------------    -------------------

                         (clock sys_clk_pin rise edge)
                                                      0.000     0.000 r  
    K17                                               0.000     0.000 r  clk (IN)
                         net (fo=0)                   0.000     0.000    clk
    K17                  IBUF (Prop_ibuf_I_O)         0.447     0.447 r  clk_IBUF_inst/O
                         net (fo=1, routed)           0.683     1.130    clk_IBUF
    BUFGCTRL_X0Y16       BUFG (Prop_bufg_I_O)         0.029     1.159 r  clk_IBUF_BUFG_inst/O
                         net (fo=175, routed)         0.857     2.016    Slow_Clk_Gen/clk_IBUF_BUFG
    SLICE_X39Y50         FDRE                                         r  Slow_Clk_Gen/contador_reg[30]/C
                         clock pessimism             -0.247     1.770    
    SLICE_X39Y50         FDRE (Hold_fdre_C_D)         0.105     1.875    Slow_Clk_Gen/contador_reg[30]
  -------------------------------------------------------------------
                         required time                         -1.875    
                         arrival time                           1.993    
  -------------------------------------------------------------------
                         slack                                  0.119    

Slack (MET) :             0.131ns  (arrival time - required time)
  Source:                 Slow_Clk_Gen/contador_reg[30]/C
                            (rising edge-triggered cell FDRE clocked by sys_clk_pin  {rise@0.000ns fall@4.000ns period=8.000ns})
  Destination:            Slow_Clk_Gen/out_clk_reg/D
                            (rising edge-triggered cell FDRE clocked by sys_clk_pin  {rise@0.000ns fall@4.000ns period=8.000ns})
  Path Group:             sys_clk_pin
  Path Type:              Hold (Min at Fast Process Corner)
  Requirement:            0.000ns  (sys_clk_pin rise@0.000ns - sys_clk_pin rise@0.000ns)
  Data Path Delay:        0.499ns  (logic 0.267ns (53.497%)  route 0.232ns (46.503%))
  Logic Levels:           2  (CARRY4=1 LUT2=1)
  Clock Path Skew:        0.277ns (DCD - SCD - CPR)
    Destination Clock Delay (DCD):    2.023ns
    Source Clock Delay      (SCD):    1.499ns
    Clock Pessimism Removal (CPR):    0.247ns

    Location             Delay type                Incr(ns)  Path(ns)    Netlist Resource(s)
  -------------------------------------------------------------------    -------------------
                         (clock sys_clk_pin rise edge)
                                                      0.000     0.000 r  
    K17                                               0.000     0.000 r  clk (IN)
                         net (fo=0)                   0.000     0.000    clk
    K17                  IBUF (Prop_ibuf_I_O)         0.259     0.259 r  clk_IBUF_inst/O
                         net (fo=1, routed)           0.627     0.887    clk_IBUF
    BUFGCTRL_X0Y16       BUFG (Prop_bufg_I_O)         0.026     0.913 r  clk_IBUF_BUFG_inst/O
                         net (fo=175, routed)         0.587     1.499    Slow_Clk_Gen/clk_IBUF_BUFG
    SLICE_X39Y50         FDRE                                         r  Slow_Clk_Gen/contador_reg[30]/C
  -------------------------------------------------------------------    -------------------
    SLICE_X39Y50         FDRE (Prop_fdre_C_Q)         0.141     1.640 f  Slow_Clk_Gen/contador_reg[30]/Q
                         net (fo=2, routed)           0.232     1.872    Slow_Clk_Gen/contador_reg[30]
    SLICE_X40Y48         LUT2 (Prop_lut2_I1_O)        0.045     1.917 r  Slow_Clk_Gen/contador0_carry__1_i_1/O
                         net (fo=1, routed)           0.000     1.917    Slow_Clk_Gen/contador0_carry__1_i_1_n_0
    SLICE_X40Y48         CARRY4 (Prop_carry4_S[2]_CO[2])
                                                      0.081     1.998 r  Slow_Clk_Gen/contador0_carry__1/CO[2]
                         net (fo=33, routed)          0.000     1.998    Slow_Clk_Gen/clear
    SLICE_X40Y48         FDRE                                         r  Slow_Clk_Gen/out_clk_reg/D
  -------------------------------------------------------------------    -------------------

                         (clock sys_clk_pin rise edge)
                                                      0.000     0.000 r  
    K17                                               0.000     0.000 r  clk (IN)
                         net (fo=0)                   0.000     0.000    clk
    K17                  IBUF (Prop_ibuf_I_O)         0.447     0.447 r  clk_IBUF_inst/O
                         net (fo=1, routed)           0.683     1.130    clk_IBUF
    BUFGCTRL_X0Y16       BUFG (Prop_bufg_I_O)         0.029     1.159 r  clk_IBUF_BUFG_inst/O
                         net (fo=175, routed)         0.864     2.023    Slow_Clk_Gen/clk_IBUF_BUFG
    SLICE_X40Y48         FDRE                                         r  Slow_Clk_Gen/out_clk_reg/C
                         clock pessimism             -0.247     1.777    
    SLICE_X40Y48         FDRE (Hold_fdre_C_D)         0.091     1.868    Slow_Clk_Gen/out_clk_reg
  -------------------------------------------------------------------
                         required time                         -1.868    
                         arrival time                           1.998    
  -------------------------------------------------------------------
                         slack                                  0.131    

Slack (MET) :             0.144ns  (arrival time - required time)
  Source:                 Slow_Clk_Gen/contador_reg[26]/C
                            (rising edge-triggered cell FDRE clocked by sys_clk_pin  {rise@0.000ns fall@4.000ns period=8.000ns})
  Destination:            Slow_Clk_Gen/contador_reg[29]/D
                            (rising edge-triggered cell FDRE clocked by sys_clk_pin  {rise@0.000ns fall@4.000ns period=8.000ns})
  Path Group:             sys_clk_pin
  Path Type:              Hold (Min at Fast Process Corner)
  Requirement:            0.000ns  (sys_clk_pin rise@0.000ns - sys_clk_pin rise@0.000ns)
  Data Path Delay:        0.513ns  (logic 0.391ns (76.178%)  route 0.122ns (23.822%))
  Logic Levels:           2  (CARRY4=2)
  Clock Path Skew:        0.264ns (DCD - SCD - CPR)
    Destination Clock Delay (DCD):    2.016ns
    Source Clock Delay      (SCD):    1.505ns
    Clock Pessimism Removal (CPR):    0.247ns

    Location             Delay type                Incr(ns)  Path(ns)    Netlist Resource(s)
  -------------------------------------------------------------------    -------------------
                         (clock sys_clk_pin rise edge)
                                                      0.000     0.000 r  
    K17                                               0.000     0.000 r  clk (IN)
                         net (fo=0)                   0.000     0.000    clk
    K17                  IBUF (Prop_ibuf_I_O)         0.259     0.259 r  clk_IBUF_inst/O
                         net (fo=1, routed)           0.627     0.887    clk_IBUF
    BUFGCTRL_X0Y16       BUFG (Prop_bufg_I_O)         0.026     0.913 r  clk_IBUF_BUFG_inst/O
                         net (fo=175, routed)         0.593     1.505    Slow_Clk_Gen/clk_IBUF_BUFG
    SLICE_X39Y49         FDRE                                         r  Slow_Clk_Gen/contador_reg[26]/C
  -------------------------------------------------------------------    -------------------
    SLICE_X39Y49         FDRE (Prop_fdre_C_Q)         0.141     1.646 r  Slow_Clk_Gen/contador_reg[26]/Q
                         net (fo=2, routed)           0.122     1.768    Slow_Clk_Gen/contador_reg[26]
    SLICE_X39Y49         CARRY4 (Prop_carry4_S[2]_CO[3])
                                                      0.160     1.928 r  Slow_Clk_Gen/contador_reg[24]_i_1/CO[3]
                         net (fo=1, routed)           0.001     1.928    Slow_Clk_Gen/contador_reg[24]_i_1_n_0
    SLICE_X39Y50         CARRY4 (Prop_carry4_CI_O[1])
                                                      0.090     2.018 r  Slow_Clk_Gen/contador_reg[28]_i_1/O[1]
                         net (fo=1, routed)           0.000     2.018    Slow_Clk_Gen/contador_reg[28]_i_1_n_6
    SLICE_X39Y50         FDRE                                         r  Slow_Clk_Gen/contador_reg[29]/D
  -------------------------------------------------------------------    -------------------

                         (clock sys_clk_pin rise edge)
                                                      0.000     0.000 r  
    K17                                               0.000     0.000 r  clk (IN)
                         net (fo=0)                   0.000     0.000    clk
    K17                  IBUF (Prop_ibuf_I_O)         0.447     0.447 r  clk_IBUF_inst/O
                         net (fo=1, routed)           0.683     1.130    clk_IBUF
    BUFGCTRL_X0Y16       BUFG (Prop_bufg_I_O)         0.029     1.159 r  clk_IBUF_BUFG_inst/O
                         net (fo=175, routed)         0.857     2.016    Slow_Clk_Gen/clk_IBUF_BUFG
    SLICE_X39Y50         FDRE                                         r  Slow_Clk_Gen/contador_reg[29]/C
                         clock pessimism             -0.247     1.770    
    SLICE_X39Y50         FDRE (Hold_fdre_C_D)         0.105     1.875    Slow_Clk_Gen/contador_reg[29]
  -------------------------------------------------------------------
                         required time                         -1.875    
                         arrival time                           2.018    
  -------------------------------------------------------------------
                         slack                                  0.144    

Slack (MET) :             0.144ns  (arrival time - required time)
  Source:                 Slow_Clk_Gen/contador_reg[26]/C
                            (rising edge-triggered cell FDRE clocked by sys_clk_pin  {rise@0.000ns fall@4.000ns period=8.000ns})
  Destination:            Slow_Clk_Gen/contador_reg[31]/D
                            (rising edge-triggered cell FDRE clocked by sys_clk_pin  {rise@0.000ns fall@4.000ns period=8.000ns})
  Path Group:             sys_clk_pin
  Path Type:              Hold (Min at Fast Process Corner)
  Requirement:            0.000ns  (sys_clk_pin rise@0.000ns - sys_clk_pin rise@0.000ns)
  Data Path Delay:        0.513ns  (logic 0.391ns (76.178%)  route 0.122ns (23.822%))
  Logic Levels:           2  (CARRY4=2)
  Clock Path Skew:        0.264ns (DCD - SCD - CPR)
    Destination Clock Delay (DCD):    2.016ns
    Source Clock Delay      (SCD):    1.505ns
    Clock Pessimism Removal (CPR):    0.247ns

    Location             Delay type                Incr(ns)  Path(ns)    Netlist Resource(s)
  -------------------------------------------------------------------    -------------------
                         (clock sys_clk_pin rise edge)
                                                      0.000     0.000 r  
    K17                                               0.000     0.000 r  clk (IN)
                         net (fo=0)                   0.000     0.000    clk
    K17                  IBUF (Prop_ibuf_I_O)         0.259     0.259 r  clk_IBUF_inst/O
                         net (fo=1, routed)           0.627     0.887    clk_IBUF
    BUFGCTRL_X0Y16       BUFG (Prop_bufg_I_O)         0.026     0.913 r  clk_IBUF_BUFG_inst/O
                         net (fo=175, routed)         0.593     1.505    Slow_Clk_Gen/clk_IBUF_BUFG
    SLICE_X39Y49         FDRE                                         r  Slow_Clk_Gen/contador_reg[26]/C
  -------------------------------------------------------------------    -------------------
    SLICE_X39Y49         FDRE (Prop_fdre_C_Q)         0.141     1.646 r  Slow_Clk_Gen/contador_reg[26]/Q
                         net (fo=2, routed)           0.122     1.768    Slow_Clk_Gen/contador_reg[26]
    SLICE_X39Y49         CARRY4 (Prop_carry4_S[2]_CO[3])
                                                      0.160     1.928 r  Slow_Clk_Gen/contador_reg[24]_i_1/CO[3]
                         net (fo=1, routed)           0.001     1.928    Slow_Clk_Gen/contador_reg[24]_i_1_n_0
    SLICE_X39Y50         CARRY4 (Prop_carry4_CI_O[3])
                                                      0.090     2.018 r  Slow_Clk_Gen/contador_reg[28]_i_1/O[3]
                         net (fo=1, routed)           0.000     2.018    Slow_Clk_Gen/contador_reg[28]_i_1_n_4
    SLICE_X39Y50         FDRE                                         r  Slow_Clk_Gen/contador_reg[31]/D
  -------------------------------------------------------------------    -------------------

                         (clock sys_clk_pin rise edge)
                                                      0.000     0.000 r  
    K17                                               0.000     0.000 r  clk (IN)
                         net (fo=0)                   0.000     0.000    clk
    K17                  IBUF (Prop_ibuf_I_O)         0.447     0.447 r  clk_IBUF_inst/O
                         net (fo=1, routed)           0.683     1.130    clk_IBUF
    BUFGCTRL_X0Y16       BUFG (Prop_bufg_I_O)         0.029     1.159 r  clk_IBUF_BUFG_inst/O
                         net (fo=175, routed)         0.857     2.016    Slow_Clk_Gen/clk_IBUF_BUFG
    SLICE_X39Y50         FDRE                                         r  Slow_Clk_Gen/contador_reg[31]/C
                         clock pessimism             -0.247     1.770    
    SLICE_X39Y50         FDRE (Hold_fdre_C_D)         0.105     1.875    Slow_Clk_Gen/contador_reg[31]
  -------------------------------------------------------------------
                         required time                         -1.875    
                         arrival time                           2.018    
  -------------------------------------------------------------------
                         slack                                  0.144    

Slack (MET) :             0.154ns  (arrival time - required time)
  Source:                 RGB_Control/FSM_sequential_estado_color_reg[1]/C
                            (rising edge-triggered cell FDRE clocked by sys_clk_pin  {rise@0.000ns fall@4.000ns period=8.000ns})
  Destination:            RGB_Control/led_reg[2]/D
                            (rising edge-triggered cell FDRE clocked by sys_clk_pin  {rise@0.000ns fall@4.000ns period=8.000ns})
  Path Group:             sys_clk_pin
  Path Type:              Hold (Min at Fast Process Corner)
  Requirement:            0.000ns  (sys_clk_pin rise@0.000ns - sys_clk_pin rise@0.000ns)
  Data Path Delay:        0.298ns  (logic 0.189ns (63.357%)  route 0.109ns (36.643%))
  Logic Levels:           1  (LUT2=1)
  Clock Path Skew:        0.013ns (DCD - SCD - CPR)
    Destination Clock Delay (DCD):    2.011ns
    Source Clock Delay      (SCD):    1.496ns
    Clock Pessimism Removal (CPR):    0.502ns

    Location             Delay type                Incr(ns)  Path(ns)    Netlist Resource(s)
  -------------------------------------------------------------------    -------------------
                         (clock sys_clk_pin rise edge)
                                                      0.000     0.000 r  
    K17                                               0.000     0.000 r  clk (IN)
                         net (fo=0)                   0.000     0.000    clk
    K17                  IBUF (Prop_ibuf_I_O)         0.259     0.259 r  clk_IBUF_inst/O
                         net (fo=1, routed)           0.627     0.887    clk_IBUF
    BUFGCTRL_X0Y16       BUFG (Prop_bufg_I_O)         0.026     0.913 r  clk_IBUF_BUFG_inst/O
                         net (fo=175, routed)         0.584     1.496    RGB_Control/clk_IBUF_BUFG
    SLICE_X43Y65         FDRE                                         r  RGB_Control/FSM_sequential_estado_color_reg[1]/C
  -------------------------------------------------------------------    -------------------
    SLICE_X43Y65         FDRE (Prop_fdre_C_Q)         0.141     1.637 r  RGB_Control/FSM_sequential_estado_color_reg[1]/Q
                         net (fo=4, routed)           0.109     1.747    RGB_Control/estado_color[1]
    SLICE_X42Y65         LUT2 (Prop_lut2_I1_O)        0.048     1.795 r  RGB_Control/led[2]_i_2/O
                         net (fo=1, routed)           0.000     1.795    RGB_Control/color_actual[2]
    SLICE_X42Y65         FDRE                                         r  RGB_Control/led_reg[2]/D
  -------------------------------------------------------------------    -------------------

                         (clock sys_clk_pin rise edge)
                                                      0.000     0.000 r  
    K17                                               0.000     0.000 r  clk (IN)
                         net (fo=0)                   0.000     0.000    clk
    K17                  IBUF (Prop_ibuf_I_O)         0.447     0.447 r  clk_IBUF_inst/O
                         net (fo=1, routed)           0.683     1.130    clk_IBUF
    BUFGCTRL_X0Y16       BUFG (Prop_bufg_I_O)         0.029     1.159 r  clk_IBUF_BUFG_inst/O
                         net (fo=175, routed)         0.852     2.011    RGB_Control/clk_IBUF_BUFG
    SLICE_X42Y65         FDRE                                         r  RGB_Control/led_reg[2]/C
                         clock pessimism             -0.502     1.509    
    SLICE_X42Y65         FDRE (Hold_fdre_C_D)         0.131     1.640    RGB_Control/led_reg[2]
  -------------------------------------------------------------------
                         required time                         -1.640    
                         arrival time                           1.795    
  -------------------------------------------------------------------
                         slack                                  0.154    

Slack (MET) :             0.162ns  (arrival time - required time)
  Source:                 RGB_Control/FSM_sequential_estado_color_reg[1]/C
                            (rising edge-triggered cell FDRE clocked by sys_clk_pin  {rise@0.000ns fall@4.000ns period=8.000ns})
  Destination:            RGB_Control/led_reg[1]/D
                            (rising edge-triggered cell FDRE clocked by sys_clk_pin  {rise@0.000ns fall@4.000ns period=8.000ns})
  Path Group:             sys_clk_pin
  Path Type:              Hold (Min at Fast Process Corner)
  Requirement:            0.000ns  (sys_clk_pin rise@0.000ns - sys_clk_pin rise@0.000ns)
  Data Path Delay:        0.295ns  (logic 0.186ns (62.984%)  route 0.109ns (37.016%))
  Logic Levels:           1  (LUT1=1)
  Clock Path Skew:        0.013ns (DCD - SCD - CPR)
    Destination Clock Delay (DCD):    2.011ns
    Source Clock Delay      (SCD):    1.496ns
    Clock Pessimism Removal (CPR):    0.502ns

    Location             Delay type                Incr(ns)  Path(ns)    Netlist Resource(s)
  -------------------------------------------------------------------    -------------------
                         (clock sys_clk_pin rise edge)
                                                      0.000     0.000 r  
    K17                                               0.000     0.000 r  clk (IN)
                         net (fo=0)                   0.000     0.000    clk
    K17                  IBUF (Prop_ibuf_I_O)         0.259     0.259 r  clk_IBUF_inst/O
                         net (fo=1, routed)           0.627     0.887    clk_IBUF
    BUFGCTRL_X0Y16       BUFG (Prop_bufg_I_O)         0.026     0.913 r  clk_IBUF_BUFG_inst/O
                         net (fo=175, routed)         0.584     1.496    RGB_Control/clk_IBUF_BUFG
    SLICE_X43Y65         FDRE                                         r  RGB_Control/FSM_sequential_estado_color_reg[1]/C
  -------------------------------------------------------------------    -------------------
    SLICE_X43Y65         FDRE (Prop_fdre_C_Q)         0.141     1.637 f  RGB_Control/FSM_sequential_estado_color_reg[1]/Q
                         net (fo=4, routed)           0.109     1.747    RGB_Control/estado_color[1]
    SLICE_X42Y65         LUT1 (Prop_lut1_I0_O)        0.045     1.792 r  RGB_Control/led[1]_i_1/O
                         net (fo=1, routed)           0.000     1.792    RGB_Control/color_actual[1]
    SLICE_X42Y65         FDRE                                         r  RGB_Control/led_reg[1]/D
  -------------------------------------------------------------------    -------------------

                         (clock sys_clk_pin rise edge)
                                                      0.000     0.000 r  
    K17                                               0.000     0.000 r  clk (IN)
                         net (fo=0)                   0.000     0.000    clk
    K17                  IBUF (Prop_ibuf_I_O)         0.447     0.447 r  clk_IBUF_inst/O
                         net (fo=1, routed)           0.683     1.130    clk_IBUF
    BUFGCTRL_X0Y16       BUFG (Prop_bufg_I_O)         0.029     1.159 r  clk_IBUF_BUFG_inst/O
                         net (fo=175, routed)         0.852     2.011    RGB_Control/clk_IBUF_BUFG
    SLICE_X42Y65         FDRE                                         r  RGB_Control/led_reg[1]/C
                         clock pessimism             -0.502     1.509    
    SLICE_X42Y65         FDRE (Hold_fdre_C_D)         0.120     1.629    RGB_Control/led_reg[1]
  -------------------------------------------------------------------
                         required time                         -1.629    
                         arrival time                           1.792    
  -------------------------------------------------------------------
                         slack                                  0.162    

Slack (MET) :             0.179ns  (arrival time - required time)
  Source:                 RGB_Control/pwm_counter_reg[2]/C
                            (rising edge-triggered cell FDRE clocked by sys_clk_pin  {rise@0.000ns fall@4.000ns period=8.000ns})
  Destination:            RGB_Control/pwm_counter_reg[4]/D
                            (rising edge-triggered cell FDRE clocked by sys_clk_pin  {rise@0.000ns fall@4.000ns period=8.000ns})
  Path Group:             sys_clk_pin
  Path Type:              Hold (Min at Fast Process Corner)
  Requirement:            0.000ns  (sys_clk_pin rise@0.000ns - sys_clk_pin rise@0.000ns)
  Data Path Delay:        0.299ns  (logic 0.190ns (63.569%)  route 0.109ns (36.431%))
  Logic Levels:           1  (LUT5=1)
  Clock Path Skew:        0.013ns (DCD - SCD - CPR)
    Destination Clock Delay (DCD):    2.008ns
    Source Clock Delay      (SCD):    1.493ns
    Clock Pessimism Removal (CPR):    0.502ns

    Location             Delay type                Incr(ns)  Path(ns)    Netlist Resource(s)
  -------------------------------------------------------------------    -------------------
                         (clock sys_clk_pin rise edge)
                                                      0.000     0.000 r  
    K17                                               0.000     0.000 r  clk (IN)
                         net (fo=0)                   0.000     0.000    clk
    K17                  IBUF (Prop_ibuf_I_O)         0.259     0.259 r  clk_IBUF_inst/O
                         net (fo=1, routed)           0.627     0.887    clk_IBUF
    BUFGCTRL_X0Y16       BUFG (Prop_bufg_I_O)         0.026     0.913 r  clk_IBUF_BUFG_inst/O
                         net (fo=175, routed)         0.581     1.493    RGB_Control/clk_IBUF_BUFG
    SLICE_X40Y68         FDRE                                         r  RGB_Control/pwm_counter_reg[2]/C
  -------------------------------------------------------------------    -------------------
    SLICE_X40Y68         FDRE (Prop_fdre_C_Q)         0.141     1.634 r  RGB_Control/pwm_counter_reg[2]/Q
                         net (fo=5, routed)           0.109     1.743    RGB_Control/pwm_counter_reg_n_0_[2]
    SLICE_X41Y68         LUT5 (Prop_lut5_I3_O)        0.049     1.792 r  RGB_Control/pwm_counter[4]_i_1/O
                         net (fo=1, routed)           0.000     1.792    RGB_Control/plusOp[4]
    SLICE_X41Y68         FDRE                                         r  RGB_Control/pwm_counter_reg[4]/D
  -------------------------------------------------------------------    -------------------

                         (clock sys_clk_pin rise edge)
                                                      0.000     0.000 r  
    K17                                               0.000     0.000 r  clk (IN)
                         net (fo=0)                   0.000     0.000    clk
    K17                  IBUF (Prop_ibuf_I_O)         0.447     0.447 r  clk_IBUF_inst/O
                         net (fo=1, routed)           0.683     1.130    clk_IBUF
    BUFGCTRL_X0Y16       BUFG (Prop_bufg_I_O)         0.029     1.159 r  clk_IBUF_BUFG_inst/O
                         net (fo=175, routed)         0.849     2.008    RGB_Control/clk_IBUF_BUFG
    SLICE_X41Y68         FDRE                                         r  RGB_Control/pwm_counter_reg[4]/C
                         clock pessimism             -0.502     1.506    
    SLICE_X41Y68         FDRE (Hold_fdre_C_D)         0.107     1.613    RGB_Control/pwm_counter_reg[4]
  -------------------------------------------------------------------
                         required time                         -1.613    
                         arrival time                           1.792    
  -------------------------------------------------------------------
                         slack                                  0.179    

Slack (MET) :             0.190ns  (arrival time - required time)
  Source:                 RGB_Control/pwm_counter_reg[2]/C
                            (rising edge-triggered cell FDRE clocked by sys_clk_pin  {rise@0.000ns fall@4.000ns period=8.000ns})
  Destination:            RGB_Control/pwm_counter_reg[3]/D
                            (rising edge-triggered cell FDRE clocked by sys_clk_pin  {rise@0.000ns fall@4.000ns period=8.000ns})
  Path Group:             sys_clk_pin
  Path Type:              Hold (Min at Fast Process Corner)
  Requirement:            0.000ns  (sys_clk_pin rise@0.000ns - sys_clk_pin rise@0.000ns)
  Data Path Delay:        0.295ns  (logic 0.186ns (63.075%)  route 0.109ns (36.925%))
  Logic Levels:           1  (LUT4=1)
  Clock Path Skew:        0.013ns (DCD - SCD - CPR)
    Destination Clock Delay (DCD):    2.008ns
    Source Clock Delay      (SCD):    1.493ns
    Clock Pessimism Removal (CPR):    0.502ns

    Location             Delay type                Incr(ns)  Path(ns)    Netlist Resource(s)
  -------------------------------------------------------------------    -------------------
                         (clock sys_clk_pin rise edge)
                                                      0.000     0.000 r  
    K17                                               0.000     0.000 r  clk (IN)
                         net (fo=0)                   0.000     0.000    clk
    K17                  IBUF (Prop_ibuf_I_O)         0.259     0.259 r  clk_IBUF_inst/O
                         net (fo=1, routed)           0.627     0.887    clk_IBUF
    BUFGCTRL_X0Y16       BUFG (Prop_bufg_I_O)         0.026     0.913 r  clk_IBUF_BUFG_inst/O
                         net (fo=175, routed)         0.581     1.493    RGB_Control/clk_IBUF_BUFG
    SLICE_X40Y68         FDRE                                         r  RGB_Control/pwm_counter_reg[2]/C
  -------------------------------------------------------------------    -------------------
    SLICE_X40Y68         FDRE (Prop_fdre_C_Q)         0.141     1.634 r  RGB_Control/pwm_counter_reg[2]/Q
                         net (fo=5, routed)           0.109     1.743    RGB_Control/pwm_counter_reg_n_0_[2]
    SLICE_X41Y68         LUT4 (Prop_lut4_I2_O)        0.045     1.788 r  RGB_Control/pwm_counter[3]_i_1/O
                         net (fo=1, routed)           0.000     1.788    RGB_Control/plusOp[3]
    SLICE_X41Y68         FDRE                                         r  RGB_Control/pwm_counter_reg[3]/D
  -------------------------------------------------------------------    -------------------

                         (clock sys_clk_pin rise edge)
                                                      0.000     0.000 r  
    K17                                               0.000     0.000 r  clk (IN)
                         net (fo=0)                   0.000     0.000    clk
    K17                  IBUF (Prop_ibuf_I_O)         0.447     0.447 r  clk_IBUF_inst/O
                         net (fo=1, routed)           0.683     1.130    clk_IBUF
    BUFGCTRL_X0Y16       BUFG (Prop_bufg_I_O)         0.029     1.159 r  clk_IBUF_BUFG_inst/O
                         net (fo=175, routed)         0.849     2.008    RGB_Control/clk_IBUF_BUFG
    SLICE_X41Y68         FDRE                                         r  RGB_Control/pwm_counter_reg[3]/C
                         clock pessimism             -0.502     1.506    
    SLICE_X41Y68         FDRE (Hold_fdre_C_D)         0.092     1.598    RGB_Control/pwm_counter_reg[3]
  -------------------------------------------------------------------
                         required time                         -1.598    
                         arrival time                           1.788    
  -------------------------------------------------------------------
                         slack                                  0.190    

Slack (MET) :             0.190ns  (arrival time - required time)
  Source:                 enable_random_reg/C
                            (rising edge-triggered cell FDRE clocked by sys_clk_pin  {rise@0.000ns fall@4.000ns period=8.000ns})
  Destination:            Random_Gen/lfsr_state_reg[3]/CE
                            (rising edge-triggered cell FDRE clocked by sys_clk_pin  {rise@0.000ns fall@4.000ns period=8.000ns})
  Path Group:             sys_clk_pin
  Path Type:              Hold (Min at Fast Process Corner)
  Requirement:            0.000ns  (sys_clk_pin rise@0.000ns - sys_clk_pin rise@0.000ns)
  Data Path Delay:        0.427ns  (logic 0.141ns (33.040%)  route 0.286ns (66.960%))
  Logic Levels:           0  
  Clock Path Skew:        0.275ns (DCD - SCD - CPR)
    Destination Clock Delay (DCD):    2.023ns
    Source Clock Delay      (SCD):    1.501ns
    Clock Pessimism Removal (CPR):    0.247ns

    Location             Delay type                Incr(ns)  Path(ns)    Netlist Resource(s)
  -------------------------------------------------------------------    -------------------
                         (clock sys_clk_pin rise edge)
                                                      0.000     0.000 r  
    K17                                               0.000     0.000 r  clk (IN)
                         net (fo=0)                   0.000     0.000    clk
    K17                  IBUF (Prop_ibuf_I_O)         0.259     0.259 r  clk_IBUF_inst/O
                         net (fo=1, routed)           0.627     0.887    clk_IBUF
    BUFGCTRL_X0Y16       BUFG (Prop_bufg_I_O)         0.026     0.913 r  clk_IBUF_BUFG_inst/O
                         net (fo=175, routed)         0.589     1.501    clk_IBUF_BUFG
    SLICE_X43Y51         FDRE                                         r  enable_random_reg/C
  -------------------------------------------------------------------    -------------------
    SLICE_X43Y51         FDRE (Prop_fdre_C_Q)         0.141     1.642 r  enable_random_reg/Q
                         net (fo=21, routed)          0.286     1.928    Random_Gen/lfsr_state_reg[3]_0
    SLICE_X41Y49         FDRE                                         r  Random_Gen/lfsr_state_reg[3]/CE
  -------------------------------------------------------------------    -------------------

                         (clock sys_clk_pin rise edge)
                                                      0.000     0.000 r  
    K17                                               0.000     0.000 r  clk (IN)
                         net (fo=0)                   0.000     0.000    clk
    K17                  IBUF (Prop_ibuf_I_O)         0.447     0.447 r  clk_IBUF_inst/O
                         net (fo=1, routed)           0.683     1.130    clk_IBUF
    BUFGCTRL_X0Y16       BUFG (Prop_bufg_I_O)         0.029     1.159 r  clk_IBUF_BUFG_inst/O
                         net (fo=175, routed)         0.864     2.023    Random_Gen/clk_IBUF_BUFG
    SLICE_X41Y49         FDRE                                         r  Random_Gen/lfsr_state_reg[3]/C
                         clock pessimism             -0.247     1.777    
    SLICE_X41Y49         FDRE (Hold_fdre_C_CE)       -0.039     1.738    Random_Gen/lfsr_state_reg[3]
  -------------------------------------------------------------------
                         required time                         -1.738    
                         arrival time                           1.928    
  -------------------------------------------------------------------
                         slack                                  0.190    





Pulse Width Checks
--------------------------------------------------------------------------------------
Clock Name:         sys_clk_pin
Waveform(ns):       { 0.000 4.000 }
Period(ns):         8.000
Sources:            { clk }

Check Type        Corner  Lib Pin  Reference Pin  Required(ns)  Actual(ns)  Slack(ns)  Location        Pin
Min Period        n/a     BUFG/I   n/a            2.155         8.000       5.845      BUFGCTRL_X0Y16  clk_IBUF_BUFG_inst/I
Min Period        n/a     FDRE/C   n/a            1.000         8.000       7.000      SLICE_X43Y52    FSM_onehot_estado_reg[0]/C
Min Period        n/a     FDRE/C   n/a            1.000         8.000       7.000      SLICE_X43Y52    FSM_onehot_estado_reg[1]/C
Min Period        n/a     FDRE/C   n/a            1.000         8.000       7.000      SLICE_X43Y52    FSM_onehot_estado_reg[2]/C
Min Period        n/a     FDRE/C   n/a            1.000         8.000       7.000      SLICE_X43Y52    FSM_onehot_estado_reg[3]/C
Min Period        n/a     FDRE/C   n/a            1.000         8.000       7.000      SLICE_X43Y54    FSM_onehot_estado_reg[4]/C
Min Period        n/a     FDRE/C   n/a            1.000         8.000       7.000      SLICE_X43Y54    FSM_onehot_estado_reg[5]/C
Min Period        n/a     FDRE/C   n/a            1.000         8.000       7.000      SLICE_X43Y54    FSM_onehot_estado_reg[6]/C
Min Period        n/a     FDRE/C   n/a            1.000         8.000       7.000      SLICE_X43Y65    RGB_Control/FSM_sequential_estado_color_reg[0]/C
Min Period        n/a     FDRE/C   n/a            1.000         8.000       7.000      SLICE_X43Y65    RGB_Control/FSM_sequential_estado_color_reg[1]/C
Low Pulse Width   Fast    FDRE/C   n/a            0.500         4.000       3.500      SLICE_X43Y52    FSM_onehot_estado_reg[0]/C
Low Pulse Width   Fast    FDRE/C   n/a            0.500         4.000       3.500      SLICE_X43Y52    FSM_onehot_estado_reg[1]/C
Low Pulse Width   Fast    FDRE/C   n/a            0.500         4.000       3.500      SLICE_X43Y52    FSM_onehot_estado_reg[2]/C
Low Pulse Width   Fast    FDRE/C   n/a            0.500         4.000       3.500      SLICE_X43Y52    FSM_onehot_estado_reg[3]/C
Low Pulse Width   Fast    FDRE/C   n/a            0.500         4.000       3.500      SLICE_X42Y50    Start_Debouncer/pulsos_reg[1]/C
Low Pulse Width   Fast    FDRE/C   n/a            0.500         4.000       3.500      SLICE_X42Y50    Start_Debouncer/pulsos_reg[2]/C
Low Pulse Width   Fast    FDRE/C   n/a            0.500         4.000       3.500      SLICE_X42Y50    Start_Debouncer/pulsos_reg[3]/C
Low Pulse Width   Fast    FDRE/C   n/a            0.500         4.000       3.500      SLICE_X42Y50    Start_Debouncer/pulsos_reg[4]/C
Low Pulse Width   Fast    FDRE/C   n/a            0.500         4.000       3.500      SLICE_X42Y50    Start_Debouncer/pulsos_reg[5]/C
Low Pulse Width   Fast    FDRE/C   n/a            0.500         4.000       3.500      SLICE_X42Y50    Start_Debouncer/pulsos_reg[6]/C
High Pulse Width  Fast    FDRE/C   n/a            0.500         4.000       3.500      SLICE_X43Y52    FSM_onehot_estado_reg[0]/C
High Pulse Width  Fast    FDRE/C   n/a            0.500         4.000       3.500      SLICE_X43Y52    FSM_onehot_estado_reg[1]/C
High Pulse Width  Fast    FDRE/C   n/a            0.500         4.000       3.500      SLICE_X43Y52    FSM_onehot_estado_reg[2]/C
High Pulse Width  Fast    FDRE/C   n/a            0.500         4.000       3.500      SLICE_X43Y52    FSM_onehot_estado_reg[3]/C
High Pulse Width  Fast    FDRE/C   n/a            0.500         4.000       3.500      SLICE_X43Y54    FSM_onehot_estado_reg[4]/C
High Pulse Width  Fast    FDRE/C   n/a            0.500         4.000       3.500      SLICE_X43Y54    FSM_onehot_estado_reg[5]/C
High Pulse Width  Fast    FDRE/C   n/a            0.500         4.000       3.500      SLICE_X43Y54    FSM_onehot_estado_reg[6]/C
High Pulse Width  Slow    FDRE/C   n/a            0.500         4.000       3.500      SLICE_X43Y65    RGB_Control/FSM_sequential_estado_color_reg[0]/C
High Pulse Width  Slow    FDRE/C   n/a            0.500         4.000       3.500      SLICE_X43Y65    RGB_Control/FSM_sequential_estado_color_reg[1]/C
High Pulse Width  Slow    FDRE/C   n/a            0.500         4.000       3.500      SLICE_X39Y62    RGB_Control/clk_counter_reg[9]/C



